code_com,code_dept,commune,demandeurs_emploi_homme
02001,02,Abbécourt,16
02002,02,Achery,15
02003,02,Acy,19
02004,02,Agnicourt-et-Séchelles,7
02005,02,Aguilcourt,10
02006,02,Aisonville-et-Bernoville,7
02007,02,Aizelles,
02008,02,Aizy-Jouy,5
02009,02,Alaincourt,11
02010,02,Allemant,
02011,02,Ambleny,26
02012,02,Ambrief,
02013,02,Amifontaine,9
02014,02,Amigny-Rouy,23
02015,02,Ancienville,
02016,02,Andelain,
02017,02,Anguilcourt-le-Sart,
02018,02,Anizy-le-Château,44
02019,02,Annois,11
02020,02,Any-Martin-Rieux,
02021,02,Archon,
02022,02,Arcy-Sainte-Restitue,7
02023,02,Armentières-sur-Ourcq,
02024,02,Arrancy,
02025,02,Artemps,7
02026,02,Artonges,
02027,02,Assis-sur-Serre,5
02028,02,Athies-sous-Laon,52
02029,02,Attilly,7
02030,02,Aubencheul-aux-Bois,5
02031,02,Aubenton,24
02032,02,Aubigny-aux-Kaisnes,13
02033,02,Aubigny-en-Laonnois,
02034,02,Audignicourt,
02035,02,Audigny,
02036,02,Augy,
02037,02,Aulnois-sous-Laon,34
02038,02,Les Autels,
02039,02,Autremencourt,
02040,02,Autreppes,
02041,02,Autreville,22
02042,02,Azy-sur-Marne,6
02043,02,Bagneux,0
02044,02,Bancigny,0
02046,02,Barenton-Bugny,10
02047,02,Barenton-Cel,
02048,02,Barenton-sur-Serre,
02049,02,Barisis-aux-Bois,14
02050,02,Barzy-en-Thiérache,6
02051,02,Barzy-sur-Marne,5
02052,02,Bassoles-Aulers,
02053,02,Baulne-en-Brie,
02054,02,Bazoches-sur-Vesles,9
02055,02,Beaumé,
02056,02,Beaumont-en-Beine,
02057,02,Beaurevoir,35
02058,02,Beaurieux,21
02059,02,Beautor,105
02060,02,Beauvois-en-Vermandois,
02061,02,Becquigny,5
02062,02,Belleau,6
02063,02,Bellenglise,11
02064,02,Belleu,107
02065,02,Bellicourt,23
02066,02,Benay,
02067,02,Bergues-sur-Sambre,
02068,02,Berlancourt,
02069,02,Berlise,
02070,02,Bernot,5
02071,02,Berny-Rivière,19
02072,02,Berrieux,8
02073,02,Berry-au-Bac,11
02074,02,Bertaucourt-Epourdon,11
02075,02,Berthenicourt,10
02076,02,Bertricourt,
02077,02,Berzy-le-Sec,8
02078,02,Besmé,
02079,02,Besmont,
02080,02,Besny-et-Loizy,12
02081,02,Béthancourt-en-Vaux,7
02082,02,Beugneux,
02083,02,Beuvardes,20
02084,02,Bézu-le-Guéry,
02085,02,Bézu-Saint-Germain,21
02086,02,Bichancourt,25
02087,02,Bieuxy,
02088,02,Bièvres,
02089,02,Billy-sur-Aisne,28
02090,02,Billy-sur-Ourcq,
02091,02,Blanzy-lès-Fismes,
02093,02,Blérancourt,25
02094,02,Blesmes,
02095,02,Bohain-en-Vermandois,273
02096,02,Bois-lès-Pargny,
02097,02,Boncourt,5
02098,02,Bonneil,7
02099,02,Bonnesvalyn,
02100,02,Bony,
02101,02,Bosmont-sur-Serre,
02102,02,Bouconville-Vauclair,
02103,02,Boué,36
02104,02,Bouffignereux,
02105,02,Bouresches,5
02106,02,Bourg-et-Comin,19
02107,02,Bourguignon-sous-Coucy,
02108,02,Bourguignon-sous-Montbavin,
02109,02,La Bouteille,13
02110,02,Braine,69
02111,02,Brancourt-en-Laonnois,24
02112,02,Brancourt-le-Grand,16
02114,02,Brasles,27
02115,02,Braye-en-Laonnois,
02116,02,Braye-en-Thiérache,
02117,02,Bray-Saint-Christophe,
02118,02,Braye,
02119,02,Brécy,7
02120,02,Brenelle,
02121,02,Breny,7
02122,02,Brie,5
02123,02,Brissay-Choigny,
02124,02,Brissy-Hamégicourt,14
02125,02,Brumetz,
02126,02,Brunehamel,13
02127,02,Bruyères-sur-Fère,
02128,02,Bruyères-et-Montbérault,29
02129,02,Bruys,
02130,02,Bucilly,
02131,02,Bucy-le-Long,42
02132,02,Bucy-lès-Cerny,7
02133,02,Bucy-lès-Pierrepont,9
02134,02,Buire,27
02135,02,Buironfosse,37
02136,02,Burelles,
02137,02,Bussiares,
02138,02,Buzancy,5
02139,02,Caillouël-Crépigny,7
02140,02,Camelin,10
02141,02,La Capelle,58
02142,02,Castres,
02143,02,Le Catelet,
02144,02,Caulaincourt,
02145,02,Caumont,12
02146,02,Celles-lès-Condé,
02147,02,La Celle-sous-Montmirail,
02148,02,Celles-sur-Aisne,
02149,02,Cerizy,
02150,02,Cerny-en-Laonnois,
02151,02,Cerny-lès-Bucy,
02152,02,Cerseuil,
02153,02,Cessières,10
02154,02,Chacrise,8
02155,02,Chaillevois,
02156,02,Chalandry,6
02157,02,Chambry,14
02158,02,Chamouille,8
02159,02,Champs,
02160,02,Chaourse,21
02161,02,La Chapelle-Monthodon,
02162,02,La Chapelle-sur-Chézy,
02163,02,Charly-sur-Marne,77
02164,02,Le Charmel,5
02165,02,Charmes,33
02166,02,Chartèves,
02167,02,Chassemy,21
02168,02,Château-Thierry,633
02169,02,Châtillon-lès-Sons,
02170,02,Châtillon-sur-Oise,
02171,02,Chaudardes,
02172,02,Chaudun,7
02173,02,Chauny,470
02174,02,Chavignon,18
02175,02,Chavigny,
02176,02,Chavonne,
02177,02,Chérêt,
02178,02,Chermizy-Ailles,
02179,02,Chéry-Chartreuve,6
02180,02,Chéry-lès-Pouilly,14
02181,02,Chéry-lès-Rozoy,6
02182,02,Chevennes,5
02183,02,Chevregny,
02184,02,Chevresis-Monceau,14
02185,02,Chézy-en-Orxois,
02186,02,Chézy-sur-Marne,29
02187,02,Chierry,19
02188,02,Chigny,
02189,02,Chivres-en-Laonnois,11
02190,02,Chivres-Val,15
02191,02,Chivy-lès-Étouvelles,7
02192,02,Chouy,12
02193,02,Cierges,0
02194,02,Cilly,
02195,02,Ciry-Salsogne,14
02196,02,Clacy-et-Thierret,
02197,02,Clairfontaine,5
02198,02,Clamecy,
02199,02,Clastres,15
02200,02,Clermont-les-Fermes,8
02201,02,Cœuvres-et-Valsery,7
02203,02,Coincy,43
02204,02,Coingt,
02205,02,Colligis-Crandelain,
02206,02,Colonfay,
02207,02,Commenchon,
02208,02,Concevreux,
02209,02,Condé-en-Brie,12
02210,02,Condé-sur-Aisne,6
02211,02,Condé-sur-Suippe,
02212,02,Condren,19
02213,02,Connigis,11
02214,02,Contescourt,
02215,02,Corbeny,17
02216,02,Corcy,10
02217,02,Coucy-le-Château-Auffrique,21
02218,02,Coucy-lès-Eppes,11
02219,02,Coucy-la-Ville,
02220,02,Coulonges-Cohan,6
02221,02,Coupru,
02222,02,Courbes,
02223,02,Courboin,0
02224,02,Courcelles-sur-Vesle,13
02225,02,Courchamps,
02226,02,Courmelles,44
02227,02,Courmont,5
02228,02,Courtemont-Varennes,5
02229,02,Courtrizy-et-Fussigny,
02230,02,Couvrelles,
02231,02,Couvron-et-Aumencourt,21
02232,02,Coyolles,6
02233,02,Cramaille,
02234,02,Craonne,
02235,02,Craonnelle,
02236,02,Crécy-au-Mont,10
02237,02,Crécy-sur-Serre,47
02238,02,Crépy,52
02239,02,Crézancy,41
02240,02,Croix-Fonsomme,
02241,02,La Croix-sur-Ourcq,
02242,02,Crouttes-sur-Marne,17
02243,02,Crouy,81
02244,02,Crupilly,
02245,02,Cuffies,46
02246,02,Cugny,12
02248,02,Cuirieux,
02249,02,Cuiry-Housse,
02250,02,Cuiry-lès-Chaudardes,
02251,02,Cuiry-lès-Iviers,
02252,02,Cuissy-et-Geny,
02253,02,Cuisy-en-Almont,
02254,02,Cutry,
02255,02,Cys-la-Commune,6
02256,02,Dagny-Lambercy,
02257,02,Dallon,
02258,02,Dammard,9
02259,02,Dampleux,
02260,02,Danizy,11
02261,02,Dercy,10
02262,02,Deuillet,
02263,02,Dhuizel,
02264,02,Dizy-le-Gros,23
02265,02,Dohis,
02266,02,Dolignon,
02267,02,Dommiers,9
02268,02,Domptin,12
02269,02,Dorengt,
02270,02,Douchy,7
02271,02,Dravegny,
02272,02,Droizy,
02273,02,Dury,
02274,02,Ébouleau,8
02275,02,Effry,17
02276,02,Englancourt,
02277,02,Épagny,10
02278,02,Éparcy,
02279,02,Épaux-Bézu,9
02280,02,Épieds,6
02281,02,L'Épine-aux-Bois,7
02282,02,Eppes,13
02283,02,Erlon,13
02284,02,Erloy,
02286,02,Esquéhéries,16
02287,02,Essigny-le-Grand,18
02288,02,Essigny-le-Petit,5
02289,02,Essises,8
02290,02,Essômes-sur-Marne,74
02291,02,Estrées,8
02292,02,Étampes-sur-Marne,31
02293,02,Étaves-et-Bocquiaux,13
02294,02,Étouvelles,
02295,02,Étréaupont,33
02296,02,Étreillers,24
02297,02,Étrépilly,
02298,02,Étreux,53
02299,02,Évergnicourt,13
02301,02,Faucoucourt,
02302,02,Faverolles,
02303,02,Fayet,11
02304,02,La Fère,162
02305,02,Fère-en-Tardenois,127
02306,02,La Ferté-Chevresis,19
02307,02,La Ferté-Milon,69
02308,02,Fesmy-le-Sart,15
02309,02,Festieux,16
02310,02,Fieulaine,5
02311,02,Filain,
02312,02,La Flamengrie,26
02313,02,Flavigny-le-Grand-et-Beaurain,13
02315,02,Flavy-le-Martel,45
02316,02,Fleury,0
02317,02,Fluquières,5
02318,02,Folembray,37
02319,02,Fonsomme,15
02320,02,Fontaine-lès-Clercs,5
02321,02,Fontaine-lès-Vervins,24
02322,02,Fontaine-Notre-Dame,
02323,02,Fontaine-Uterte,
02324,02,Fontenelle,7
02325,02,Fontenelle-en-Brie,
02326,02,Fontenoy,9
02327,02,Foreste,
02328,02,Fossoy,11
02329,02,Fourdrain,9
02330,02,Francilly-Selency,8
02331,02,Franqueville,
02332,02,Fresnes-en-Tardenois,
02333,02,Fresnes,
02334,02,Fresnoy-le-Grand,92
02335,02,Fressancourt,5
02336,02,Frières-Faillouël,14
02337,02,Froidestrées,
02338,02,Froidmont-Cohartille,8
02339,02,Gandelu,21
02340,02,Gauchy,152
02341,02,Gercy,
02342,02,Gergny,
02343,02,Germaine,
02344,02,Gernicourt,
02345,02,Gibercourt,0
02346,02,Gizy,13
02347,02,Gland,10
02348,02,Glennes,
02349,02,Goudelancourt-lès-Berrieux,0
02350,02,Goudelancourt-lès-Pierrepont,8
02351,02,Goussancourt,
02352,02,Gouy,12
02353,02,Grandlup-et-Fay,10
02354,02,Grandrieux,
02355,02,Gricourt,13
02356,02,Grisolles,5
02357,02,Gronard,
02358,02,Grougis,19
02359,02,Grugies,31
02360,02,Guignicourt,44
02361,02,Guise,249
02362,02,Guivry,
02363,02,Guny,15
02364,02,Guyencourt,
02366,02,Hannapes,10
02367,02,Happencourt,
02368,02,Haramont,11
02369,02,Harcigny,
02370,02,Hargicourt,10
02371,02,Harly,43
02372,02,Hartennes-et-Taux,9
02373,02,Hary,
02374,02,Lehaucourt,20
02375,02,Hautevesnes,
02376,02,Hauteville,
02377,02,Haution,
02378,02,La Hérie,
02379,02,Le Hérie-la-Viéville,
02380,02,Hinacourt,
02381,02,Hirson,510
02382,02,Holnon,31
02383,02,Homblières,40
02384,02,Houry,
02385,02,Housset,
02386,02,Iron,8
02387,02,Itancourt,22
02388,02,Iviers,
02389,02,Jaulgonne,14
02390,02,Jeancourt,7
02391,02,Jeantes,
02392,02,Joncourt,
02393,02,Jouaignes,
02395,02,Jumencourt,
02396,02,Jumigny,
02397,02,Jussy,30
02398,02,Juvigny,
02399,02,Juvincourt-et-Damary,7
02400,02,Laffaux,
02401,02,Laigny,
02402,02,Lanchy,
02403,02,Landifay-et-Bertaignemont,14
02404,02,Landouzy-la-Cour,
02405,02,Landouzy-la-Ville,14
02406,02,Landricourt,
02407,02,Laniscourt,
02408,02,Laon,1195
02409,02,Lappion,9
02410,02,Largny-sur-Automne,
02411,02,Latilly,
02412,02,Launoy,
02413,02,Laval-en-Laonnois,
02414,02,Lavaqueresse,
02415,02,Laversine,
02416,02,Lemé,17
02417,02,Lempire,
02418,02,Lerzy,5
02419,02,Leschelle,
02420,02,Lesdins,9
02421,02,Lesges,
02422,02,Lesquielles-Saint-Germain,26
02423,02,Leuilly-sous-Coucy,10
02424,02,Leury,
02425,02,Leuze,
02426,02,Levergies,11
02427,02,Lhuys,
02428,02,Licy-Clignon,
02429,02,Lierval,
02430,02,Liesse-Notre-Dame,36
02431,02,Liez,9
02432,02,Limé,
02433,02,Lislet,5
02434,02,Lizy,
02435,02,Logny-lès-Aubenton,
02438,02,Longpont,
02439,02,Longueval-Barbonval,19
02440,02,Lor,
02441,02,Louâtre,
02442,02,Loupeigne,
02443,02,Lucy-le-Bocage,
02444,02,Lugny,
02445,02,Luzoir,
02446,02,Ly-Fontaine,0
02447,02,Maast-et-Violaine,
02448,02,Mâchecourt,
02449,02,Macogny,
02450,02,Macquigny,16
02451,02,Magny-la-Fosse,
02452,02,Maissemy,
02453,02,Maizy,8
02454,02,La Malmaison,
02455,02,Malzy,7
02456,02,Manicamp,8
02457,02,Marchais,
02458,02,Marchais-en-Brie,
02459,02,Marcy,
02460,02,Marcy-sous-Marle,
02461,02,Marest-Dampcourt,14
02462,02,Mareuil-en-Dôle,5
02463,02,Marfontaine,
02464,02,Margival,6
02465,02,Marigny-en-Orxois,15
02466,02,Marizy-Sainte-Geneviève,
02467,02,Marizy-Saint-Mard,
02468,02,Marle,103
02469,02,Marly-Gomont,15
02470,02,Martigny,12
02471,02,Martigny-Courpierre,
02472,02,Mauregny-en-Haye,10
02473,02,Mayot,5
02474,02,Mennessis,8
02475,02,Menneville,6
02476,02,Mennevret,19
02477,02,Mercin-et-Vaux,20
02478,02,Merlieux-et-Fouquerolles,
02479,02,Merval,
02480,02,Mesbrecourt-Richecourt,
02481,02,Mesnil-Saint-Laurent,8
02482,02,Meurival,
02483,02,Mézières-sur-Oise,8
02484,02,Mézy-Moulins,14
02485,02,Missy-aux-Bois,
02486,02,Missy-lès-Pierrepont,
02487,02,Missy-sur-Aisne,17
02488,02,Molain,
02489,02,Molinchart,
02490,02,Monampteuil,
02491,02,Monceau-le-Neuf-et-Faucouzy,14
02492,02,Monceau-lès-Leups,
02493,02,Monceau-le-Waast,
02494,02,Monceau-sur-Oise,
02495,02,Mondrepuis,33
02496,02,Monnes,
02497,02,Mons-en-Laonnois,22
02498,02,Montaigu,18
02499,02,Montbavin,
02500,02,Montbrehain,24
02501,02,Montchâlons,
02502,02,Montcornet,72
02503,02,Mont-d'Origny,25
02504,02,Montescourt-Lizerolles,54
02505,02,Montfaucon,5
02506,02,Montgobert,
02507,02,Montgru-Saint-Hilaire,
02508,02,Monthenault,
02509,02,Monthiers,
02510,02,Monthurel,
02511,02,Montigny-en-Arrouaise,10
02512,02,Montigny-l'Allier,6
02513,02,Montigny-le-Franc,7
02514,02,Montigny-Lengrain,21
02515,02,Montigny-lès-Condé,
02516,02,Montigny-sous-Marle,
02517,02,Montigny-sur-Crécy,13
02518,02,Montlevon,13
02519,02,Montloué,
02520,02,Mont-Notre-Dame,15
02521,02,Montreuil-aux-Lions,26
02522,02,Mont-Saint-Jean,
02523,02,Mont-Saint-Martin,
02524,02,Mont-Saint-Père,13
02525,02,Morcourt,12
02526,02,Morgny-en-Thiérache,
02527,02,Morsain,11
02528,02,Mortefontaine,
02529,02,Mortiers,9
02530,02,Moulins,
02531,02,Moussy-Verneuil,
02532,02,Moÿ-de-l'Aisne,34
02533,02,Muret-et-Crouttes,
02534,02,Muscourt,
02535,02,Nampcelles-la-Cour,
02536,02,Nampteuil-sous-Muret,0
02537,02,Nanteuil-la-Fosse,
02538,02,Nanteuil-Notre-Dame,
02539,02,Nauroy,22
02540,02,Nesles-la-Montagne,28
02541,02,Neufchâtel-sur-Aisne,
02542,02,Neuflieux,
02543,02,Neuilly-Saint-Front,65
02544,02,Neuve-Maison,19
02545,02,La Neuville-Bosmont,
02546,02,La Neuville-en-Beine,
02547,02,La Neuville-Housset,
02548,02,La Neuville-lès-Dorengt,10
02549,02,Neuville-Saint-Amand,29
02550,02,Neuville-sur-Ailette,
02551,02,Neuville-sur-Margival,
02552,02,Neuvillette,
02553,02,Nizy-le-Comte,9
02554,02,Nogentel,17
02555,02,Nogent-l'Artaud,61
02556,02,Noircourt,
02557,02,Noroy-sur-Ourcq,
02558,02,Le Nouvion-en-Thiérache,108
02559,02,Nouvion-et-Catillon,13
02560,02,Nouvion-le-Comte,7
02561,02,Nouvion-le-Vineux,
02562,02,Nouvron-Vingré,
02563,02,Noyales,
02564,02,Noyant-et-Aconin,12
02565,02,Œuilly,8
02566,02,Ognes,24
02567,02,Ohis,
02568,02,Oigny-en-Valois,
02569,02,Oisy,21
02570,02,Ollezy,
02571,02,Omissy,13
02572,02,Orainville,7
02573,02,Orgeval,0
02574,02,Origny-en-Thiérache,35
02575,02,Origny-Sainte-Benoite,61
02576,02,Osly-Courtil,8
02577,02,Ostel,
02578,02,Oulches-la-Vallée-Foulon,
02579,02,Oulchy-la-Ville,
02580,02,Oulchy-le-Château,30
02581,02,Paars,7
02582,02,Paissy,
02583,02,Pancy-Courtecon,0
02584,02,Papleux,
02585,02,Parcy-et-Tigny,
02586,02,Parfondeval,
02587,02,Parfondru,
02588,02,Pargnan,
02589,02,Pargny-Filain,6
02590,02,Pargny-la-Dhuys,
02591,02,Pargny-les-Bois,
02592,02,Parpeville,10
02593,02,Pasly,13
02594,02,Passy-en-Valois,
02595,02,Passy-sur-Marne,
02596,02,Pavant,20
02597,02,Perles,
02598,02,Pernant,10
02599,02,Pierremande,12
02600,02,Pierrepont,9
02601,02,Pignicourt,
02602,02,Pinon,66
02604,02,Pithon,
02605,02,Pleine-Selve,
02606,02,Le Plessier-Huleu,
02607,02,Ploisy,
02608,02,Plomion,14
02609,02,Ployart-et-Vaurseine,0
02610,02,Pommiers,15
02612,02,Pont-Arcy,
02613,02,Pontavert,13
02614,02,Pontru,7
02615,02,Pontruet,
02616,02,Pont-Saint-Mard,6
02617,02,Pouilly-sur-Serre,21
02618,02,Prémont,13
02619,02,Prémontré,18
02620,02,Presles-et-Boves,9
02621,02,Presles-et-Thierny,
02622,02,Priez,
02623,02,Prisces,
02624,02,Proisy,14
02625,02,Proix,5
02626,02,Prouvais,
02627,02,Proviseux-et-Plesnoy,0
02628,02,Puiseux-en-Retz,
02629,02,Puisieux-et-Clanlieu,7
02631,02,Quierzy,10
02632,02,Quincy-Basse,
02633,02,Quincy-sous-le-Mont,
02634,02,Raillimont,
02635,02,Ramicourt,
02636,02,Regny,
02637,02,Remaucourt,
02638,02,Remies,8
02639,02,Remigny,13
02640,02,Renansart,
02641,02,Renneval,
02642,02,Résigny,
02643,02,Ressons-le-Long,13
02644,02,Retheuil,7
02645,02,Reuilly-Sauvigny,
02646,02,Révillon,
02647,02,Ribeauville,
02648,02,Ribemont,76
02649,02,Rocourt-Saint-Martin,
02650,02,Rocquigny,7
02651,02,Rogécourt,
02652,02,Rogny,
02653,02,Romeny-sur-Marne,11
02654,02,Romery,
02655,02,Ronchères,
02656,02,Roucy,8
02657,02,Rougeries,14
02658,02,Roupy,6
02659,02,Rouvroy,9
02660,02,Rouvroy-sur-Serre,
02661,02,Royaucourt-et-Chailvet,
02662,02,Rozet-Saint-Albin,6
02663,02,Rozières-sur-Crise,8
02664,02,Rozoy-Bellevalle,
02665,02,Grand-Rozoy,
02666,02,Rozoy-sur-Serre,38
02667,02,Saconin-et-Breuil,
02668,02,Sains-Richaumont,34
02669,02,Saint-Agnan,
02670,02,Saint-Algis,
02671,02,Saint-Aubin,7
02672,02,Saint-Bandry,7
02673,02,Saint-Christophe-à-Berry,7
02674,02,Saint-Clément,
02675,02,Sainte-Croix,6
02676,02,Saint-Erme-Outre-et-Ramecourt,38
02677,02,Saint-Eugène,7
02678,02,Sainte-Geneviève,
02679,02,Saint-Gengoulph,0
02680,02,Saint-Gobain,50
02681,02,Saint-Gobert,12
02682,02,Saint-Mard,
02683,02,Saint-Martin-Rivière,
02684,02,Saint-Michel,140
02685,02,Saint-Nicolas-aux-Bois,5
02686,02,Saint-Paul-aux-Bois,11
02687,02,Saint-Pierre-Aigle,7
02688,02,Saint-Pierre-lès-Franqueville,
02689,02,Saint-Pierremont,
02690,02,Sainte-Preuve,
02691,02,Saint-Quentin,2590
02693,02,Saint-Rémy-Blanzy,
02694,02,Saint-Simon,14
02695,02,Saint-Thibaut,
02696,02,Saint-Thomas,
02697,02,Samoussy,
02698,02,Sancy-les-Cheminots,
02699,02,Saponay,
02701,02,Saulchery,23
02702,02,Savy,10
02703,02,Seboncourt,35
02704,02,Selens,
02705,02,La Selve,5
02706,02,Septmonts,10
02707,02,Septvaux,6
02708,02,Sequehart,
02709,02,Serain,10
02710,02,Seraucourt-le-Grand,27
02711,02,Serches,7
02712,02,Sergy,
02713,02,Seringes-et-Nesles,7
02714,02,Sermoise,5
02715,02,Serval,
02716,02,Servais,5
02717,02,Séry-lès-Mézières,18
02718,02,Silly-la-Poterie,
02719,02,Sinceny,63
02720,02,Sissonne,85
02721,02,Sissy,8
02722,02,Soissons,1355
02723,02,Soize,
02724,02,Sommelans,
02725,02,Sommeron,
02726,02,Sommette-Eaucourt,
02727,02,Sons-et-Ronchères,7
02728,02,Sorbais,
02729,02,Soucy,
02730,02,Soupir,11
02731,02,Le Sourd,
02732,02,Surfontaine,
02733,02,Suzy,6
02734,02,Taillefontaine,5
02735,02,Tannières,
02736,02,Tartiers,
02737,02,Tavaux-et-Pontséricourt,12
02738,02,Tergnier,558
02739,02,Terny-Sorny,7
02740,02,Thenailles,7
02741,02,Thenelles,11
02742,02,Thiernu,
02743,02,Le Thuel,
02744,02,Torcy-en-Valois,
02745,02,Toulis-et-Attencourt,
02746,02,Travecy,10
02747,02,Trefcon,
02748,02,Trélou-sur-Marne,20
02749,02,Troësnes,5
02750,02,Trosly-Loire,12
02751,02,Trucy,
02752,02,Tugny-et-Pont,
02753,02,Tupigny,9
02754,02,Ugny-le-Gay,
02755,02,Urcel,12
02756,02,Urvillers,15
02757,02,Vadencourt,14
02758,02,Vailly-sur-Aisne,69
02759,02,La Vallée-au-Blé,7
02760,02,La Vallée-Mulâtre,
02761,02,Variscourt,
02762,02,Vassens,5
02763,02,Vasseny,6
02764,02,Vassogne,
02765,02,Vaucelles-et-Beffecourt,5
02766,02,Vaudesson,6
02767,02,Vauxrezis,5
02768,02,Vauxaillon,12
02769,02,Vaux-Andigny,31
02770,02,Vauxbuin,17
02771,02,Vauxcéré,
02772,02,Vaux-en-Vermandois,
02773,02,Vauxtin,0
02774,02,Vendelles,
02775,02,Vendeuil,23
02776,02,Vendhuile,11
02777,02,Vendières,
02778,02,Vendresse-Beaulne,
02779,02,Vénérolles,5
02780,02,Venizel,54
02781,02,Verdilly,10
02782,02,Le Verguier,6
02783,02,Grand-Verly,
02784,02,Petit-Verly,7
02785,02,Vermand,25
02786,02,Verneuil-sous-Coucy,
02787,02,Verneuil-sur-Serre,
02788,02,Versigny,10
02789,02,Vervins,92
02790,02,Vesles-et-Caumont,
02791,02,Veslud,
02792,02,Veuilly-la-Poterie,
02793,02,Vézaponin,
02794,02,Vézilly,
02795,02,Vic-sur-Aisne,44
02796,02,Vichel-Nanteuil,
02797,02,Viel-Arcy,
02798,02,Viels-Maisons,28
02799,02,Vierzy,16
02800,02,Viffort,
02801,02,Vigneux-Hocquet,5
02802,02,La Ville-aux-Bois-lès-Dizy,6
02803,02,La Ville-aux-Bois-lès-Pontavert,
02804,02,Villemontoire,
02805,02,Villeneuve-Saint-Germain,76
02806,02,Villeneuve-sur-Fère,
02807,02,Villequier-Aumont,13
02808,02,Villeret,8
02809,02,Villers-Agron-Aiguizy,
02810,02,Villers-Cotterêts,325
02811,02,Villers-en-Prayères,
02812,02,Villers-Hélon,
02813,02,Villers-le-Sec,5
02814,02,Villers-lès-Guise,
02815,02,Villers-Saint-Christophe,8
02816,02,Villers-sur-Fère,10
02817,02,Ville-Savoye,
02818,02,Villiers-Saint-Denis,25
02819,02,Vincy-Reuil-et-Magny,
02820,02,Viry-Noureuil,51
02821,02,Vivaise,15
02822,02,Vivières,8
02823,02,Voharies,
02824,02,Vorges,
02826,02,Voulpaix,8
02827,02,Voyenne,16
02828,02,Vregny,
02829,02,Vuillery,
02830,02,Wassigny,31
02831,02,Watigny,9
02832,02,Wiège-Faty,5
02833,02,Wimy,11
02834,02,Wissignicourt,
59001,59,Abancourt,
59002,59,Abscon,132
59003,59,Aibes,
59004,59,Aix,17
59005,59,Allennes-les-Marais,51
59006,59,Amfroipret,
59007,59,Anhiers,30
59008,59,Aniche,399
59009,59,Villeneuve-d'Ascq,1895
59010,59,Anneux,
59011,59,Annœullin,224
59012,59,Anor,113
59013,59,Anstaing,24
59014,59,Anzin,660
59015,59,Arleux,71
59016,59,Armbouts-Cappel,28
59017,59,Armentières,829
59018,59,Arnèke,38
59019,59,Artres,11
59021,59,Assevent,49
59022,59,Attiches,39
59023,59,Aubencheul-au-Bac,12
59024,59,Auberchicourt,149
59025,59,Aubers,21
59026,59,Aubigny-au-Bac,32
59027,59,Aubry-du-Hainaut,19
59028,59,Auby,332
59029,59,Auchy-lez-Orchies,21
59031,59,Audignies,
59032,59,Aulnoy-lez-Valenciennes,205
59033,59,Aulnoye-Aymeries,294
59034,59,Avelin,29
59035,59,Avesnelles,75
59036,59,Avesnes-sur-Helpe,315
59037,59,Avesnes-les-Aubert,142
59038,59,Avesnes-le-Sec,20
59039,59,Awoingt,15
59041,59,Bachant,72
59042,59,Bachy,20
59043,59,Bailleul,249
59044,59,Baisieux,70
59045,59,Baives,
59046,59,Bambecque,16
59047,59,Banteux,9
59048,59,Bantigny,
59049,59,Bantouzelle,13
59050,59,Bas-Lieu,10
59051,59,La Bassée,168
59052,59,Bauvin,129
59053,59,Bavay,114
59054,59,Bavinchove,17
59055,59,Bazuel,15
59056,59,Beaucamps-Ligny,10
59057,59,Beaudignies,13
59058,59,Beaufort,15
59059,59,Beaumont-en-Cambrésis,12
59060,59,Beaurain,8
59061,59,Beaurepaire-sur-Sambre,5
59062,59,Beaurieux,5
59063,59,Beauvois-en-Cambrésis,72
59064,59,Bellaing,28
59065,59,Bellignies,19
59066,59,Bérelles,
59067,59,Bergues,85
59068,59,Berlaimont,91
59069,59,Bermerain,11
59070,59,Bermeries,10
59071,59,Bersée,40
59072,59,Bersillies,
59073,59,Berthen,
59074,59,Bertry,64
59075,59,Béthencourt,20
59076,59,Bettignies,10
59077,59,Bettrechies,5
59078,59,Beugnies,16
59079,59,Beuvrages,265
59080,59,Beuvry-la-Forêt,38
59081,59,Bévillers,11
59082,59,Bierne,29
59083,59,Bissezeele,
59084,59,Blaringhem,19
59085,59,Blécourt,
59086,59,Boeschepe,28
59087,59,Boëseghem,17
59088,59,Bois-Grenier,15
59089,59,Bollezeele,20
59090,59,Bondues,166
59091,59,Borre,7
59092,59,Bouchain,119
59093,59,Boulogne-sur-Helpe,
59094,59,Bourbourg,207
59096,59,Bourghelles,23
59097,59,Boursies,8
59098,59,Bousbecque,76
59099,59,Bousies,59
59100,59,Bousignies,
59101,59,Bousignies-sur-Roc,9
59102,59,Boussières-en-Cambrésis,10
59103,59,Boussières-sur-Sambre,14
59104,59,Boussois,106
59105,59,Bouvignies,20
59106,59,Bouvines,
59107,59,Bray-Dunes,151
59108,59,Briastre,12
59109,59,Brillon,14
59110,59,Brouckerque,18
59111,59,Broxeele,
59112,59,Bruay-sur-l'Escaut,429
59113,59,Bruille-lez-Marchiennes,27
59114,59,Bruille-Saint-Amand,43
59115,59,Brunémont,16
59116,59,Bry,
59117,59,Bugnicourt,22
59118,59,Busigny,78
59119,59,Buysscheure,
59120,59,Caëstre,25
59121,59,Cagnoncles,9
59122,59,Cambrai,1309
59123,59,Camphin-en-Carembault,24
59124,59,Camphin-en-Pévèle,29
59125,59,Cantaing-sur-Escaut,9
59126,59,Cantin,29
59127,59,Capelle,
59128,59,Capinghem,25
59129,59,Cappelle-en-Pévèle,38
59130,59,Cappelle-Brouck,20
59131,59,Cappelle-la-Grande,212
59132,59,Carnières,18
59133,59,Carnin,21
59134,59,Cartignies,24
59135,59,Cassel,41
59136,59,Le Cateau-Cambrésis,319
59137,59,Catillon-sur-Sambre,29
59138,59,Cattenières,12
59139,59,Caudry,610
59140,59,Caullery,9
59141,59,Cauroir,7
59142,59,Cerfontaine,16
59143,59,La Chapelle-d'Armentières,163
59144,59,Château-l'Abbaye,13
59145,59,Chemy,9
59146,59,Chéreng,38
59147,59,Choisies,
59148,59,Clairfayts,11
59149,59,Clary,30
59150,59,Cobrieux,8
59151,59,Colleret,44
59152,59,Comines,293
59153,59,Condé-sur-l'Escaut,416
59154,59,Coudekerque-Village,18
59155,59,Coudekerque-Branche,619
59156,59,Courchelettes,73
59157,59,Cousolre,59
59158,59,Coutiches,40
59159,59,Craywick,7
59160,59,Crespin,161
59161,59,Crèvecœur-sur-l'Escaut,18
59162,59,Crochte,8
59163,59,Croix,567
59164,59,Croix-Caluyau,
59165,59,Cuincy,192
59166,59,Curgies,24
59167,59,Cuvillers,
59168,59,Cysoing,88
59169,59,Damousies,
59170,59,Dechy,257
59171,59,Dehéries,0
59172,59,Denain,1041
59173,59,Deûlémont,22
59174,59,Dimechaux,8
59175,59,Dimont,8
59176,59,Doignies,5
59177,59,Dompierre-sur-Helpe,27
59178,59,Douai,1823
59179,59,Douchy-les-Mines,400
59180,59,Le Doulieu,17
59181,59,Dourlers,7
59182,59,Drincham,
59183,59,Dunkerque,3348
59184,59,Ebblinghem,14
59185,59,Écaillon,77
59186,59,Eccles,
59187,59,Éclaibes,
59188,59,Écuélin,
59189,59,Eecke,14
59190,59,Élesmes,18
59191,59,Élincourt,19
59192,59,Émerchicourt,13
59193,59,Emmerin,48
59194,59,Englefontaine,38
59195,59,Englos,8
59196,59,Ennetières-en-Weppes,21
59197,59,Ennevelin,32
59198,59,Eppe-Sauvage,
59199,59,Erchin,17
59200,59,Eringhem,
59201,59,Erquinghem-le-Sec,
59202,59,Erquinghem-Lys,81
59203,59,Erre,28
59204,59,Escarmain,9
59205,59,Escaudain,343
59206,59,Escaudœuvres,117
59207,59,Escautpont,152
59208,59,Escobecques,0
59209,59,Esnes,11
59210,59,Esquelbecq,39
59211,59,Esquerchin,12
59212,59,Estaires,143
59213,59,Estourmel,
59214,59,Estrées,18
59215,59,Estreux,16
59216,59,Eswars,
59217,59,Eth,
59218,59,Étrœungt,33
59219,59,Estrun,12
59220,59,Faches-Thumesnil,422
59221,59,Famars,68
59222,59,Faumont,27
59223,59,Le Favril,10
59224,59,Féchain,35
59225,59,Feignies,248
59226,59,Felleries,28
59227,59,Fenain,182
59228,59,Férin,21
59229,59,Féron,7
59230,59,Ferrière-la-Grande,208
59231,59,Ferrière-la-Petite,32
59232,59,La Flamengrie,
59233,59,Flaumont-Waudrechies,8
59234,59,Flers-en-Escrebieux,212
59236,59,Flesquières,6
59237,59,Flêtre,11
59238,59,Flines-lès-Mortagne,39
59239,59,Flines-lez-Raches,107
59240,59,Floursies,
59241,59,Floyon,11
59242,59,Fontaine-au-Bois,8
59243,59,Fontaine-au-Pire,27
59244,59,Fontaine-Notre-Dame,37
59246,59,Forest-en-Cambrésis,13
59247,59,Forest-sur-Marque,22
59249,59,Fourmies,640
59250,59,Fournes-en-Weppes,30
59251,59,Frasnoy,9
59252,59,Frelinghien,36
59253,59,Fresnes-sur-Escaut,279
59254,59,Fressain,15
59255,59,Fressies,13
59256,59,Fretin,70
59257,59,Fromelles,9
59258,59,Genech,41
59259,59,Ghissignies,7
59260,59,Ghyvelde,67
59261,59,Glageon,70
59262,59,Godewaersvelde,32
59263,59,Gœulzin,22
59264,59,Gognies-Chaussée,22
59265,59,Gommegnies,47
59266,59,Gondecourt,69
59267,59,Gonnelieu,9
59268,59,La Gorgue,136
59269,59,Gouzeaucourt,36
59270,59,Grand-Fayt,10
59271,59,Grande-Synthe,978
59272,59,Grand-Fort-Philippe,173
59273,59,Gravelines,351
59274,59,La Groise,11
59275,59,Gruson,9
59276,59,Guesnain,150
59277,59,Gussignies,
59278,59,Hallennes-lez-Haubourdin,82
59279,59,Halluin,587
59280,59,Hamel,18
59281,59,Hantay,32
59282,59,Hardifort,
59283,59,Hargnies,16
59284,59,Hasnon,70
59285,59,Haspres,69
59286,59,Haubourdin,408
59287,59,Haucourt-en-Cambrésis,
59288,59,Haulchin,65
59289,59,Haussy,34
59290,59,Haut-Lieu,9
59291,59,Hautmont,647
59292,59,Haveluy,114
59293,59,Haverskerque,23
59294,59,Haynecourt,
59295,59,Hazebrouck,547
59296,59,Hecq,
59297,59,Hélesmes,46
59299,59,Hem,656
59300,59,Hem-Lenglet,17
59301,59,Hergnies,100
59302,59,Hérin,109
59303,59,Herlies,27
59304,59,Herrin,
59305,59,Herzeele,17
59306,59,Hestrud,
59307,59,Holque,29
59308,59,Hondeghem,22
59309,59,Hondschoote,87
59310,59,Hon-Hergies,18
59311,59,Honnechy,12
59312,59,Honnecourt-sur-Escaut,20
59313,59,Hordain,32
59314,59,Hornaing,105
59315,59,Houdain-lez-Bavay,16
59316,59,Houplin-Ancoisne,81
59317,59,Houplines,166
59318,59,Houtkerque,18
59319,59,Hoymille,39
59320,59,Illies,22
59321,59,Inchy,22
59322,59,Iwuy,115
59323,59,Jenlain,11
59324,59,Jeumont,415
59325,59,Jolimetz,17
59326,59,Killem,15
59327,59,Lallaing,256
59328,59,Lambersart,576
59329,59,Lambres-lez-Douai,137
59330,59,Landas,25
59331,59,Landrecies,138
59332,59,Lannoy,65
59333,59,Larouillies,
59334,59,Lauwin-Planque,44
59335,59,Lecelles,47
59336,59,Lécluse,51
59337,59,Lederzeele,6
59338,59,Ledringhem,10
59339,59,Leers,199
59340,59,Leffrinckoucke,117
59341,59,Lesdain,9
59342,59,Lez-Fontaine,
59343,59,Lesquin,140
59344,59,Leval,74
59345,59,Lewarde,81
59346,59,Lezennes,67
59347,59,Liessies,20
59348,59,Lieu-Saint-Amand,25
59349,59,Ligny-en-Cambrésis,44
59350,59,Lille,9481
59351,59,Limont-Fontaine,13
59352,59,Linselles,156
59353,59,Locquignol,6
59354,59,Loffre,
59356,59,Lompret,32
59357,59,La Longueville,44
59358,59,Looberghe,22
59359,59,Loon-Plage,139
59360,59,Loos,692
59361,59,Lourches,188
59363,59,Louvignies-Quesnoy,17
59364,59,Louvil,11
59365,59,Louvroil,364
59366,59,Lynde,10
59367,59,Lys-lez-Lannoy,374
59368,59,La Madeleine,672
59369,59,Maing,92
59370,59,Mairieux,9
59371,59,Le Maisnil,8
59372,59,Malincourt,10
59374,59,Marbaix,9
59375,59,Marchiennes,82
59377,59,Marcoing,42
59378,59,Marcq-en-Barœul,813
59379,59,Marcq-en-Ostrevent,12
59381,59,Maresches,13
59382,59,Maretz,52
59383,59,Marly,383
59384,59,Maroilles,28
59385,59,Marpent,91
59386,59,Marquette-lez-Lille,271
59387,59,Marquette-en-Ostrevant,33
59388,59,Marquillies,31
59389,59,Masnières,62
59390,59,Masny,191
59391,59,Mastaing,21
59392,59,Maubeuge,1652
59393,59,Maulde,22
59394,59,Maurois,14
59395,59,Mazinghien,10
59396,59,Mecquignies,10
59397,59,Merckeghem,6
59398,59,Mérignies,29
59399,59,Merris,12
59400,59,Merville,253
59401,59,Méteren,37
59402,59,Millam,5
59403,59,Millonfosse,9
59404,59,Les Moëres,11
59405,59,Mœuvres,5
59406,59,Monceau-Saint-Waast,7
59407,59,Monchaux-sur-Écaillon,19
59408,59,Moncheaux,24
59409,59,Monchecourt,78
59410,59,Mons-en-Barœul,795
59411,59,Mons-en-Pévèle,34
59412,59,Montay,9
59413,59,Montigny-en-Cambrésis,14
59414,59,Montigny-en-Ostrevent,166
59415,59,Montrécourt,
59416,59,Morbecque,40
59418,59,Mortagne-du-Nord,42
59419,59,Mouchin,15
59420,59,Moustier-en-Fagne,0
59421,59,Mouvaux,270
59422,59,Naves,21
59423,59,Neuf-Berquin,18
59424,59,Neuf-Mesnil,54
59425,59,Neuville-en-Avesnois,
59426,59,Neuville-en-Ferrain,178
59427,59,La Neuville,9
59428,59,Neuville-Saint-Rémy,125
59429,59,Neuville-sur-Escaut,84
59430,59,Neuvilly,22
59431,59,Nieppe,164
59432,59,Niergnies,10
59433,59,Nieurlet,18
59434,59,Nivelle,24
59435,59,Nomain,25
59436,59,Noordpeene,8
59437,59,Noyelles-lès-Seclin,12
59438,59,Noyelles-sur-Escaut,16
59439,59,Noyelles-sur-Sambre,
59440,59,Noyelles-sur-Selle,11
59441,59,Obies,12
59442,59,Obrechies,
59443,59,Ochtezeele,
59444,59,Odomez,17
59445,59,Ohain,37
59446,59,Oisy,9
59447,59,Onnaing,314
59448,59,Oost-Cappel,9
59449,59,Orchies,181
59450,59,Ors,12
59451,59,Orsinval,10
59452,59,Ostricourt,173
59453,59,Oudezeele,14
59454,59,Oxelaëre,11
59455,59,Paillencourt,18
59456,59,Pecquencourt,277
59457,59,Pérenchies,161
59458,59,Péronne-en-Mélantois,12
59459,59,Petite-Forêt,121
59461,59,Petit-Fayt,5
59462,59,Phalempin,71
59463,59,Pitgam,13
59464,59,Poix-du-Nord,65
59465,59,Pommereuil,13
59466,59,Pont-à-Marcq,36
59467,59,Pont-sur-Sambre,63
59468,59,Potelle,
59469,59,Pradelles,
59470,59,Prémesques,29
59471,59,Préseau,33
59472,59,Preux-au-Bois,24
59473,59,Preux-au-Sart,6
59474,59,Prisches,16
59475,59,Prouvy,55
59476,59,Proville,93
59477,59,Provin,75
59478,59,Quaëdypre,21
59479,59,Quarouble,73
59480,59,Quérénaing,10
59481,59,Le Quesnoy,185
59482,59,Quesnoy-sur-Deûle,118
59483,59,Quiévelon,
59484,59,Quiévrechain,234
59485,59,Quiévy,47
59486,59,Râches,73
59487,59,Radinghem-en-Weppes,17
59488,59,Raillencourt-Sainte-Olle,71
59489,59,Raimbeaucourt,97
59490,59,Rainsars,
59491,59,Raismes,515
59492,59,Ramillies,16
59493,59,Ramousies,6
59494,59,Raucourt-au-Bois,5
59495,59,Recquignies,78
59496,59,Rejet-de-Beaulieu,
59497,59,Renescure,36
59498,59,Reumont,8
59499,59,Rexpoëde,27
59500,59,Ribécourt-la-Tour,6
59501,59,Rieulay,34
59502,59,Rieux-en-Cambrésis,37
59503,59,Robersart,
59504,59,Rœulx,105
59505,59,Rombies-et-Marchipont,6
59506,59,Romeries,12
59507,59,Ronchin,560
59508,59,Roncq,248
59509,59,Roost-Warendin,172
59511,59,Rosult,32
59512,59,Roubaix,5553
59513,59,Roucourt,6
59514,59,Rousies,107
59515,59,Rouvignies,11
59516,59,Rubrouck,14
59517,59,Les Rues-des-Vignes,10
59518,59,Ruesnes,5
59519,59,Rumegies,16
59520,59,Rumilly-en-Cambrésis,42
59521,59,Sailly-lez-Cambrai,6
59522,59,Sailly-lez-Lannoy,24
59523,59,Sainghin-en-Mélantois,38
59524,59,Sainghin-en-Weppes,91
59525,59,Sains-du-Nord,106
59526,59,Saint-Amand-les-Eaux,489
59527,59,Saint-André-lez-Lille,223
59528,59,Saint-Aubert,47
59529,59,Saint-Aubin,
59530,59,Saint-Aybert,8
59531,59,Saint-Benin,9
59532,59,Saint-Georges-sur-l'Aa,6
59533,59,Saint-Hilaire-lez-Cambrai,45
59534,59,Saint-Hilaire-sur-Helpe,21
59535,59,Saint-Jans-Cappel,25
59536,59,Sainte-Marie-Cappel,11
59537,59,Saint-Martin-sur-Écaillon,9
59538,59,Saint-Momelin,11
59539,59,Saint-Pierre-Brouck,13
59541,59,Saint-Python,27
59542,59,Saint-Remy-Chaussée,7
59543,59,Saint-Remy-du-Nord,28
59544,59,Saint-Saulve,265
59545,59,Saint-Souplet,42
59546,59,Saint-Sylvestre-Cappel,20
59547,59,Saint-Vaast-en-Cambrésis,18
59548,59,Saint-Waast,13
59549,59,Salesches,9
59550,59,Salomé,65
59551,59,Saméon,19
59552,59,Sancourt,5
59553,59,Santes,108
59554,59,Sars-et-Rosières,5
59555,59,Sars-Poteries,51
59556,59,Sassegnies,
59557,59,Saultain,56
59558,59,Saulzoir,19
59559,59,Sebourg,27
59560,59,Seclin,333
59562,59,Sémeries,8
59563,59,Semousies,
59564,59,La Sentinelle,123
59565,59,Sepmeries,8
59566,59,Sequedin,63
59567,59,Séranvillers-Forenville,
59568,59,Sercus,
59569,59,Sin-le-Noble,647
59570,59,Socx,10
59571,59,Solesmes,159
59572,59,Solre-le-Château,57
59573,59,Solrinnes,
59574,59,Somain,468
59575,59,Sommaing,
59576,59,Spycker,23
59577,59,Staple,12
59578,59,Steenbecque,23
59579,59,Steene,20
59580,59,Steenvoorde,72
59581,59,Steenwerck,57
59582,59,Strazeele,18
59583,59,Taisnières-en-Thiérache,8
59584,59,Taisnières-sur-Hon,15
59585,59,Templemars,68
59586,59,Templeuve,102
59587,59,Terdeghem,10
59588,59,Téteghem,161
59589,59,Thiant,65
59590,59,Thiennes,15
59591,59,Thivencelle,32
59592,59,Thumeries,73
59593,59,Thun-l'Évêque,15
59594,59,Thun-Saint-Amand,37
59595,59,Thun-Saint-Martin,11
59596,59,Tilloy-lez-Marchiennes,6
59597,59,Tilloy-lez-Cambrai,19
59598,59,Toufflers,91
59599,59,Tourcoing,4043
59600,59,Tourmignies,6
59601,59,Trélon,91
59602,59,Tressin,19
59603,59,Trith-Saint-Léger,207
59604,59,Troisvilles,19
59605,59,Uxem,14
59606,59,Valenciennes,1564
59607,59,Vendegies-au-Bois,
59608,59,Vendegies-sur-Écaillon,13
59609,59,Vendeville,23
59610,59,Verchain-Maugré,17
59611,59,Verlinghem,27
59612,59,Vertain,19
59613,59,Vicq,39
59614,59,Viesly,36
59615,59,Vieux-Berquin,38
59616,59,Vieux-Condé,362
59617,59,Vieux-Mesnil,10
59618,59,Vieux-Reng,14
59619,59,Villereau,19
59620,59,Villers-au-Tertre,8
59622,59,Villers-en-Cauchies,34
59623,59,Villers-Guislain,15
59624,59,Villers-Outréaux,77
59625,59,Villers-Plouich,5
59626,59,Villers-Pol,24
59627,59,Villers-Sire-Nicole,31
59628,59,Volckerinckhove,
59629,59,Vred,30
59630,59,Wahagnies,55
59631,59,Walincourt-Selvigny,59
59632,59,Wallers,165
59633,59,Wallers-en-Fagne,
59634,59,Wallon-Cappel,13
59635,59,Wambaix,5
59636,59,Wambrechies,168
59637,59,Wandignies-Hamage,16
59638,59,Wannehain,16
59639,59,Wargnies-le-Grand,17
59640,59,Wargnies-le-Petit,16
59641,59,Warhem,42
59642,59,Warlaing,5
59643,59,Warneton,
59645,59,Wasnes-au-Bac,13
59646,59,Wasquehal,427
59647,59,Watten,69
59648,59,Wattignies,370
59649,59,Wattignies-la-Victoire,
59650,59,Wattrelos,1495
59651,59,Wavrechain-sous-Denain,69
59652,59,Wavrechain-sous-Faulx,5
59653,59,Wavrin,189
59654,59,Waziers,317
59655,59,Wemaers-Cappel,
59656,59,Wervicq-Sud,117
59657,59,West-Cappel,
59658,59,Wicres,
59659,59,Wignehies,145
59660,59,Willems,57
59661,59,Willies,6
59662,59,Winnezeele,15
59663,59,Wormhout,78
59664,59,Wulverdinghe,6
59665,59,Wylder,
59666,59,Zegerscappel,17
59667,59,Zermezeele,
59668,59,Zuydcoote,28
59669,59,Zuytpeene,8
59670,59,Don,24
60001,60,Abancourt,15
60002,60,Abbecourt,10
60003,60,Abbeville-Saint-Lucien,
60004,60,Achy,5
60005,60,Acy-en-Multien,13
60006,60,Les Ageux,17
60007,60,Agnetz,45
60008,60,Airion,
60009,60,Allonne,22
60010,60,Amblainville,20
60011,60,Amy,10
60012,60,Andeville,77
60013,60,Angicourt,30
60014,60,Angivillers,
60015,60,Angy,19
60016,60,Ansacq,
60017,60,Ansauvillers,22
60018,60,Anserville,12
60019,60,Antheuil-Portes,9
60020,60,Antilly,7
60021,60,Appilly,8
60022,60,Apremont,12
60023,60,Armancourt,6
60024,60,Arsy,19
60025,60,Attichy,38
60026,60,Auchy-la-Montagne,10
60027,60,Auger-Saint-Vincent,5
60028,60,Aumont-en-Halatte,
60029,60,Auneuil,63
60030,60,Auteuil,9
60031,60,Autheuil-en-Valois,
60032,60,Autrêches,11
60033,60,Avilly-Saint-Léonard,
60034,60,Avrechy,21
60035,60,Avricourt,8
60036,60,Avrigny,6
60037,60,Babœuf,11
60038,60,Bachivillers,
60039,60,Bacouël,8
60040,60,Bailleul-le-Soc,
60041,60,Bailleul-sur-Thérain,50
60042,60,Bailleval,11
60043,60,Bailly,13
60044,60,Balagny-sur-Thérain,41
60045,60,Barbery,8
60046,60,Bargny,
60047,60,Baron,13
60048,60,Baugy,
60049,60,Bazancourt,
60050,60,Bazicourt,
60051,60,Beaudéduit,
60052,60,Beaugies-sous-Bois,
60053,60,Beaulieu-les-Fontaines,10
60054,60,Beaumont-les-Nonains,
60055,60,Beaurains-lès-Noyon,
60056,60,Beaurepaire,
60057,60,Beauvais,1874
60058,60,Beauvoir,
60059,60,Béhéricourt,
60060,60,Belle-Église,11
60061,60,Belloy,
60062,60,Berlancourt,
60063,60,Berneuil-en-Bray,10
60064,60,Berneuil-sur-Aisne,15
60065,60,Berthecourt,39
60066,60,Béthancourt-en-Valois,
60067,60,Béthisy-Saint-Martin,20
60068,60,Béthisy-Saint-Pierre,62
60069,60,Betz,12
60070,60,Bienville,9
60071,60,Biermont,
60072,60,Bitry,
60073,60,Blacourt,6
60074,60,Blaincourt-lès-Précy,14
60075,60,Blancfossé,
60076,60,Blargies,10
60077,60,Blicourt,
60078,60,Blincourt,
60079,60,Boissy-Fresnoy,19
60080,60,Boissy-le-Bois,
60081,60,Bonlier,
60082,60,Bonneuil-les-Eaux,10
60083,60,Bonneuil-en-Valois,24
60084,60,Bonnières,
60085,60,Bonvillers,
60086,60,Boran-sur-Oise,34
60087,60,Borest,
60088,60,Bornel,74
60089,60,Boubiers,
60090,60,Bouconvillers,
60091,60,Bouillancy,
60092,60,Boullarre,
60093,60,Boulogne-la-Grasse,6
60094,60,Boursonne,6
60095,60,Boury-en-Vexin,
60096,60,Boutavent,
60097,60,Boutencourt,5
60098,60,Bouvresse,
60099,60,Braisnes-sur-Aronde,
60100,60,Brasseuse,
60101,60,Brégy,13
60102,60,Brenouille,44
60103,60,Bresles,77
60104,60,Breteuil,138
60105,60,Brétigny,12
60106,60,Breuil-le-Sec,35
60107,60,Breuil-le-Vert,35
60108,60,Briot,
60109,60,Brombos,5
60110,60,Broquiers,
60111,60,Broyes,
60112,60,Brunvillers-la-Motte,7
60113,60,Bucamps,
60114,60,Buicourt,
60115,60,Bulles,17
60116,60,Bury,70
60117,60,Bussy,
60118,60,Caisnes,13
60119,60,Cambronne-lès-Ribécourt,24
60120,60,Cambronne-lès-Clermont,12
60121,60,Campagne,
60122,60,Campeaux,9
60123,60,Campremy,
60124,60,Candor,
60125,60,Canly,14
60126,60,Cannectancourt,6
60127,60,Canny-sur-Matz,6
60128,60,Canny-sur-Thérain,5
60129,60,Carlepont,33
60130,60,Catenoy,18
60131,60,Catheux,
60132,60,Catigny,
60133,60,Catillon-Fumechon,10
60134,60,Cauffry,45
60135,60,Cauvigny,25
60136,60,Cempuis,
60137,60,Cernoy,
60138,60,Chamant,27
60139,60,Chambly,186
60140,60,Chambors,5
60141,60,Chantilly,246
60142,60,La Chapelle-en-Serval,46
60143,60,Chaumont-en-Vexin,56
60144,60,Chavençon,
60145,60,Chelles,8
60146,60,Chepoix,7
60147,60,Chevincourt,19
60148,60,Chèvreville,
60149,60,Chevrières,28
60150,60,Chiry-Ourscamp,38
60151,60,Choisy-au-Bac,63
60152,60,Choisy-la-Victoire,7
60153,60,Choqueuse-les-Bénards,
60154,60,Cinqueux,26
60155,60,Cires-lès-Mello,97
60156,60,Clairoix,37
60157,60,Clermont,302
60158,60,Coivrel,
60159,60,Compiègne,1147
60160,60,Conchy-les-Pots,11
60161,60,Conteville,
60162,60,Corbeil-Cerf,
60163,60,Cormeilles,9
60164,60,Le Coudray-Saint-Germer,23
60165,60,Le Coudray-sur-Thelle,14
60166,60,Coudun,14
60167,60,Couloisy,13
60168,60,Courcelles-Epayelles,
60169,60,Courcelles-lès-Gisors,17
60170,60,Courteuil,9
60171,60,Courtieux,
60172,60,Coye-la-Forêt,63
60173,60,Cramoisy,17
60174,60,Crapeaumesnil,
60175,60,Creil,1417
60176,60,Crépy-en-Valois,368
60177,60,Cressonsacq,8
60178,60,Crèvecœur-le-Grand,96
60179,60,Crèvecœur-le-Petit,
60180,60,Crillon,7
60181,60,Crisolles,29
60182,60,Le Crocq,
60183,60,Croissy-sur-Celle,
60184,60,Croutoy,
60185,60,Crouy-en-Thelle,19
60186,60,Cuignières,
60187,60,Cuigy-en-Bray,25
60188,60,Cuise-la-Motte,44
60189,60,Cuts,18
60190,60,Cuvergnon,
60191,60,Cuvilly,11
60192,60,Cuy,
60193,60,Daméraucourt,
60194,60,Dargies,
60195,60,Delincourt,7
60196,60,Le Déluge,12
60197,60,Dieudonné,15
60198,60,Dives,9
60199,60,Doméliers,
60200,60,Domfront,
60201,60,Dompierre,
60203,60,Duvy,8
60204,60,Écuvilly,7
60205,60,Élencourt,
60206,60,Élincourt-Sainte-Marguerite,17
60207,60,Éméville,
60208,60,Énencourt-Léage,
60209,60,Énencourt-le-Sec,
60210,60,Épineuse,9
60211,60,Éragny-sur-Epte,14
60212,60,Ercuis,25
60213,60,Ermenonville,16
60214,60,Ernemont-Boutavent,
60215,60,Erquery,8
60216,60,Erquinvillers,
60217,60,Escames,
60218,60,Esches,21
60219,60,Escles-Saint-Pierre,
60220,60,Espaubourg,
60221,60,Esquennoy,25
60222,60,Essuiles,10
60223,60,Estrées-Saint-Denis,60
60224,60,Étavigny,
60225,60,Étouy,9
60226,60,Ève,
60227,60,Évricourt,
60228,60,Fay-les-Étangs,
60229,60,Le Fayel,6
60230,60,Le Fay-Saint-Quentin,
60231,60,Feigneux,6
60232,60,Ferrières,6
60233,60,Feuquières,44
60234,60,Fitz-James,42
60235,60,Flavacourt,15
60236,60,Flavy-le-Meldeux,6
60237,60,Fléchy,
60238,60,Fleurines,29
60239,60,Fleury,12
60240,60,Fontaine-Bonneleau,
60241,60,Fontaine-Chaalis,
60242,60,Fontaine-Lavaganne,8
60243,60,Fontaine-Saint-Lucien,
60244,60,Fontenay-Torcy,
60245,60,Formerie,56
60246,60,Fosseuse,13
60247,60,Fouilleuse,
60248,60,Fouilloy,
60249,60,Foulangues,
60250,60,Fouquenies,8
60251,60,Fouquerolles,
60252,60,Fournival,5
60253,60,Francastel,6
60254,60,Francières,9
60255,60,Fréniches,12
60256,60,Fresneaux-Montchevreuil,18
60257,60,Fresne-Léguillon,13
60258,60,Fresnières,
60259,60,Fresnoy-en-Thelle,8
60260,60,Fresnoy-la-Rivière,13
60261,60,Fresnoy-le-Luat,12
60262,60,Le Frestoy-Vaux,
60263,60,Frétoy-le-Château,6
60264,60,Frocourt,
60265,60,Froissy,23
60267,60,Le Gallet,
60268,60,Gannes,
60269,60,Gaudechart,
60270,60,Genvry,
60271,60,Gerberoy,
60272,60,Gilocourt,12
60273,60,Giraumont,6
60274,60,Glaignes,
60275,60,Glatigny,
60276,60,Godenvillers,
60277,60,Goincourt,18
60278,60,Golancourt,
60279,60,Gondreville,
60280,60,Gourchelles,
60281,60,Gournay-sur-Aronde,
60282,60,Gouvieux,141
60283,60,Gouy-les-Groseillers,
60284,60,Grandfresnoy,27
60285,60,Grandvillers-aux-Bois,
60286,60,Grandvilliers,64
60287,60,Grandrû,8
60288,60,Grémévillers,
60289,60,Grez,
60290,60,Guignecourt,
60291,60,Guiscard,54
60292,60,Gury,
60293,60,Hadancourt-le-Haut-Clocher,9
60294,60,Hainvillers,
60295,60,Halloy,8
60296,60,Hannaches,
60297,60,Le Hamel,
60298,60,Hanvoile,11
60299,60,Hardivillers,24
60300,60,Hardivillers-en-Vexin,
60301,60,Haucourt,
60302,60,Haudivillers,9
60303,60,Hautbos,
60304,60,Haute-Épine,
60305,60,Hautefontaine,12
60306,60,Hécourt,
60307,60,Heilles,11
60308,60,Hémévillers,8
60309,60,Hénonville,10
60310,60,Herchies,
60311,60,La Hérelle,
60312,60,Héricourt-sur-Thérain,
60313,60,Hermes,76
60314,60,Hétomesnil,
60315,60,Hodenc-en-Bray,
60316,60,Hodenc-l'Évêque,
60317,60,Hondainville,20
60318,60,Houdancourt,
60319,60,La Houssoye,15
60320,60,Ivors,
60321,60,Ivry-le-Temple,15
60322,60,Jaméricourt,
60323,60,Janville,13
60324,60,Jaulzy,16
60325,60,Jaux,32
60326,60,Jonquières,11
60327,60,Jouy-sous-Thelle,13
60328,60,Juvignies,
60329,60,Laberlière,
60330,60,Laboissière-en-Thelle,21
60331,60,Labosse,11
60332,60,Labruyère,7
60333,60,Lachapelle-aux-Pots,33
60334,60,Lachapelle-Saint-Pierre,23
60335,60,Lachapelle-sous-Gerberoy,
60336,60,Lachaussée-du-Bois-d'Écu,
60337,60,Lachelle,9
60338,60,Lacroix-Saint-Ouen,87
60339,60,Lafraye,
60340,60,Lagny,17
60341,60,Lagny-le-Sec,19
60342,60,Laigneville,104
60343,60,Lalande-en-Son,23
60344,60,Lalandelle,14
60345,60,Lamécourt,
60346,60,Lamorlaye,148
60347,60,Lannoy-Cuillère,
60348,60,Larbroye,15
60350,60,Lassigny,34
60351,60,Lataule,
60352,60,Lattainville,
60353,60,Lavacquerie,
60354,60,Laverrière,
60355,60,Laversines,12
60356,60,Lavilletertre,
60357,60,Léglantiers,11
60358,60,Lévignen,13
60359,60,Lhéraule,
60360,60,Liancourt,178
60361,60,Liancourt-Saint-Pierre,15
60362,60,Libermont,
60363,60,Lierville,
60364,60,Lieuvillers,11
60365,60,Lihus,
60366,60,Litz,5
60367,60,Loconville,6
60368,60,Longueil-Annel,59
60369,60,Longueil-Sainte-Marie,28
60370,60,Lormaison,33
60371,60,Loueuse,
60372,60,Luchy,5
60373,60,Machemont,14
60374,60,Maignelay-Montigny,79
60375,60,Maimbeville,
60376,60,Maisoncelle-Saint-Pierre,
60377,60,Maisoncelle-Tuilerie,
60378,60,Marest-sur-Matz,
60379,60,Mareuil-la-Motte,15
60380,60,Mareuil-sur-Ourcq,30
60381,60,Margny-aux-Cerises,
60382,60,Margny-lès-Compiègne,213
60383,60,Margny-sur-Matz,
60385,60,Marolles,8
60386,60,Marquéglise,
60387,60,Marseille-en-Beauvaisis,27
60388,60,Martincourt,
60389,60,Maucourt,6
60390,60,Maulers,
60391,60,Maysel,
60392,60,Mélicocq,14
60393,60,Mello,8
60394,60,Ménévillers,
60395,60,Méru,470
60396,60,Méry-la-Bataille,18
60397,60,Le Mesnil-Conteville,
60398,60,Le Mesnil-en-Thelle,38
60399,60,Le Mesnil-Saint-Firmin,
60400,60,Le Mesnil-sur-Bulles,
60401,60,Le Mesnil-Théribus,18
60402,60,Le Meux,46
60403,60,Milly-sur-Thérain,29
60404,60,Mogneville,26
60405,60,Moliens,17
60406,60,Monceaux,12
60407,60,Monceaux-l'Abbaye,
60408,60,Monchy-Humières,15
60409,60,Monchy-Saint-Éloi,35
60410,60,Mondescourt,5
60411,60,Monneville,15
60412,60,Montagny-en-Vexin,6
60413,60,Montagny-Sainte-Félicité,8
60414,60,Montataire,542
60415,60,Montépilloy,
60416,60,Montgérain,
60418,60,Montiers,11
60420,60,Montjavoult,7
60421,60,Mont-l'Évêque,8
60422,60,Montlognon,
60423,60,Montmacq,24
60424,60,Montmartin,
60425,60,Montreuil-sur-Brêche,11
60426,60,Montreuil-sur-Thérain,
60427,60,Monts,6
60428,60,Le Mont-Saint-Adrien,9
60429,60,Morangles,
60430,60,Morienval,14
60431,60,Morlincourt,24
60432,60,Mortefontaine,19
60433,60,Mortefontaine-en-Thelle,15
60434,60,Mortemer,
60435,60,Morvillers,6
60436,60,Mory-Montcrux,0
60437,60,Mouchy-le-Châtel,0
60438,60,Moulin-sous-Touvent,
60439,60,Mouy,166
60440,60,Moyenneville,11
60441,60,Moyvillers,
60442,60,Muidorge,
60443,60,Muirancourt,21
60444,60,Mureaumont,
60445,60,Nampcel,
60446,60,Nanteuil-le-Haudouin,72
60447,60,Néry,13
60448,60,Neufchelles,
60449,60,Neufvy-sur-Aronde,
60450,60,Neuilly-en-Thelle,71
60451,60,Neuilly-sous-Clermont,39
60452,60,Neuville-Bosc,
60453,60,La Neuville-d'Aumont,
60454,60,La Neuville-en-Hez,13
60455,60,La Neuville-Garnier,
60456,60,La Neuville-Roy,15
60457,60,La Neuville-Saint-Pierre,
60458,60,La Neuville-sur-Oudeuil,
60459,60,La Neuville-sur-Ressons,
60460,60,La Neuville-Vault,
60461,60,Nivillers,
60462,60,Noailles,73
60463,60,Nogent-sur-Oise,719
60464,60,Nointel,17
60465,60,Noirémont,
60466,60,Noroy,
60468,60,Nourard-le-Franc,8
60469,60,Novillers,
60470,60,Noyers-Saint-Martin,15
60471,60,Noyon,552
60472,60,Offoy,
60473,60,Ognes,
60474,60,Ognolles,8
60475,60,Ognon,
60476,60,Omécourt,
60477,60,Ons-en-Bray,39
60478,60,Ormoy-le-Davien,
60479,60,Ormoy-Villers,5
60480,60,Oroër,
60481,60,Orrouy,8
60482,60,Orry-la-Ville,39
60483,60,Orvillers-Sorel,12
60484,60,Oudeuil,
60485,60,Oursel-Maison,6
60486,60,Paillart,11
60487,60,Parnes,
60488,60,Passel,
60489,60,Péroy-les-Gombries,17
60490,60,Pierrefitte-en-Beauvaisis,11
60491,60,Pierrefonds,34
60492,60,Pimprez,11
60493,60,Pisseleu,
60494,60,Plailly,25
60495,60,Plainval,5
60496,60,Plainville,
60497,60,Le Plessier-sur-Bulles,
60498,60,Le Plessier-sur-Saint-Just,13
60499,60,Plessis-de-Roye,
60500,60,Le Plessis-Belleville,49
60501,60,Le Plessis-Brion,26
60502,60,Le Plessis-Patte-d'Oie,
60503,60,Le Ployron,
60504,60,Ponchon,17
60505,60,Pontarmé,10
60506,60,Pont-l'Évêque,21
60507,60,Pontoise-lès-Noyon,6
60508,60,Pontpoint,54
60509,60,Pont-Sainte-Maxence,381
60510,60,Porcheux,6
60511,60,Porquéricourt,5
60512,60,Pouilly,
60513,60,Précy-sur-Oise,41
60514,60,Prévillers,
60515,60,Pronleroy,7
60516,60,Puiseux-en-Bray,9
60517,60,Puiseux-le-Hauberger,9
60518,60,Puits-la-Vallée,
60519,60,Quesmy,
60520,60,Le Quesnel-Aubry,
60521,60,Quincampoix-Fleuzy,5
60522,60,Quinquempoix,
60523,60,Rainvillers,11
60524,60,Rantigny,51
60525,60,Raray,
60526,60,Ravenel,24
60527,60,Réez-Fosse-Martin,
60528,60,Reilly,
60529,60,Rémécourt,
60530,60,Rémérangles,
60531,60,Remy,29
60532,60,Ressons-l'Abbaye,
60533,60,Ressons-sur-Matz,31
60534,60,Rethondes,11
60535,60,Reuil-sur-Brêche,12
60536,60,Rhuis,
60537,60,Ribécourt-Dreslincourt,101
60538,60,Ricquebourg,5
60539,60,Rieux,34
60540,60,Rivecourt,
60541,60,Roberval,6
60542,60,Rochy-Condé,11
60543,60,Rocquemont,
60544,60,Rocquencourt,
60545,60,Romescamps,8
60546,60,Rosières,
60547,60,Rosoy,9
60548,60,Rosoy-en-Multien,
60549,60,Rotangy,
60550,60,Rothois,
60551,60,Rousseloy,
60552,60,Rouville,
60553,60,Rouvillers,8
60554,60,Rouvres-en-Multien,10
60555,60,Rouvroy-les-Merles,
60556,60,Royaucourt,5
60557,60,Roy-Boissy,
60558,60,Roye-sur-Matz,7
60559,60,La Rue-Saint-Pierre,16
60560,60,Rully,9
60561,60,Russy-Bémont,
60562,60,Sacy-le-Grand,16
60563,60,Sacy-le-Petit,6
60564,60,Sains-Morainvillers,6
60565,60,Saint-André-Farivillers,9
60566,60,Saint-Arnoult,
60567,60,Saint-Aubin-en-Bray,18
60568,60,Saint-Aubin-sous-Erquery,
60569,60,Saint-Crépin-aux-Bois,
60570,60,Saint-Crépin-Ibouvillers,26
60571,60,Saint-Deniscourt,0
60572,60,Saint-Étienne-Roilaye,
60573,60,Sainte-Eusoye,
60574,60,Saint-Félix,9
60575,60,Sainte-Geneviève,57
60576,60,Saint-Germain-la-Poterie,5
60577,60,Saint-Germer-de-Fly,38
60578,60,Saintines,22
60579,60,Saint-Jean-aux-Bois,6
60581,60,Saint-Just-en-Chaussée,200
60582,60,Saint-Léger-aux-Bois,14
60583,60,Saint-Léger-en-Bray,5
60584,60,Saint-Leu-d'Esserent,120
60585,60,Saint-Martin-aux-Bois,10
60586,60,Saint-Martin-le-Nœud,17
60587,60,Saint-Martin-Longueau,27
60588,60,Saint-Maur,
60589,60,Saint-Maximin,71
60590,60,Saint-Omer-en-Chaussée,23
60591,60,Saint-Paul,17
60592,60,Saint-Pierre-es-Champs,16
60593,60,Saint-Pierre-lès-Bitry,
60594,60,Saint-Quentin-des-Prés,6
60595,60,Saint-Remy-en-l'Eau,
60596,60,Saint-Samson-la-Poterie,
60597,60,Saint-Sauveur,28
60598,60,Saint-Sulpice,11
60599,60,Saint-Thibault,
60600,60,Saint-Vaast-de-Longmont,11
60601,60,Saint-Vaast-lès-Mello,14
60602,60,Saint-Valery,
60603,60,Salency,24
60604,60,Sarcus,
60605,60,Sarnois,
60608,60,Le Saulchoy,
60609,60,Savignies,9
60610,60,Sempigny,12
60611,60,Senantes,16
60612,60,Senlis,315
60613,60,Senots,9
60614,60,Serans,
60615,60,Sérévillers,
60616,60,Sérifontaine,81
60617,60,Sermaize,
60618,60,Séry-Magneval,
60619,60,Silly-le-Long,12
60620,60,Silly-Tillard,9
60621,60,Solente,
60622,60,Sommereux,10
60623,60,Songeons,16
60624,60,Sully,
60625,60,Suzoy,7
60626,60,Talmontiers,20
60627,60,Tartigny,
60628,60,Therdonne,14
60629,60,Thérines,6
60630,60,Thibivillers,
60631,60,Thiers-sur-Thève,22
60632,60,Thiescourt,19
60633,60,Thieuloy-Saint-Antoine,5
60634,60,Thieux,
60635,60,Thiverny,44
60636,60,Thourotte,121
60637,60,Thury-en-Valois,8
60638,60,Thury-sous-Clermont,16
60639,60,Tillé,13
60640,60,Tourly,
60641,60,Tracy-le-Mont,27
60642,60,Tracy-le-Val,19
60643,60,Tricot,37
60644,60,Trie-Château,33
60645,60,Trie-la-Ville,
60646,60,Troissereux,14
60647,60,Trosly-Breuil,40
60648,60,Troussencourt,
60649,60,Troussures,
60650,60,Trumilly,7
60651,60,Ully-Saint-Georges,30
60652,60,Valdampierre,11
60653,60,Valescourt,
60654,60,Vandélicourt,
60655,60,Varesnes,11
60656,60,Varinfroy,
60657,60,Vauchelles,8
60658,60,Vauciennes,8
60659,60,Vaudancourt,
60660,60,Le Vaumain,5
60661,60,Vaumoise,22
60662,60,Le Vauroux,9
60663,60,Velennes,
60664,60,Vendeuil-Caply,9
60665,60,Venette,59
60666,60,Ver-sur-Launette,21
60667,60,Verberie,89
60668,60,Verderel-lès-Sauqueuse,
60669,60,Verderonne,5
60670,60,Verneuil-en-Halatte,64
60671,60,Versigny,6
60672,60,Vez,
60673,60,Viefvillers,
60674,60,Vieux-Moulin,9
60675,60,Vignemont,5
60676,60,Ville,17
60677,60,Villembray,
60678,60,Villeneuve-les-Sablons,23
60679,60,La Villeneuve-sous-Thury,
60680,60,Villeneuve-sur-Verberie,15
60681,60,Villers-Saint-Barthélemy,7
60682,60,Villers-Saint-Frambourg,7
60683,60,Villers-Saint-Genest,
60684,60,Villers-Saint-Paul,222
60685,60,Villers-Saint-Sépulcre,29
60686,60,Villers-sous-Saint-Leu,35
60687,60,Villers-sur-Auchy,
60688,60,Villers-sur-Bonnières,
60689,60,Villers-sur-Coudun,13
60690,60,Villers-sur-Trie,5
60691,60,Villers-Vermont,
60692,60,Villers-Vicomte,
60693,60,Villeselve,10
60694,60,Villotran,8
60695,60,Vineuil-Saint-Firmin,17
60697,60,Vrocourt,
60698,60,Wacquemoulin,
60699,60,Wambez,
60700,60,Warluis,28
60701,60,Wavignies,29
60702,60,Welles-Pérennes,
60703,60,Aux Marais,16
62001,62,Ablain-Saint-Nazaire,18
62002,62,Ablainzevelle,
62003,62,Acheville,9
62004,62,Achicourt,205
62005,62,Achiet-le-Grand,20
62006,62,Achiet-le-Petit,8
62007,62,Acq,7
62008,62,Acquin-Westbécourt,8
62009,62,Adinfer,
62010,62,Affringues,
62011,62,Agnez-lès-Duisans,5
62012,62,Agnières,
62013,62,Agny,43
62014,62,Aire-sur-la-Lys,236
62015,62,Airon-Notre-Dame,
62016,62,Airon-Saint-Vaast,
62017,62,Aix-en-Ergny,
62018,62,Aix-en-Issart,11
62019,62,Aix-Noulette,73
62020,62,Alembon,8
62021,62,Alette,6
62022,62,Alincthun,
62023,62,Allouagne,68
62024,62,Alquines,15
62025,62,Ambleteuse,50
62026,62,Ambricourt,
62027,62,Ambrines,
62028,62,Ames,14
62029,62,Amettes,8
62030,62,Amplier,
62031,62,Andres,44
62032,62,Angres,112
62033,62,Annay,133
62034,62,Annequin,67
62035,62,Annezin,158
62036,62,Anvin,23
62037,62,Anzin-Saint-Aubin,32
62038,62,Ardres,120
62039,62,Arleux-en-Gohelle,13
62040,62,Arques,281
62041,62,Arras,1806
62042,62,Athies,13
62043,62,Les Attaques,50
62044,62,Attin,19
62045,62,Aubigny-en-Artois,31
62046,62,Aubin-Saint-Vaast,18
62047,62,Aubrometz,
62048,62,Auchel,435
62049,62,Auchy-au-Bois,8
62050,62,Auchy-lès-Hesdin,41
62051,62,Auchy-les-Mines,136
62052,62,Audembert,10
62053,62,Audincthun,12
62054,62,Audinghen,14
62055,62,Audrehem,10
62056,62,Audresselles,23
62057,62,Audruicq,124
62058,62,Aumerval,
62059,62,Autingues,
62060,62,Auxi-le-Château,103
62061,62,Averdoingt,
62062,62,Avesnes,0
62063,62,Avesnes-le-Comte,38
62064,62,Avesnes-lès-Bapaume,
62065,62,Avion,737
62066,62,Avondance,
62067,62,Avroult,8
62068,62,Ayette,
62069,62,Azincourt,5
62070,62,Bailleul-aux-Cornailles,
62071,62,Bailleul-lès-Pernes,
62072,62,Bailleulmont,
62073,62,Bailleul-Sir-Berthoult,15
62074,62,Bailleulval,
62075,62,Baincthun,21
62076,62,Bainghen,
62077,62,Bajus,
62078,62,Balinghem,26
62079,62,Bancourt,
62080,62,Bapaume,94
62081,62,Baralle,13
62082,62,Barastre,
62083,62,Barlin,269
62084,62,Barly,
62085,62,Basseux,
62086,62,Bavincourt,12
62087,62,Bayenghem-lès-Éperlecques,20
62088,62,Bayenghem-lès-Seninghem,
62089,62,Bazinghen,
62090,62,Béalencourt,
62091,62,Beaudricourt,
62092,62,Beaufort-Blavincourt,7
62093,62,Beaulencourt,8
62094,62,Beaumerie-Saint-Martin,6
62095,62,Beaumetz-lès-Aire,7
62096,62,Beaumetz-lès-Cambrai,17
62097,62,Beaumetz-lès-Loges,20
62099,62,Beaurains,127
62100,62,Beaurainville,36
62101,62,Beauvois,
62102,62,Bécourt,
62103,62,Béhagnies,
62104,62,Bellebrune,
62105,62,Belle-et-Houllefort,9
62106,62,Bellonne,5
62107,62,Bénifontaine,8
62108,62,Berck,610
62109,62,Bergueneuse,6
62111,62,Berlencourt-le-Cauroy,
62112,62,Berles-au-Bois,12
62113,62,Berles-Monchel,7
62114,62,Bermicourt,
62115,62,Berneville,5
62116,62,Bernieulles,
62117,62,Bertincourt,10
62118,62,Béthonsart,
62119,62,Béthune,1015
62120,62,Beugin,
62121,62,Beugnâtre,
62122,62,Beugny,
62123,62,Beussent,6
62124,62,Beutin,6
62125,62,Beuvrequen,9
62126,62,Beuvry,278
62127,62,Bezinghem,
62128,62,Biache-Saint-Vaast,99
62129,62,Biefvillers-lès-Bapaume,
62130,62,Bienvillers-au-Bois,7
62131,62,Bihucourt,
62132,62,Billy-Berclau,96
62133,62,Billy-Montigny,324
62134,62,Bimont,
62135,62,Blairville,5
62137,62,Blangerval-Blangermont,
62138,62,Blangy-sur-Ternoise,10
62139,62,Blendecques,151
62140,62,Bléquin,5
62141,62,Blessy,10
62142,62,Blingel,
62143,62,Boffles,0
62144,62,Boiry-Becquerelle,
62145,62,Boiry-Notre-Dame,7
62146,62,Boiry-Saint-Martin,
62147,62,Boiry-Sainte-Rictrude,
62148,62,Bois-Bernard,20
62149,62,Boisdinghem,
62150,62,Boisjean,9
62151,62,Boisleux-au-Mont,12
62152,62,Boisleux-Saint-Marc,
62153,62,Bomy,10
62154,62,Bonnières,18
62155,62,Bonningues-lès-Ardres,11
62156,62,Bonningues-lès-Calais,13
62157,62,Boubers-lès-Hesmond,
62158,62,Boubers-sur-Canche,17
62160,62,Boulogne-sur-Mer,1909
62161,62,Bouquehault,10
62162,62,Bourecq,11
62163,62,Bouret-sur-Canche,
62164,62,Bourlon,30
62165,62,Bournonville,
62166,62,Bours,6
62167,62,Boursin,
62168,62,Bourthes,5
62169,62,Bouvelinghem,
62170,62,Bouvigny-Boyeffles,37
62171,62,Boyaval,
62172,62,Boyelles,6
62173,62,Brebières,96
62174,62,Brêmes,38
62175,62,Brévillers,
62176,62,Bréxent-Énocq,14
62177,62,Brimeux,15
62178,62,Bruay-la-Buissière,845
62179,62,Brunembert,6
62180,62,Brias,
62181,62,Bucquoy,29
62182,62,Buire-au-Bois,
62183,62,Buire-le-Sec,24
62184,62,Buissy,
62185,62,Bullecourt,
62186,62,Bully-les-Mines,423
62187,62,Buneville,6
62188,62,Burbure,66
62189,62,Bus,
62190,62,Busnes,21
62191,62,Caffiers,17
62192,62,Cagnicourt,
62193,62,Calais,3557
62194,62,Calonne-Ricouart,205
62195,62,Calonne-sur-la-Lys,21
62196,62,La Calotterie,11
62197,62,Camblain-Châtelain,45
62198,62,Cambligneul,
62199,62,Camblain-l'Abbé,9
62200,62,Cambrin,21
62201,62,Camiers,66
62202,62,Campagne-lès-Boulonnais,7
62203,62,Campagne-lès-Guines,7
62204,62,Campagne-lès-Hesdin,37
62205,62,Campagne-lès-Wardrecques,10
62206,62,Campigneulles-les-Grandes,6
62207,62,Campigneulles-les-Petites,10
62208,62,Canettemont,
62209,62,Canlers,
62210,62,Canteleux,0
62211,62,Capelle-Fermont,
62212,62,Capelle-lès-Hesdin,10
62213,62,Carency,8
62214,62,Carly,14
62215,62,Carvin,529
62216,62,La Cauchie,
62217,62,Cauchy-à-la-Tour,93
62218,62,Caucourt,5
62219,62,Caumont,5
62220,62,Cavron-Saint-Martin,13
62221,62,Chelers,
62222,62,Chériennes,
62223,62,Chérisy,
62224,62,Chocques,53
62225,62,Clairmarais,5
62226,62,Clarques,5
62227,62,Clenleu,
62228,62,Clerques,8
62229,62,Cléty,7
62230,62,Colembert,8
62231,62,Colline-Beaumont,
62232,62,La Comté,10
62233,62,Conchil-le-Temple,29
62234,62,Conchy-sur-Canche,
62235,62,Condette,42
62236,62,Contes,
62237,62,Conteville-lès-Boulogne,
62238,62,Conteville-en-Ternois,
62239,62,Coquelles,61
62240,62,Corbehem,45
62241,62,Cormont,
62242,62,Couin,
62243,62,Coullemont,
62244,62,Coulogne,144
62245,62,Coulomby,10
62246,62,Coupelle-Neuve,8
62247,62,Coupelle-Vieille,7
62248,62,Courcelles-le-Comte,7
62249,62,Courcelles-lès-Lens,201
62250,62,Courrières,339
62251,62,Courset,7
62252,62,La Couture,41
62253,62,Couturelle,
62254,62,Coyecques,9
62255,62,Crémarest,10
62256,62,Crépy,
62257,62,Créquy,14
62258,62,Croisette,
62259,62,Croisilles,22
62260,62,Croix-en-Ternois,6
62261,62,Cucq,142
62262,62,Cuinchy,22
62263,62,Dainville,71
62264,62,Dannes,32
62265,62,Delettes,17
62266,62,Denier,
62267,62,Dennebrœucq,10
62268,62,Desvres,166
62269,62,Diéval,17
62270,62,Divion,239
62271,62,Dohem,8
62272,62,Douchy-lès-Ayette,
62273,62,Doudeauville,11
62274,62,Dourges,161
62275,62,Douriez,6
62276,62,Douvrin,133
62277,62,Drocourt,82
62278,62,Drouvin-le-Marais,
62279,62,Duisans,19
62280,62,Dury,7
62281,62,Echinghen,7
62282,62,Éclimeux,
62283,62,Écoivres,
62284,62,Écourt-Saint-Quentin,40
62285,62,Écoust-Saint-Mein,
62286,62,Ecquedecques,
62288,62,Ecques,28
62289,62,Écuires,12
62290,62,Écurie,
62291,62,Éleu-dit-Leauwette,98
62292,62,Elnes,21
62293,62,Embry,10
62294,62,Enguinegatte,10
62295,62,Enquin-les-Mines,20
62296,62,Enquin-sur-Baillons,
62297,62,Éperlecques,82
62298,62,Épinoy,8
62299,62,Eps,
62300,62,Équihen-Plage,97
62301,62,Équirre,
62302,62,Ergny,
62303,62,Érin,
62304,62,Erny-Saint-Julien,
62306,62,Ervillers,9
62307,62,Escalles,9
62308,62,Escœuilles,5
62309,62,Esquerdes,25
62310,62,Essars,27
62311,62,Estevelles,45
62312,62,Estrée,
62313,62,Estrée-Blanche,28
62314,62,Estrée-Cauchy,
62315,62,Estréelles,
62316,62,Estrée-Wamin,
62317,62,Étaing,
62318,62,Étaples,362
62319,62,Éterpigny,
62320,62,Étrun,
62321,62,Évin-Malmaison,150
62322,62,Famechon,
62323,62,Fampoux,21
62324,62,Farbus,
62325,62,Fauquembergues,29
62326,62,Favreuil,
62327,62,Febvin-Palfart,16
62328,62,Ferfay,20
62329,62,Ferques,44
62330,62,Festubert,19
62331,62,Feuchy,19
62332,62,Ficheux,5
62333,62,Fiefs,6
62334,62,Fiennes,19
62335,62,Fillièvres,11
62336,62,Fléchin,5
62337,62,Flers,
62338,62,Fleurbaix,33
62339,62,Fleury,
62340,62,Floringhem,21
62341,62,Foncquevillers,6
62342,62,Fontaine-lès-Boulans,
62343,62,Fontaine-lès-Croisilles,
62344,62,Fontaine-lès-Hermans,
62345,62,Fontaine-l'Étalon,
62346,62,Fortel-en-Artois,
62347,62,Fosseux,
62348,62,Foufflin-Ricametz,
62349,62,Fouquereuil,20
62350,62,Fouquières-lès-Béthune,16
62351,62,Fouquières-lès-Lens,214
62352,62,Framecourt,
62353,62,Frémicourt,
62354,62,Frencq,8
62355,62,Fresnes-lès-Montauban,15
62356,62,Fresnicourt-le-Dolmen,14
62357,62,Fresnoy,
62358,62,Fresnoy-en-Gohelle,
62359,62,Fressin,9
62360,62,Fréthun,24
62361,62,Frévent,171
62362,62,Frévillers,
62363,62,Frévin-Capelle,
62364,62,Fruges,71
62365,62,Galametz,
62366,62,Gauchin-Légal,
62367,62,Gauchin-Verloingt,18
62368,62,Gaudiempré,
62369,62,Gavrelle,7
62370,62,Gennes-Ivergny,
62371,62,Givenchy-en-Gohelle,35
62372,62,Givenchy-le-Noble,
62373,62,Givenchy-lès-la-Bassée,13
62374,62,Gomiécourt,
62375,62,Gommecourt,
62376,62,Gonnehem,43
62377,62,Gosnay,26
62378,62,Gouves,
62379,62,Gouy-en-Artois,
62380,62,Gouy-Servins,
62381,62,Gouy-en-Ternois,
62382,62,Gouy-Saint-André,15
62383,62,Gouy-sous-Bellonne,17
62384,62,Graincourt-lès-Havrincourt,14
62385,62,Grand-Rullecourt,5
62386,62,Grenay,294
62387,62,Grévillers,8
62388,62,Grigny,5
62389,62,Grincourt-lès-Pas,
62390,62,Groffliers,25
62391,62,Guarbecque,25
62392,62,Guémappe,
62393,62,Guemps,12
62395,62,Guigny,
62396,62,Guinecourt,0
62397,62,Guînes,223
62398,62,Guisy,5
62399,62,Habarcq,10
62400,62,Haillicourt,154
62401,62,Haisnes,117
62402,62,Halinghen,
62403,62,Hallines,30
62404,62,Halloy,
62405,62,Hamblain-les-Prés,5
62406,62,Hamelincourt,
62407,62,Ham-en-Artois,11
62408,62,Hames-Boucres,37
62409,62,Hannescamps,
62410,62,Haplincourt,
62411,62,Haravesnes,
62412,62,Hardinghen,24
62413,62,Harnes,459
62414,62,Haucourt,
62415,62,Haute-Avesnes,
62416,62,Hautecloque,
62418,62,Hauteville,
62419,62,Haut-Loquin,
62421,62,Havrincourt,10
62422,62,Hébuterne,11
62423,62,Helfaut,33
62424,62,Hendecourt-lès-Cagnicourt,
62425,62,Hendecourt-lès-Ransart,
62426,62,Héninel,
62427,62,Hénin-Beaumont,994
62428,62,Hénin-sur-Cojeul,7
62429,62,Henneveux,
62430,62,Hénu,
62431,62,Herbelles,6
62432,62,Herbinghen,8
62433,62,Héricourt,
62434,62,La Herlière,
62435,62,Herlincourt,
62436,62,Herlin-le-Sec,
62437,62,Herly,
62438,62,Hermaville,12
62439,62,Hermelinghen,5
62440,62,Hermies,23
62441,62,Hermin,
62442,62,Hernicourt,13
62443,62,Hersin-Coupigny,207
62444,62,Hervelinghen,
62445,62,Hesdigneul-lès-Béthune,18
62446,62,Hesdigneul-lès-Boulogne,10
62447,62,Hesdin,97
62448,62,Hesdin-l'Abbé,45
62449,62,Hesmond,
62450,62,Hestrus,
62451,62,Heuchin,13
62452,62,Heuringhem,17
62453,62,Hézecques,
62454,62,Hinges,37
62455,62,Hocquinghen,
62456,62,Houchin,9
62457,62,Houdain,201
62458,62,Houlle,17
62459,62,Houvin-Houvigneul,
62460,62,Hubersent,
62461,62,Huby-Saint-Leu,17
62462,62,Huclier,
62463,62,Hucqueliers,6
62464,62,Hulluch,85
62465,62,Humbercamps,
62466,62,Humbert,
62467,62,Humerœuille,
62468,62,Humières,
62469,62,Inchy-en-Artois,10
62470,62,Incourt,
62471,62,Inghem,8
62472,62,Inxent,
62473,62,Isbergues,216
62474,62,Isques,22
62475,62,Ivergny,
62476,62,Izel-lès-Équerchin,13
62477,62,Izel-lès-Hameau,11
62478,62,Journy,
62479,62,Labeuvrière,29
62480,62,Labourse,65
62481,62,Labroye,
62483,62,Lacres,
62484,62,Lagnicourt-Marcel,
62485,62,Laires,8
62486,62,Lambres,20
62487,62,Landrethun-le-Nord,28
62488,62,Landrethun-lès-Ardres,9
62489,62,Lapugnoy,87
62490,62,Lattre-Saint-Quentin,
62491,62,Laventie,77
62492,62,Lebiez,6
62493,62,Lebucquière,
62494,62,Léchelle,
62495,62,Ledinghem,
62496,62,Lefaux,5
62497,62,Leforest,198
62498,62,Lens,1661
62499,62,Lépine,5
62500,62,Lespesses,
62501,62,Lespinoy,11
62502,62,Lestrem,59
62503,62,Leubringhen,6
62504,62,Leulinghem,
62505,62,Leulinghen-Bernes,
62506,62,Licques,32
62507,62,Liencourt,
62508,62,Lières,6
62509,62,Liettres,6
62510,62,Liévin,1356
62511,62,Lignereuil,
62512,62,Ligny-lès-Aire,8
62513,62,Ligny-sur-Canche,
62514,62,Ligny-Saint-Flochel,
62515,62,Ligny-Thilloy,6
62516,62,Lillers,320
62517,62,Linghem,6
62518,62,Linzeux,5
62519,62,Lisbourg,15
62520,62,Locon,43
62521,62,La Loge,
62522,62,Loison-sur-Créquoise,
62523,62,Loison-sous-Lens,190
62524,62,Longfossé,22
62525,62,Longuenesse,325
62526,62,Longueville,
62527,62,Longvilliers,
62528,62,Loos-en-Gohelle,202
62529,62,Lorgies,15
62530,62,Lottinghen,6
62531,62,Louches,16
62532,62,Lozinghem,28
62533,62,Lugy,
62534,62,Lumbres,94
62535,62,La Madelaine-sous-Montreuil,
62536,62,Magnicourt-en-Comte,10
62537,62,Magnicourt-sur-Canche,
62538,62,Maintenay,
62539,62,Maisnil,
62540,62,Maisnil-lès-Ruitz,38
62541,62,Maisoncelle,
62542,62,Maizières,
62543,62,Mametz,47
62544,62,Manin,
62545,62,Maninghem,
62546,62,Maninghen-Henne,
62547,62,Marant,
62548,62,Marck,218
62549,62,Marconne,18
62550,62,Marconnelle,24
62551,62,Marenla,
62552,62,Maresquel-Ecquemicourt,19
62553,62,Marest,5
62554,62,Maresville,
62555,62,Marles-les-Mines,217
62556,62,Marles-sur-Canche,9
62557,62,Marœuil,50
62558,62,Marquay,
62559,62,Marquion,19
62560,62,Marquise,116
62561,62,Martinpuich,
62562,62,Matringhem,8
62563,62,Mazingarbe,297
62564,62,Mazinghem,5
62565,62,Mencas,
62566,62,Menneville,9
62567,62,Mentque-Nortbécourt,8
62568,62,Mercatel,12
62569,62,Merck-Saint-Liévin,15
62570,62,Méricourt,403
62571,62,Merlimont,85
62572,62,Metz-en-Couture,13
62573,62,Meurchin,99
62574,62,Mingoval,
62576,62,Moncheaux-lès-Frévent,
62577,62,Monchel-sur-Canche,
62578,62,Monchiet,0
62579,62,Monchy-au-Bois,
62580,62,Monchy-Breton,5
62581,62,Monchy-Cayeux,13
62582,62,Monchy-le-Preux,13
62583,62,Mondicourt,12
62584,62,Mont-Bernanchon,19
62585,62,Montcavrel,
62586,62,Montenescourt,9
62587,62,Montigny-en-Gohelle,390
62588,62,Montreuil,60
62589,62,Mont-Saint-Éloi,15
62590,62,Monts-en-Ternois,
62591,62,Morchies,
62592,62,Moringhem,
62593,62,Morval,
62594,62,Mory,10
62595,62,Moulle,22
62596,62,Mouriez,5
62597,62,Moyenneville,
62598,62,Muncq-Nieurlet,17
62599,62,Nabringhen,
62600,62,Nédon,5
62601,62,Nédonchel,
62602,62,Nempont-Saint-Firmin,
62603,62,Nesles,31
62604,62,Neufchâtel-Hardelot,77
62605,62,Neulette,
62606,62,Neuve-Chapelle,9
62607,62,Neuville-au-Cornet,
62608,62,Neuville-Bourjonval,
62609,62,Neuville-Saint-Vaast,14
62610,62,Neuville-sous-Montreuil,23
62611,62,Neuville-Vitasse,6
62612,62,Neuvireuil,
62613,62,Nielles-lès-Bléquin,17
62614,62,Nielles-lès-Ardres,10
62615,62,Nielles-lès-Calais,
62616,62,Nœux-lès-Auxi,5
62617,62,Nœux-les-Mines,386
62618,62,Nordausques,14
62619,62,Noreuil,
62620,62,Norrent-Fontes,29
62621,62,Nortkerque,30
62622,62,Nort-Leulinghem,
62623,62,Nouvelle-Église,14
62624,62,Noyelles-Godault,192
62625,62,Noyelles-lès-Humières,
62626,62,Noyelles-lès-Vermelles,38
62627,62,Noyelles-sous-Bellonne,15
62628,62,Noyelles-sous-Lens,252
62629,62,Noyellette,
62630,62,Noyelle-Vion,
62631,62,Nuncq-Hautecôte,6
62632,62,Oblinghem,
62633,62,Œuf-en-Ternois,
62634,62,Offekerque,32
62635,62,Offin,
62636,62,Offrethun,6
62637,62,Oignies,370
62638,62,Oisy-le-Verger,21
62639,62,Oppy,
62640,62,Orville,9
62641,62,Ostreville,
62642,62,Ourton,9
62643,62,Outreau,434
62644,62,Ouve-Wirquin,10
62645,62,Oye-Plage,118
62646,62,Palluel,17
62647,62,Le Parcq,17
62648,62,Parenty,6
62649,62,Pas-en-Artois,11
62650,62,Pelves,15
62651,62,Penin,
62652,62,Pernes,36
62653,62,Pernes-lès-Boulogne,8
62654,62,Peuplingues,12
62655,62,Pierremont,
62656,62,Pihem,16
62657,62,Pihen-lès-Guînes,12
62658,62,Pittefaux,
62659,62,Planques,
62660,62,Plouvain,10
62661,62,Bouin-Plumoison,9
62662,62,Polincove,13
62663,62,Pommera,
62664,62,Pommier,
62665,62,Le Ponchel,
62666,62,Pont-à-Vendin,108
62667,62,Le Portel,374
62668,62,Prédefin,
62669,62,Pressy,
62670,62,Preures,
62671,62,Pronville,
62672,62,Puisieux,14
62673,62,Quéant,10
62674,62,Quelmes,
62675,62,Quercamps,
62676,62,Quernes,6
62677,62,Le Quesnoy-en-Artois,7
62678,62,Quesques,5
62679,62,Questrecques,
62680,62,Quiéry-la-Motte,11
62681,62,Quiestède,6
62682,62,Quilen,
62683,62,Quœux-Haut-Maînil,11
62684,62,Racquinghem,33
62685,62,Radinghem,
62686,62,Ramecourt,
62688,62,Rang-du-Fliers,99
62689,62,Ransart,
62690,62,Raye-sur-Authie,5
62691,62,Rebecques,
62692,62,Rebergues,0
62693,62,Rebreuve-Ranchicourt,22
62694,62,Rebreuve-sur-Canche,
62695,62,Rebreuviette,6
62696,62,Reclinghem,7
62697,62,Récourt,
62698,62,Recques-sur-Course,
62699,62,Recques-sur-Hem,10
62700,62,Regnauville,
62701,62,Rely,7
62702,62,Remilly-Wirquin,
62703,62,Rémy,6
62704,62,Renty,9
62705,62,Rety,55
62706,62,Richebourg,41
62708,62,Riencourt-lès-Bapaume,
62709,62,Riencourt-lès-Cagnicourt,
62710,62,Rimboval,
62711,62,Rinxent,85
62712,62,Rivière,17
62713,62,Robecq,16
62714,62,Roclincourt,16
62715,62,Rocquigny,
62716,62,Rodelinghem,9
62717,62,Roëllecourt,13
62718,62,Rœux,25
62719,62,Rollancourt,
62720,62,Rombly,0
62721,62,Roquetoire,23
62722,62,Rougefay,
62723,62,Roussent,
62724,62,Rouvroy,370
62725,62,Royon,
62726,62,Ruisseauville,
62727,62,Ruitz,20
62728,62,Rumaucourt,16
62729,62,Rumilly,
62730,62,Ruminghem,29
62731,62,Ruyaulcourt,
62732,62,Sachin,
62733,62,Sailly-au-Bois,
62734,62,Sailly-en-Ostrevent,10
62735,62,Sailly-Labourse,50
62736,62,Sailly-sur-la-Lys,48
62737,62,Sains-en-Gohelle,220
62738,62,Sains-lès-Fressin,
62739,62,Sains-lès-Marquion,
62740,62,Sains-lès-Pernes,
62741,62,Saint-Amand,
62742,62,Saint-Aubin,
62743,62,Sainte-Austreberthe,5
62744,62,Sainte-Catherine,54
62745,62,Saint-Denœux,
62746,62,Saint-Étienne-au-Mont,156
62747,62,Saint-Floris,
62748,62,Saint-Folquin,37
62749,62,Saint-Georges,5
62750,62,Saint-Hilaire-Cottes,21
62751,62,Saint-Inglevert,8
62752,62,Saint-Josse,17
62753,62,Saint-Laurent-Blangy,137
62754,62,Saint-Léger,9
62755,62,Saint-Léonard,64
62756,62,Sainte-Marie-Kerque,38
62757,62,Saint-Martin-au-Laërt,88
62758,62,Saint-Martin-Boulogne,343
62759,62,Saint-Martin-Choquel,7
62760,62,Saint-Martin-d'Hardinghem,7
62761,62,Saint-Martin-sur-Cojeul,
62762,62,Saint-Michel-sous-Bois,
62763,62,Saint-Michel-sur-Ternoise,10
62764,62,Saint-Nicolas,185
62765,62,Saint-Omer,759
62766,62,Saint-Omer-Capelle,19
62767,62,Saint-Pol-sur-Ternoise,174
62768,62,Saint-Rémy-au-Bois,
62769,62,Saint-Tricat,24
62770,62,Saint-Venant,54
62771,62,Sallaumines,423
62772,62,Salperwick,8
62773,62,Samer,90
62774,62,Sangatte,105
62775,62,Sanghen,6
62776,62,Sapignies,
62777,62,Le Sars,
62778,62,Sars-le-Bois,
62779,62,Sarton,
62780,62,Sauchy-Cauchy,8
62781,62,Sauchy-Lestrée,9
62782,62,Saudemont,
62783,62,Saulchoy,7
62784,62,Saulty,20
62785,62,Savy-Berlette,12
62786,62,Selles,
62787,62,Sempy,
62788,62,Seninghem,16
62789,62,Senlecques,
62790,62,Senlis,
62791,62,Séricourt,
62792,62,Serques,16
62793,62,Servins,19
62794,62,Setques,8
62795,62,Sibiville,
62796,62,Simencourt,7
62797,62,Siracourt,
62798,62,Sombrin,5
62799,62,Sorrus,
62800,62,Souastre,9
62801,62,Souchez,50
62802,62,Le Souich,
62803,62,Surques,6
62804,62,Sus-Saint-Léger,8
62805,62,Tangry,
62806,62,Tardinghen,
62807,62,Tatinghem,24
62808,62,Teneur,8
62809,62,Ternas,
62810,62,Thélus,19
62811,62,Thérouanne,14
62812,62,Thiembronne,17
62813,62,La Thieuloye,
62814,62,Thièvres,
62815,62,Tigny-Noyelle,
62816,62,Tilloy-lès-Hermaville,
62817,62,Tilloy-lès-Mofflaines,20
62818,62,Tilly-Capelle,
62819,62,Tilques,14
62820,62,Tincques,17
62821,62,Tingry,6
62822,62,Tollent,
62823,62,Torcy,
62824,62,Tortefontaine,
62825,62,Tortequesne,21
62826,62,Le Touquet-Paris-Plage,92
62827,62,Tournehem-sur-la-Hem,33
62828,62,Tramecourt,
62829,62,Le Transloy,5
62830,62,Trescault,
62831,62,Troisvaux,0
62832,62,Tubersent,5
62833,62,Vacquerie-le-Boucq,
62834,62,Vacqueriette-Erquières,
62835,62,Valhuon,7
62836,62,Vaudricourt,11
62837,62,Vaudringhem,8
62838,62,Vaulx,
62839,62,Vaulx-Vraucourt,16
62840,62,Vélu,
62841,62,Vendin-lès-Béthune,47
62842,62,Vendin-le-Vieil,220
62843,62,Verchin,
62844,62,Verchocq,5
62845,62,Verlincthun,
62846,62,Vermelles,109
62847,62,Verquigneul,27
62848,62,Verquin,84
62849,62,Verton,52
62850,62,Vieil-Hesdin,6
62851,62,Vieille-Chapelle,5
62852,62,Vieille-Église,25
62853,62,Vieil-Moutier,7
62854,62,Villers-au-Bois,6
62855,62,Villers-au-Flos,
62856,62,Villers-Brûlin,6
62857,62,Villers-Châtel,
62858,62,Villers-lès-Cagnicourt,
62859,62,Villers-l'Hôpital,
62860,62,Villers-Sir-Simon,
62861,62,Vimy,69
62862,62,Vincly,
62863,62,Violaines,76
62864,62,Vis-en-Artois,13
62865,62,Vitry-en-Artois,105
62866,62,Waben,9
62867,62,Wacquinghen,6
62868,62,Wail,
62869,62,Wailly,10
62870,62,Wailly-Beaucamp,13
62871,62,Wambercourt,5
62872,62,Wamin,5
62873,62,Wancourt,7
62874,62,Wanquetin,12
62875,62,Wardrecques,15
62876,62,Warlencourt-Eaucourt,
62877,62,Warlincourt-lès-Pas,
62878,62,Warlus,
62879,62,Warluzel,
62880,62,Le Wast,
62881,62,Beauvoir-Wavans,8
62882,62,Wavrans-sur-l'Aa,18
62883,62,Wavrans-sur-Ternoise,
62885,62,Westrehem,
62886,62,Wicquinghem,
62887,62,Widehem,
62888,62,Wierre-au-Bois,
62889,62,Wierre-Effroy,10
62890,62,Willeman,
62891,62,Willencourt,
62892,62,Willerval,5
62893,62,Wimereux,222
62894,62,Wimille,121
62895,62,Wingles,316
62896,62,Wirwignes,8
62897,62,Wismes,7
62898,62,Wisques,
62899,62,Wissant,30
62900,62,Witternesse,5
62901,62,Wittes,21
62902,62,Wizernes,72
62903,62,Zoteux,9
62904,62,Zouafques,10
62905,62,Zudausques,5
62906,62,Zutkerque,41
62907,62,Libercourt,326
62908,62,La Capelle-lès-Boulogne,24
62909,62,Ytres,
80001,80,Abbeville,998
80002,80,Ablaincourt-Pressoir,5
80003,80,Acheux-en-Amiénois,12
80004,80,Acheux-en-Vimeu,6
80005,80,Agenville,
80006,80,Agenvillers,
80008,80,Aigneville,22
80009,80,Ailly-le-Haut-Clocher,23
80010,80,Ailly-sur-Noye,48
80011,80,Ailly-sur-Somme,76
80013,80,Airaines,76
80014,80,Aizecourt-le-Bas,
80015,80,Aizecourt-le-Haut,
80016,80,Albert,287
80017,80,Allaines,8
80018,80,Allenay,
80019,80,Allery,14
80020,80,Allonville,17
80021,80,Amiens,5160
80022,80,Andainville,6
80023,80,Andechy,
80024,80,Argœuves,6
80025,80,Argoules,
80026,80,Arguel,
80027,80,Armancourt,
80028,80,Arquèves,
80029,80,Arrest,23
80030,80,Arry,
80031,80,Arvillers,16
80032,80,Assainvillers,
80033,80,Assevillers,
80034,80,Athies,11
80035,80,Aubercourt,
80036,80,Aubigny,8
80037,80,Aubvillers,
80038,80,Auchonvillers,
80039,80,Ault,64
80040,80,Aumâtre,
80041,80,Aumont,
80042,80,Autheux,
80043,80,Authie,9
80044,80,Authieule,
80045,80,Authuille,
80046,80,Avelesges,
80047,80,Aveluy,7
80048,80,Avesnes-Chaussoy,
80049,80,Ayencourt,
80050,80,Bacouel-sur-Selle,
80051,80,Bailleul,
80052,80,Baizieux,
80053,80,Balâtre,
80054,80,Barleux,10
80055,80,Barly,
80056,80,Bavelincourt,
80057,80,Bayencourt,
80058,80,Bayonvillers,
80059,80,Bazentin,
80060,80,Béalcourt,
80061,80,Beaucamps-le-Jeune,
80062,80,Beaucamps-le-Vieux,34
80063,80,Beauchamps,28
80064,80,Beaucourt-en-Santerre,
80065,80,Beaucourt-sur-l'Ancre,
80066,80,Beaucourt-sur-l'Hallue,
80067,80,Beaufort-en-Santerre,
80068,80,Beaumetz,
80069,80,Beaumont-Hamel,8
80070,80,Beauquesne,27
80071,80,Beauval,58
80073,80,Bécordel-Bécourt,
80074,80,Becquigny,
80076,80,Béhen,
80077,80,Béhencourt,10
80078,80,Bellancourt,7
80079,80,Belleuse,
80080,80,Belloy-en-Santerre,
80081,80,Belloy-Saint-Léonard,
80082,80,Belloy-sur-Somme,14
80083,80,Bergicourt,
80084,80,Bermesnil,
80085,80,Bernâtre,
80086,80,Bernaville,23
80087,80,Bernay-en-Ponthieu,
80088,80,Bernes,7
80089,80,Berneuil,
80090,80,Berny-en-Santerre,
80092,80,Bertangles,14
80093,80,Berteaucourt-les-Dames,30
80094,80,Berteaucourt-lès-Thennes,6
80095,80,Bertrancourt,7
80096,80,Béthencourt-sur-Mer,31
80097,80,Béthencourt-sur-Somme,
80098,80,Bettembos,
80099,80,Bettencourt-Rivière,
80100,80,Bettencourt-Saint-Ouen,13
80101,80,Beuvraignes,14
80102,80,Biaches,6
80103,80,Biarre,
80104,80,Biencourt,
80105,80,Billancourt,0
80106,80,Blangy-sous-Poix,6
80107,80,Blangy-Tronville,8
80108,80,Boisbergues,
80109,80,Le Boisle,12
80110,80,Boismont,10
80112,80,Bonnay,8
80113,80,Bonneville,7
80114,80,Bosquel,
80115,80,Bouchavesnes-Bergen,10
80116,80,Bouchoir,8
80117,80,Bouchon,
80118,80,Boufflers,
80119,80,Bougainville,5
80120,80,Bouillancourt-en-Séry,11
80121,80,Bouillancourt-la-Bataille,
80122,80,Bouquemaison,12
80123,80,Bourdon,7
80124,80,Bourseville,22
80125,80,Boussicourt,0
80126,80,Bouttencourt,15
80127,80,Bouvaincourt-sur-Bresle,10
80128,80,Bouvincourt-en-Vermandois,
80129,80,Bouzincourt,10
80130,80,Bovelles,
80131,80,Boves,64
80132,80,Braches,
80133,80,Brailly-Cornehotte,8
80134,80,Brassy,
80135,80,Bray-lès-Mareuil,
80136,80,Bray-sur-Somme,43
80137,80,Breilly,7
80138,80,Bresle,
80139,80,Breuil,
80140,80,Brévillers,
80141,80,Brie,8
80142,80,Briquemesnil-Floxicourt,
80143,80,Brocourt,
80144,80,Brouchy,11
80145,80,Brucamps,
80146,80,Brutelles,
80147,80,Buigny-l'Abbé,
80148,80,Buigny-lès-Gamaches,16
80149,80,Buigny-Saint-Maclou,9
80150,80,Buire-Courcelles,11
80151,80,Buire-sur-l'Ancre,
80152,80,Bus-la-Mésière,
80153,80,Bus-lès-Artois,
80154,80,Bussu,6
80155,80,Bussus-Bussuel,
80156,80,Bussy-lès-Daours,
80157,80,Bussy-lès-Poix,
80158,80,Buverchy,
80159,80,Cachy,
80160,80,Cagny,21
80161,80,Cahon,
80162,80,Caix,15
80163,80,Cambron,17
80164,80,Camon,125
80165,80,Camps-en-Amiénois,
80166,80,Canaples,17
80167,80,Canchy,7
80168,80,Candas,15
80169,80,Cannessières,
80170,80,Cantigny,
80171,80,Caours,8
80172,80,Cappy,14
80173,80,Cardonnette,
80174,80,Le Cardonnois,
80175,80,Carnoy,
80176,80,Carrépuis,
80177,80,Cartigny,20
80179,80,Caulières,
80180,80,Cavillon,
80181,80,Cayeux-en-Santerre,
80182,80,Cayeux-sur-Mer,85
80183,80,Cerisy-Buleux,
80184,80,Cerisy,15
80185,80,Champien,7
80186,80,Chaulnes,65
80187,80,La Chaussée-Tirancourt,6
80188,80,Chaussoy-Epagny,17
80189,80,La Chavatte,
80190,80,Chépy,29
80191,80,Chilly,
80192,80,Chipilly,
80193,80,Chirmont,
80194,80,Chuignes,
80195,80,Chuignolles,
80196,80,Citerne,
80197,80,Cizancourt,
80198,80,Clairy-Saulchoix,
80199,80,Cléry-sur-Somme,10
80200,80,Cocquerel,9
80201,80,Coigneux,
80202,80,Coisy,
80203,80,Colincamps,0
80204,80,Combles,16
80205,80,Condé-Folie,25
80206,80,Contalmaison,
80207,80,Contay,8
80208,80,Conteville,
80209,80,Contoire,7
80210,80,Contre,
80211,80,Conty,42
80212,80,Corbie,164
80213,80,Cottenchy,7
80214,80,Coullemelle,6
80215,80,Coulonvillers,
80216,80,Courcelette,0
80217,80,Courcelles-au-Bois,
80218,80,Courcelles-sous-Moyencourt,
80219,80,Courcelles-sous-Thoix,
80220,80,Courtemanche,
80221,80,Cramont,6
80222,80,Crécy-en-Ponthieu,43
80223,80,Crémery,
80224,80,Cressy-Omencourt,
80225,80,Creuse,
80226,80,Croix-Moligneaux,
80227,80,Croixrault,8
80228,80,Le Crotoy,60
80229,80,Crouy-Saint-Pierre,
80230,80,Curchy,7
80231,80,Curlu,
80232,80,Damery,6
80233,80,Dancourt-Popincourt,
80234,80,Daours,12
80235,80,Dargnies,42
80236,80,Davenescourt,9
80237,80,Démuin,10
80238,80,Dernancourt,7
80239,80,Devise,
80240,80,Doingt,40
80241,80,Domart-en-Ponthieu,27
80242,80,Domart-sur-la-Luce,6
80243,80,Domesmont,
80244,80,Dominois,
80245,80,Domléger-Longvillers,10
80246,80,Dommartin,
80247,80,Dompierre-Becquincourt,8
80248,80,Dompierre-sur-Authie,9
80249,80,Domqueur,
80250,80,Domvast,7
80251,80,Doudelainville,
80252,80,Douilly,7
80253,80,Doullens,275
80256,80,Dreuil-lès-Amiens,26
80258,80,Driencourt,
80259,80,Dromesnil,
80260,80,Drucat,16
80261,80,Dury,14
80262,80,Eaucourt-sur-Somme,8
80263,80,L'Échelle-Saint-Aurin,
80264,80,Éclusier-Vaux,9
80265,80,Embreville,23
80266,80,Englebelmer,
80267,80,Ennemain,
80268,80,Épagne-Épagnette,5
80269,80,Épaumesnil,
80270,80,Épécamps,
80271,80,Épehy,33
80272,80,Épénancourt,
80273,80,Éplessier,
80274,80,Eppeville,49
80275,80,Équancourt,6
80276,80,Équennes-Éramecourt,
80278,80,Erches,
80279,80,Ercheu,12
80280,80,Ercourt,
80281,80,Ergnies,
80282,80,Érondelle,9
80283,80,Esclainvillers,
80284,80,Esmery-Hallon,21
80285,80,Essertaux,
80287,80,Estrébœuf,
80288,80,Estrées-Deniécourt,9
80290,80,Estrées-lès-Crécy,7
80291,80,Estrées-sur-Noye,5
80292,80,Étalon,
80293,80,Ételfay,8
80294,80,Éterpigny,
80295,80,Étinehem,6
80296,80,L'Étoile,51
80297,80,Étréjust,
80298,80,Étricourt-Manancourt,12
80299,80,La Faloise,
80300,80,Falvy,
80301,80,Famechon,
80302,80,Faverolles,
80303,80,Favières,9
80304,80,Fay,6
80305,80,Ferrières,10
80306,80,Fescamps,
80307,80,Feuillères,
80308,80,Feuquières-en-Vimeu,67
80310,80,Fienvillers,10
80311,80,Fignières,
80312,80,Fins,6
80313,80,Flaucourt,5
80314,80,Flers,
80315,80,Flers-sur-Noye,5
80316,80,Flesselles,42
80317,80,Fleury,
80318,80,Flixecourt,85
80319,80,Fluy,
80320,80,Folies,
80321,80,Folleville,0
80322,80,Fonches-Fonchette,
80324,80,Fontaine-le-Sec,
80325,80,Fontaine-lès-Cappy,
80326,80,Fontaine-sous-Montdidier,
80327,80,Fontaine-sur-Maye,
80328,80,Fontaine-sur-Somme,14
80329,80,Forceville,
80330,80,Forceville-en-Vimeu,
80331,80,Forest-l'Abbaye,5
80332,80,Forest-Montiers,12
80333,80,Fort-Mahon-Plage,39
80334,80,Fossemanant,
80335,80,Foucaucourt-en-Santerre,
80336,80,Foucaucourt-Hors-Nesle,
80337,80,Fouencamps,
80338,80,Fouilloy,43
80339,80,Fouquescourt,
80340,80,Fourcigny,
80341,80,Fourdrinoy,5
80342,80,Framerville-Rainecourt,5
80343,80,Framicourt,
80344,80,Francières,
80345,80,Franleu,8
80346,80,Franqueville,
80347,80,Fransart,
80348,80,Fransu,
80349,80,Fransures,
80350,80,Franvillers,6
80351,80,Fréchencourt,
80352,80,Frémontiers,
80353,80,Fresnes-Mazancourt,
80354,80,Fresnes-Tilloloy,
80355,80,Fresneville,
80356,80,Fresnoy-Andainville,
80357,80,Fresnoy-au-Val,
80358,80,Fresnoy-en-Chaussée,
80359,80,Fresnoy-lès-Roye,5
80360,80,Fressenneville,59
80361,80,Frettecuisse,
80362,80,Frettemeule,
80364,80,Friaucourt,9
80365,80,Fricamps,
80366,80,Fricourt,8
80367,80,Frise,
80368,80,Friville-Escarbotin,156
80369,80,Frohen-sur-Authie,
80371,80,Froyelles,
80372,80,Frucourt,
80373,80,Gamaches,104
80374,80,Gapennes,
80375,80,Gauville,
80376,80,Gentelles,9
80377,80,Gézaincourt,8
80378,80,Ginchy,
80379,80,Glisy,10
80380,80,Gorenflos,
80381,80,Gorges,
80383,80,Goyencourt,
80384,80,Grandcourt,
80385,80,Grand-Laviers,
80386,80,Gratibus,
80387,80,Grattepanche,
80388,80,Grébault-Mesnil,
80389,80,Grécourt,0
80390,80,Grivesnes,
80391,80,Grivillers,
80392,80,Grouches-Luchuel,8
80393,80,Gruny,7
80395,80,Guerbigny,5
80396,80,Gueschart,
80397,80,Gueudecourt,
80399,80,Guignemicourt,
80400,80,Guillaucourt,14
80401,80,Guillemont,
80402,80,Guizancourt,0
80403,80,Guyencourt-sur-Noye,
80404,80,Guyencourt-Saulcourt,
80405,80,Hailles,
80406,80,Hallencourt,36
80407,80,Hallivillers,
80408,80,Halloy-lès-Pernois,6
80409,80,Hallu,
80410,80,Ham,168
80411,80,Le Hamel,16
80412,80,Hamelet,8
80413,80,Hancourt,
80414,80,Hangard,
80415,80,Hangest-en-Santerre,24
80416,80,Hangest-sur-Somme,14
80417,80,Harbonnières,50
80418,80,Hardecourt-aux-Bois,
80419,80,Hargicourt,9
80420,80,Harponville,
80421,80,Hattencourt,
80422,80,Hautvillers-Ouville,
80423,80,Havernas,
80424,80,Hébécourt,
80425,80,Hédauville,
80426,80,Heilly,6
80427,80,Hem-Hardinval,
80428,80,Hem-Monacu,
80429,80,Hénencourt,
80430,80,Herbécourt,
80431,80,Hérissart,5
80432,80,Herleville,
80433,80,Herly,
80434,80,Hervilly,10
80435,80,Hesbécourt,
80436,80,Hescamps,6
80437,80,Heucourt-Croquoison,
80438,80,Heudicourt,14
80439,80,Heuzecourt,
80440,80,Hiermont,
80442,80,Hombleux,33
80443,80,Hornoy-le-Bourg,19
80444,80,Huchenneville,17
80445,80,Humbercourt,
80446,80,Huppy,12
80447,80,Hyencourt-le-Grand,
80449,80,Ignaucourt,
80450,80,Inval-Boiron,
80451,80,Irles,
80452,80,Jumel,11
80453,80,Laboissière-en-Santerre,
80455,80,Lachapelle,
80456,80,Lafresguimont-Saint-Martin,7
80458,80,Lahoussoye,5
80459,80,Laleu,
80460,80,Lamaronde,
80461,80,Lamotte-Brebière,
80462,80,Lamotte-Buleux,
80463,80,Lamotte-Warfusée,10
80464,80,Lanchères,28
80465,80,Languevoisin-Quiquery,
80466,80,Lanches-Saint-Hilaire,
80467,80,Laucourt,
80468,80,Laviéville,7
80469,80,Lawarde-Mauger-l'Hortoy,
80470,80,Léalvillers,
80472,80,Lesbœufs,
80473,80,Liancourt-Fosse,
80474,80,Licourt,9
80475,80,Liéramont,
80476,80,Liercourt,7
80477,80,Ligescourt,
80478,80,Lignières,
80479,80,Lignières-Châtelain,
80480,80,Lignières-en-Vimeu,
80481,80,Lihons,10
80482,80,Limeux,
80484,80,Liomer,12
80485,80,Lœuilly,11
80486,80,Long,24
80487,80,Longavesnes,
80488,80,Longpré-les-Corps-Saints,61
80489,80,Longueau,124
80490,80,Longueval,
80491,80,Longuevillette,
80493,80,Louvencourt,
80494,80,Louvrechy,
80495,80,Lucheux,25
80496,80,Machiel,
80497,80,Machy,
80498,80,Mailly-Maillet,22
80499,80,Mailly-Raineval,
80500,80,Maisnières,10
80501,80,Maison-Ponthieu,10
80502,80,Maison-Roland,
80503,80,Maizicourt,
80504,80,Malpart,
80505,80,Mametz,
80507,80,Marcelcave,16
80508,80,Marché-Allouarde,
80509,80,Marchélepot,12
80511,80,Marestmontiers,
80512,80,Mareuil-Caubert,17
80513,80,Maricourt,
80514,80,Marieux,
80515,80,Marlers,
80516,80,Marquaix,9
80517,80,Marquivillers,
80518,80,Martainneville,14
80519,80,Matigny,11
80520,80,Maucourt,
80521,80,Maurepas,
80522,80,Le Mazis,
80523,80,Méaulte,17
80524,80,Méharicourt,18
80525,80,Meigneux,
80526,80,Le Meillard,
80527,80,Méneslies,5
80528,80,Méréaucourt,
80529,80,Mérélessart,
80530,80,Méricourt-l'Abbé,11
80531,80,Méricourt-en-Vimeu,
80532,80,Méricourt-sur-Somme,
80533,80,Mers-les-Bains,99
80535,80,Le Mesge,
80536,80,Mesnil-Bruntel,7
80537,80,Mesnil-Domqueur,
80538,80,Mesnil-en-Arrouaise,
80540,80,Mesnil-Martinsart,
80541,80,Mesnil-Saint-Georges,
80542,80,Mesnil-Saint-Nicaise,14
80543,80,Métigny,
80544,80,Mézerolles,6
80545,80,Mézières-en-Santerre,10
80546,80,Miannay,
80547,80,Millencourt,
80548,80,Millencourt-en-Ponthieu,
80549,80,Miraumont,12
80550,80,Mirvaux,
80551,80,Misery,
80552,80,Moislains,31
80553,80,Molliens-au-Bois,5
80554,80,Molliens-Dreuil,10
80555,80,Monchy-Lagache,21
80556,80,Mons-Boubert,11
80557,80,Estrées-Mons,20
80558,80,Monsures,
80559,80,Montagne-Fayel,
80560,80,Montauban-de-Picardie,
80561,80,Montdidier,193
80562,80,Montigny-sur-l'Hallue,
80563,80,Montigny-les-Jongleurs,
80565,80,Montonvillers,
80566,80,Fieffes-Montrelet,8
80568,80,Morchain,8
80569,80,Morcourt,8
80570,80,Moreuil,101
80571,80,Morisel,10
80572,80,Morlancourt,
80573,80,Morvillers-Saint-Saturnin,8
80574,80,Mouflers,
80575,80,Mouflières,
80576,80,Moyencourt,6
80577,80,Moyencourt-lès-Poix,
80578,80,Moyenneville,15
80579,80,Muille-Villette,12
80580,80,Nampont,
80582,80,Namps-Maisnil,13
80583,80,Nampty,
80584,80,Naours,18
80585,80,Nesle,55
80586,80,Nesle-l'Hôpital,5
80587,80,Neslette,
80588,80,Neufmoulin,
80589,80,Neuilly-le-Dien,
80590,80,Neuilly-l'Hôpital,9
80591,80,Neuville-au-Bois,
80592,80,Neuville-Coppegueule,11
80593,80,La Neuville-lès-Bray,
80594,80,Neuville-lès-Lœuilly,
80595,80,La Neuville-Sire-Bernard,
80596,80,Neuvillette,
80597,80,Nibas,8
80598,80,Nouvion,29
80599,80,Noyelles-en-Chaussée,6
80600,80,Noyelles-sur-Mer,25
80601,80,Nurlu,13
80602,80,Occoches,
80603,80,Ochancourt,5
80604,80,Offignies,
80605,80,Offoy,
80606,80,Oisemont,22
80607,80,Oissy,
80608,80,Omiécourt,
80609,80,Oneux,11
80611,80,Oresmaux,18
80613,80,Oust-Marest,16
80614,80,Outrebois,
80615,80,Ovillers-la-Boisselle,5
80616,80,Pargny,
80617,80,Parvillers-le-Quesnoy,
80618,80,Pendé,24
80619,80,Pernois,21
80620,80,Péronne,279
80621,80,Pertain,
80622,80,Picquigny,29
80623,80,Piennes-Onvillers,
80624,80,Pierregot,
80625,80,Pierrepont-sur-Avre,13
80626,80,Pissy,
80627,80,Plachy-Buyon,12
80628,80,Le Plessier-Rozainvillers,13
80629,80,Pœuilly,
80630,80,Poix-de-Picardie,50
80631,80,Ponches-Estruval,
80632,80,Pont-de-Metz,38
80633,80,Ponthoile,12
80634,80,Pont-Noyelles,7
80635,80,Pont-Remy,50
80637,80,Port-le-Grand,6
80638,80,Potte,
80639,80,Poulainville,22
80640,80,Pozières,
80642,80,Prouville,
80643,80,Prouzel,
80644,80,Proyart,15
80645,80,Puchevillers,13
80646,80,Punchy,
80647,80,Puzeaux,7
80648,80,Pys,
80649,80,Quend,45
80650,80,Querrieu,5
80651,80,Le Quesne,
80652,80,Le Quesnel,20
80654,80,Quesnoy-le-Montant,9
80655,80,Quesnoy-sur-Airaines,7
80656,80,Quevauvillers,26
80657,80,Quiry-le-Sec,
80658,80,Quivières,6
80659,80,Raincheval,
80661,80,Rainneville,10
80662,80,Ramburelles,
80663,80,Rambures,10
80664,80,Rancourt,
80665,80,Regnière-Écluse,
80666,80,Remaisnil,
80667,80,Remaugies,
80668,80,Remiencourt,
80669,80,Rethonvillers,6
80670,80,Revelles,8
80671,80,Ribeaucourt,
80672,80,Ribemont-sur-Ancre,14
80673,80,Riencourt,
80674,80,Rivery,69
80675,80,Rogy,
80676,80,Roiglise,7
80677,80,Roisel,55
80678,80,Rollot,14
80679,80,Ronssoy,12
80680,80,Rosières-en-Santerre,66
80681,80,Rouvrel,
80682,80,Rouvroy-en-Santerre,
80683,80,Rouy-le-Grand,
80684,80,Rouy-le-Petit,
80685,80,Roye,185
80686,80,Rubempré,14
80687,80,Rubescourt,
80688,80,Rue,84
80690,80,Rumigny,
80691,80,Saigneville,5
80692,80,Sailly-Flibeaucourt,25
80693,80,Sailly-Laurette,9
80694,80,Sailly-le-Sec,
80695,80,Sailly-Saillisel,14
80696,80,Sains-en-Amiénois,12
80697,80,Saint-Acheul,0
80698,80,Saint-Aubin-Montenoy,6
80699,80,Saint-Aubin-Rivière,
80700,80,Saint-Blimont,14
80701,80,Saint-Christ-Briost,8
80702,80,Saint-Fuscien,19
80703,80,Saint-Germain-sur-Bresle,
80704,80,Saint-Gratien,
80705,80,Saint-Léger-lès-Authie,
80706,80,Saint-Léger-lès-Domart,72
80707,80,Saint-Léger-sur-Bresle,
80708,80,Saint-Mard,
80709,80,Saint-Maulvis,
80710,80,Saint-Maxent,6
80711,80,Saint-Ouen,88
80713,80,Saint-Quentin-en-Tourmont,8
80714,80,Saint-Quentin-la-Motte-Croix-au-Bailly,28
80716,80,Saint-Riquier,24
80717,80,Saint-Sauflieu,18
80718,80,Saint-Sauveur,36
80719,80,Sainte-Segrée,
80721,80,Saint-Valery-sur-Somme,50
80722,80,Saint-Vaast-en-Chaussée,13
80723,80,Saisseval,
80724,80,Saleux,58
80725,80,Salouël,62
80726,80,Sancourt,
80728,80,Saulchoy-sous-Poix,
80729,80,Sauvillers-Mongival,
80730,80,Saveuse,
80732,80,Senarpont,22
80733,80,Senlis-le-Sec,7
80734,80,Sentelie,
80735,80,Seux,
80736,80,Sorel-en-Vimeu,
80737,80,Sorel,
80738,80,Soues,
80740,80,Sourdon,
80741,80,Soyécourt,
80742,80,Surcamps,0
80743,80,Suzanne,
80744,80,Tailly,
80746,80,Talmas,25
80747,80,Templeux-la-Fosse,7
80748,80,Templeux-le-Guérard,7
80749,80,Terramesnil,6
80750,80,Tertry,
80751,80,Thennes,7
80752,80,Thézy-Glimont,5
80753,80,Thiepval,
80754,80,Thieulloy-l'Abbaye,5
80755,80,Thieulloy-la-Ville,
80756,80,Thièvres,
80757,80,Thoix,
80758,80,Thory,
80759,80,Tilloloy,
80760,80,Tilloy-Floriville,5
80761,80,Tilloy-lès-Conty,
80762,80,Tincourt-Boucly,8
80763,80,Le Titre,10
80764,80,Tœufles,
80765,80,Tours-en-Vimeu,11
80766,80,Toutencourt,6
80767,80,Le Translay,
80769,80,Treux,
80770,80,Tully,15
80771,80,Ugny-l'Équipée,
80773,80,Vadencourt,
80774,80,Vaire-sous-Corbie,6
80775,80,Valines,19
80776,80,Varennes,
80777,80,Vauchelles-lès-Authie,
80778,80,Vauchelles-lès-Domart,
80779,80,Vauchelles-les-Quesnoy,17
80780,80,Vaudricourt,11
80781,80,Vauvillers,
80782,80,Vaux-en-Amiénois,7
80783,80,Vaux-Marquenneville,
80784,80,Vaux-sur-Somme,
80785,80,Vecquemont,
80786,80,Velennes,
80787,80,Vercourt,
80788,80,Vergies,6
80789,80,Vermandovillers,
80790,80,Verpillières,6
80791,80,Vers-sur-Selles,6
80792,80,La Vicogne,
80793,80,Vignacourt,49
80794,80,Villecourt,
80795,80,Ville-le-Marclet,8
80796,80,Villeroy,
80797,80,Villers-aux-Érables,
80798,80,Villers-Bocage,20
80799,80,Villers-Bretonneux,70
80800,80,Villers-Campsart,
80801,80,Villers-Carbonnel,11
80802,80,Villers-Faucon,20
80803,80,Villers-lès-Roye,
80804,80,Villers-sous-Ailly,
80805,80,Villers-Tournelle,
80806,80,Villers-sur-Authie,7
80807,80,Ville-sur-Ancre,
80808,80,Vironchaux,8
80809,80,Vismes,7
80810,80,Vitz-sur-Authie,
80811,80,Voyennes,13
80812,80,Vraignes-en-Vermandois,
80813,80,Vraignes-lès-Hornoy,
80814,80,Vrély,7
80815,80,Vron,22
80819,80,Wargnies,
80820,80,Warloy-Baillon,14
80821,80,Warlus,10
80822,80,Warsy,
80823,80,Warvillers,
80824,80,Wiencourt-l'Équipée,
80825,80,Wiry-au-Mont,
80826,80,Woignarue,15
80827,80,Woincourt,56
80828,80,Woirel,0
80829,80,Y,
80830,80,Yaucourt-Bussus,
80832,80,Yvrench,5
80833,80,Yvrencheux,
80834,80,Yzengremer,9
80835,80,Yzeux,
80836,80,Yonval,
