code,commune,demandeurs_emploi_homme
02001,Abbécourt,16
02002,Achery,15
02003,Acy,19
02004,Agnicourt-et-Séchelles,7
02005,Aguilcourt,10
02006,Aisonville-et-Bernoville,7
02007,Aizelles,0
02008,Aizy-Jouy,5
02009,Alaincourt,11
02010,Allemant,0
02011,Ambleny,26
02012,Ambrief,0
02013,Amifontaine,9
02014,Amigny-Rouy,23
02015,Ancienville,0
02016,Andelain,0
02017,Anguilcourt-le-Sart,0
02018,Anizy-le-Château,44
02019,Annois,11
02020,Any-Martin-Rieux,0
02021,Archon,0
02022,Arcy-Sainte-Restitue,7
02023,Armentières-sur-Ourcq,0
02024,Arrancy,0
02025,Artemps,7
02026,Artonges,0
02027,Assis-sur-Serre,5
02028,Athies-sous-Laon,52
02029,Attilly,7
02030,Aubencheul-aux-Bois,5
02031,Aubenton,24
02032,Aubigny-aux-Kaisnes,13
02033,Aubigny-en-Laonnois,0
02034,Audignicourt,0
02035,Audigny,0
02036,Augy,0
02037,Aulnois-sous-Laon,34
02038,Les Autels,0
02039,Autremencourt,0
02040,Autreppes,0
02041,Autreville,22
02042,Azy-sur-Marne,6
02043,Bagneux,0
02044,Bancigny,0
02046,Barenton-Bugny,10
02047,Barenton-Cel,0
02048,Barenton-sur-Serre,0
02049,Barisis-aux-Bois,14
02050,Barzy-en-Thiérache,6
02051,Barzy-sur-Marne,5
02052,Bassoles-Aulers,0
02053,Baulne-en-Brie,0
02054,Bazoches-sur-Vesles,9
02055,Beaumé,0
02056,Beaumont-en-Beine,0
02057,Beaurevoir,35
02058,Beaurieux,21
02059,Beautor,105
02060,Beauvois-en-Vermandois,0
02061,Becquigny,5
02062,Belleau,6
02063,Bellenglise,11
02064,Belleu,107
02065,Bellicourt,23
02066,Benay,0
02067,Bergues-sur-Sambre,0
02068,Berlancourt,0
02069,Berlise,0
02070,Bernot,5
02071,Berny-Rivière,19
02072,Berrieux,8
02073,Berry-au-Bac,11
02074,Bertaucourt-Epourdon,11
02075,Berthenicourt,10
02076,Bertricourt,0
02077,Berzy-le-Sec,8
02078,Besmé,0
02079,Besmont,0
02080,Besny-et-Loizy,12
02081,Béthancourt-en-Vaux,7
02082,Beugneux,0
02083,Beuvardes,20
02084,Bézu-le-Guéry,0
02085,Bézu-Saint-Germain,21
02086,Bichancourt,25
02087,Bieuxy,0
02088,Bièvres,0
02089,Billy-sur-Aisne,28
02090,Billy-sur-Ourcq,0
02091,Blanzy-lès-Fismes,0
02093,Blérancourt,25
02094,Blesmes,0
02095,Bohain-en-Vermandois,273
02096,Bois-lès-Pargny,0
02097,Boncourt,5
02098,Bonneil,7
02099,Bonnesvalyn,0
02100,Bony,0
02101,Bosmont-sur-Serre,0
02102,Bouconville-Vauclair,0
02103,Boué,36
02104,Bouffignereux,0
02105,Bouresches,5
02106,Bourg-et-Comin,19
02107,Bourguignon-sous-Coucy,0
02108,Bourguignon-sous-Montbavin,0
02109,La Bouteille,13
02110,Braine,69
02111,Brancourt-en-Laonnois,24
02112,Brancourt-le-Grand,16
02114,Brasles,27
02115,Braye-en-Laonnois,0
02116,Braye-en-Thiérache,0
02117,Bray-Saint-Christophe,0
02118,Braye,0
02119,Brécy,7
02120,Brenelle,0
02121,Breny,7
02122,Brie,5
02123,Brissay-Choigny,0
02124,Brissy-Hamégicourt,14
02125,Brumetz,0
02126,Brunehamel,13
02127,Bruyères-sur-Fère,0
02128,Bruyères-et-Montbérault,29
02129,Bruys,0
02130,Bucilly,0
02131,Bucy-le-Long,42
02132,Bucy-lès-Cerny,7
02133,Bucy-lès-Pierrepont,9
02134,Buire,27
02135,Buironfosse,37
02136,Burelles,0
02137,Bussiares,0
02138,Buzancy,5
02139,Caillouël-Crépigny,7
02140,Camelin,10
02141,La Capelle,58
02142,Castres,0
02143,Le Catelet,0
02144,Caulaincourt,0
02145,Caumont,12
02146,Celles-lès-Condé,0
02147,La Celle-sous-Montmirail,0
02148,Celles-sur-Aisne,0
02149,Cerizy,0
02150,Cerny-en-Laonnois,0
02151,Cerny-lès-Bucy,0
02152,Cerseuil,0
02153,Cessières,10
02154,Chacrise,8
02155,Chaillevois,0
02156,Chalandry,6
02157,Chambry,14
02158,Chamouille,8
02159,Champs,0
02160,Chaourse,21
02161,La Chapelle-Monthodon,0
02162,La Chapelle-sur-Chézy,0
02163,Charly-sur-Marne,77
02164,Le Charmel,5
02165,Charmes,33
02166,Chartèves,0
02167,Chassemy,21
02168,Château-Thierry,633
02169,Châtillon-lès-Sons,0
02170,Châtillon-sur-Oise,0
02171,Chaudardes,0
02172,Chaudun,7
02173,Chauny,470
02174,Chavignon,18
02175,Chavigny,0
02176,Chavonne,0
02177,Chérêt,0
02178,Chermizy-Ailles,0
02179,Chéry-Chartreuve,6
02180,Chéry-lès-Pouilly,14
02181,Chéry-lès-Rozoy,6
02182,Chevennes,5
02183,Chevregny,0
02184,Chevresis-Monceau,14
02185,Chézy-en-Orxois,0
02186,Chézy-sur-Marne,29
02187,Chierry,19
02188,Chigny,0
02189,Chivres-en-Laonnois,11
02190,Chivres-Val,15
02191,Chivy-lès-Étouvelles,7
02192,Chouy,12
02193,Cierges,0
02194,Cilly,0
02195,Ciry-Salsogne,14
02196,Clacy-et-Thierret,0
02197,Clairfontaine,5
02198,Clamecy,0
02199,Clastres,15
02200,Clermont-les-Fermes,8
02201,Cœuvres-et-Valsery,7
02203,Coincy,43
02204,Coingt,0
02205,Colligis-Crandelain,0
02206,Colonfay,0
02207,Commenchon,0
02208,Concevreux,0
02209,Condé-en-Brie,12
02210,Condé-sur-Aisne,6
02211,Condé-sur-Suippe,0
02212,Condren,19
02213,Connigis,11
02214,Contescourt,0
02215,Corbeny,17
02216,Corcy,10
02217,Coucy-le-Château-Auffrique,21
02218,Coucy-lès-Eppes,11
02219,Coucy-la-Ville,0
02220,Coulonges-Cohan,6
02221,Coupru,0
02222,Courbes,0
02223,Courboin,0
02224,Courcelles-sur-Vesle,13
02225,Courchamps,0
02226,Courmelles,44
02227,Courmont,5
02228,Courtemont-Varennes,5
02229,Courtrizy-et-Fussigny,0
02230,Couvrelles,0
02231,Couvron-et-Aumencourt,21
02232,Coyolles,6
02233,Cramaille,0
02234,Craonne,0
02235,Craonnelle,0
02236,Crécy-au-Mont,10
02237,Crécy-sur-Serre,47
02238,Crépy,52
02239,Crézancy,41
02240,Croix-Fonsomme,0
02241,La Croix-sur-Ourcq,0
02242,Crouttes-sur-Marne,17
02243,Crouy,81
02244,Crupilly,0
02245,Cuffies,46
02246,Cugny,12
02248,Cuirieux,0
02249,Cuiry-Housse,0
02250,Cuiry-lès-Chaudardes,0
02251,Cuiry-lès-Iviers,0
02252,Cuissy-et-Geny,0
02253,Cuisy-en-Almont,0
02254,Cutry,0
02255,Cys-la-Commune,6
02256,Dagny-Lambercy,0
02257,Dallon,0
02258,Dammard,9
02259,Dampleux,0
02260,Danizy,11
02261,Dercy,10
02262,Deuillet,0
02263,Dhuizel,0
02264,Dizy-le-Gros,23
02265,Dohis,0
02266,Dolignon,0
02267,Dommiers,9
02268,Domptin,12
02269,Dorengt,0
02270,Douchy,7
02271,Dravegny,0
02272,Droizy,0
02273,Dury,0
02274,Ébouleau,8
02275,Effry,17
02276,Englancourt,0
02277,Épagny,10
02278,Éparcy,0
02279,Épaux-Bézu,9
02280,Épieds,6
02281,L'Épine-aux-Bois,7
02282,Eppes,13
02283,Erlon,13
02284,Erloy,0
02286,Esquéhéries,16
02287,Essigny-le-Grand,18
02288,Essigny-le-Petit,5
02289,Essises,8
02290,Essômes-sur-Marne,74
02291,Estrées,8
02292,Étampes-sur-Marne,31
02293,Étaves-et-Bocquiaux,13
02294,Étouvelles,0
02295,Étréaupont,33
02296,Étreillers,24
02297,Étrépilly,0
02298,Étreux,53
02299,Évergnicourt,13
02301,Faucoucourt,0
02302,Faverolles,0
02303,Fayet,11
02304,La Fère,162
02305,Fère-en-Tardenois,127
02306,La Ferté-Chevresis,19
02307,La Ferté-Milon,69
02308,Fesmy-le-Sart,15
02309,Festieux,16
02310,Fieulaine,5
02311,Filain,0
02312,La Flamengrie,26
02313,Flavigny-le-Grand-et-Beaurain,13
02315,Flavy-le-Martel,45
02316,Fleury,0
02317,Fluquières,5
02318,Folembray,37
02319,Fonsomme,15
02320,Fontaine-lès-Clercs,5
02321,Fontaine-lès-Vervins,24
02322,Fontaine-Notre-Dame,0
02323,Fontaine-Uterte,0
02324,Fontenelle,7
02325,Fontenelle-en-Brie,0
02326,Fontenoy,9
02327,Foreste,0
02328,Fossoy,11
02329,Fourdrain,9
02330,Francilly-Selency,8
02331,Franqueville,0
02332,Fresnes-en-Tardenois,0
02333,Fresnes,0
02334,Fresnoy-le-Grand,92
02335,Fressancourt,5
02336,Frières-Faillouël,14
02337,Froidestrées,0
02338,Froidmont-Cohartille,8
02339,Gandelu,21
02340,Gauchy,152
02341,Gercy,0
02342,Gergny,0
02343,Germaine,0
02344,Gernicourt,0
02345,Gibercourt,0
02346,Gizy,13
02347,Gland,10
02348,Glennes,0
02349,Goudelancourt-lès-Berrieux,0
02350,Goudelancourt-lès-Pierrepont,8
02351,Goussancourt,0
02352,Gouy,12
02353,Grandlup-et-Fay,10
02354,Grandrieux,0
02355,Gricourt,13
02356,Grisolles,5
02357,Gronard,0
02358,Grougis,19
02359,Grugies,31
02360,Guignicourt,44
02361,Guise,249
02362,Guivry,0
02363,Guny,15
02364,Guyencourt,0
02366,Hannapes,10
02367,Happencourt,0
02368,Haramont,11
02369,Harcigny,0
02370,Hargicourt,10
02371,Harly,43
02372,Hartennes-et-Taux,9
02373,Hary,0
02374,Lehaucourt,20
02375,Hautevesnes,0
02376,Hauteville,0
02377,Haution,0
02378,La Hérie,0
02379,Le Hérie-la-Viéville,0
02380,Hinacourt,0
02381,Hirson,510
02382,Holnon,31
02383,Homblières,40
02384,Houry,0
02385,Housset,0
02386,Iron,8
02387,Itancourt,22
02388,Iviers,0
02389,Jaulgonne,14
02390,Jeancourt,7
02391,Jeantes,0
02392,Joncourt,0
02393,Jouaignes,0
02395,Jumencourt,0
02396,Jumigny,0
02397,Jussy,30
02398,Juvigny,0
02399,Juvincourt-et-Damary,7
02400,Laffaux,0
02401,Laigny,0
02402,Lanchy,0
02403,Landifay-et-Bertaignemont,14
02404,Landouzy-la-Cour,0
02405,Landouzy-la-Ville,14
02406,Landricourt,0
02407,Laniscourt,0
02408,Laon,1195
02409,Lappion,9
02410,Largny-sur-Automne,0
02411,Latilly,0
02412,Launoy,0
02413,Laval-en-Laonnois,0
02414,Lavaqueresse,0
02415,Laversine,0
02416,Lemé,17
02417,Lempire,0
02418,Lerzy,5
02419,Leschelle,0
02420,Lesdins,9
02421,Lesges,0
02422,Lesquielles-Saint-Germain,26
02423,Leuilly-sous-Coucy,10
02424,Leury,0
02425,Leuze,0
02426,Levergies,11
02427,Lhuys,0
02428,Licy-Clignon,0
02429,Lierval,0
02430,Liesse-Notre-Dame,36
02431,Liez,9
02432,Limé,0
02433,Lislet,5
02434,Lizy,0
02435,Logny-lès-Aubenton,0
02438,Longpont,0
02439,Longueval-Barbonval,19
02440,Lor,0
02441,Louâtre,0
02442,Loupeigne,0
02443,Lucy-le-Bocage,0
02444,Lugny,0
02445,Luzoir,0
02446,Ly-Fontaine,0
02447,Maast-et-Violaine,0
02448,Mâchecourt,0
02449,Macogny,0
02450,Macquigny,16
02451,Magny-la-Fosse,0
02452,Maissemy,0
02453,Maizy,8
02454,La Malmaison,0
02455,Malzy,7
02456,Manicamp,8
02457,Marchais,0
02458,Marchais-en-Brie,0
02459,Marcy,0
02460,Marcy-sous-Marle,0
02461,Marest-Dampcourt,14
02462,Mareuil-en-Dôle,5
02463,Marfontaine,0
02464,Margival,6
02465,Marigny-en-Orxois,15
02466,Marizy-Sainte-Geneviève,0
02467,Marizy-Saint-Mard,0
02468,Marle,103
02469,Marly-Gomont,15
02470,Martigny,12
02471,Martigny-Courpierre,0
02472,Mauregny-en-Haye,10
02473,Mayot,5
02474,Mennessis,8
02475,Menneville,6
02476,Mennevret,19
02477,Mercin-et-Vaux,20
02478,Merlieux-et-Fouquerolles,0
02479,Merval,0
02480,Mesbrecourt-Richecourt,0
02481,Mesnil-Saint-Laurent,8
02482,Meurival,0
02483,Mézières-sur-Oise,8
02484,Mézy-Moulins,14
02485,Missy-aux-Bois,0
02486,Missy-lès-Pierrepont,0
02487,Missy-sur-Aisne,17
02488,Molain,0
02489,Molinchart,0
02490,Monampteuil,0
02491,Monceau-le-Neuf-et-Faucouzy,14
02492,Monceau-lès-Leups,0
02493,Monceau-le-Waast,0
02494,Monceau-sur-Oise,0
02495,Mondrepuis,33
02496,Monnes,0
02497,Mons-en-Laonnois,22
02498,Montaigu,18
02499,Montbavin,0
02500,Montbrehain,24
02501,Montchâlons,0
02502,Montcornet,72
02503,Mont-d'Origny,25
02504,Montescourt-Lizerolles,54
02505,Montfaucon,5
02506,Montgobert,0
02507,Montgru-Saint-Hilaire,0
02508,Monthenault,0
02509,Monthiers,0
02510,Monthurel,0
02511,Montigny-en-Arrouaise,10
02512,Montigny-l'Allier,6
02513,Montigny-le-Franc,7
02514,Montigny-Lengrain,21
02515,Montigny-lès-Condé,0
02516,Montigny-sous-Marle,0
02517,Montigny-sur-Crécy,13
02518,Montlevon,13
02519,Montloué,0
02520,Mont-Notre-Dame,15
02521,Montreuil-aux-Lions,26
02522,Mont-Saint-Jean,0
02523,Mont-Saint-Martin,0
02524,Mont-Saint-Père,13
02525,Morcourt,12
02526,Morgny-en-Thiérache,0
02527,Morsain,11
02528,Mortefontaine,0
02529,Mortiers,9
02530,Moulins,0
02531,Moussy-Verneuil,0
02532,Moÿ-de-l'Aisne,34
02533,Muret-et-Crouttes,0
02534,Muscourt,0
02535,Nampcelles-la-Cour,0
02536,Nampteuil-sous-Muret,0
02537,Nanteuil-la-Fosse,0
02538,Nanteuil-Notre-Dame,0
02539,Nauroy,22
02540,Nesles-la-Montagne,28
02541,Neufchâtel-sur-Aisne,0
02542,Neuflieux,0
02543,Neuilly-Saint-Front,65
02544,Neuve-Maison,19
02545,La Neuville-Bosmont,0
02546,La Neuville-en-Beine,0
02547,La Neuville-Housset,0
02548,La Neuville-lès-Dorengt,10
02549,Neuville-Saint-Amand,29
02550,Neuville-sur-Ailette,0
02551,Neuville-sur-Margival,0
02552,Neuvillette,0
02553,Nizy-le-Comte,9
02554,Nogentel,17
02555,Nogent-l'Artaud,61
02556,Noircourt,0
02557,Noroy-sur-Ourcq,0
02558,Le Nouvion-en-Thiérache,108
02559,Nouvion-et-Catillon,13
02560,Nouvion-le-Comte,7
02561,Nouvion-le-Vineux,0
02562,Nouvron-Vingré,0
02563,Noyales,0
02564,Noyant-et-Aconin,12
02565,Œuilly,8
02566,Ognes,24
02567,Ohis,0
02568,Oigny-en-Valois,0
02569,Oisy,21
02570,Ollezy,0
02571,Omissy,13
02572,Orainville,7
02573,Orgeval,0
02574,Origny-en-Thiérache,35
02575,Origny-Sainte-Benoite,61
02576,Osly-Courtil,8
02577,Ostel,0
02578,Oulches-la-Vallée-Foulon,0
02579,Oulchy-la-Ville,0
02580,Oulchy-le-Château,30
02581,Paars,7
02582,Paissy,0
02583,Pancy-Courtecon,0
02584,Papleux,0
02585,Parcy-et-Tigny,0
02586,Parfondeval,0
02587,Parfondru,0
02588,Pargnan,0
02589,Pargny-Filain,6
02590,Pargny-la-Dhuys,0
02591,Pargny-les-Bois,0
02592,Parpeville,10
02593,Pasly,13
02594,Passy-en-Valois,0
02595,Passy-sur-Marne,0
02596,Pavant,20
02597,Perles,0
02598,Pernant,10
02599,Pierremande,12
02600,Pierrepont,9
02601,Pignicourt,0
02602,Pinon,66
02604,Pithon,0
02605,Pleine-Selve,0
02606,Le Plessier-Huleu,0
02607,Ploisy,0
02608,Plomion,14
02609,Ployart-et-Vaurseine,0
02610,Pommiers,15
02612,Pont-Arcy,0
02613,Pontavert,13
02614,Pontru,7
02615,Pontruet,0
02616,Pont-Saint-Mard,6
02617,Pouilly-sur-Serre,21
02618,Prémont,13
02619,Prémontré,18
02620,Presles-et-Boves,9
02621,Presles-et-Thierny,0
02622,Priez,0
02623,Prisces,0
02624,Proisy,14
02625,Proix,5
02626,Prouvais,0
02627,Proviseux-et-Plesnoy,0
02628,Puiseux-en-Retz,0
02629,Puisieux-et-Clanlieu,7
02631,Quierzy,10
02632,Quincy-Basse,0
02633,Quincy-sous-le-Mont,0
02634,Raillimont,0
02635,Ramicourt,0
02636,Regny,0
02637,Remaucourt,0
02638,Remies,8
02639,Remigny,13
02640,Renansart,0
02641,Renneval,0
02642,Résigny,0
02643,Ressons-le-Long,13
02644,Retheuil,7
02645,Reuilly-Sauvigny,0
02646,Révillon,0
02647,Ribeauville,0
02648,Ribemont,76
02649,Rocourt-Saint-Martin,0
02650,Rocquigny,7
02651,Rogécourt,0
02652,Rogny,0
02653,Romeny-sur-Marne,11
02654,Romery,0
02655,Ronchères,0
02656,Roucy,8
02657,Rougeries,14
02658,Roupy,6
02659,Rouvroy,9
02660,Rouvroy-sur-Serre,0
02661,Royaucourt-et-Chailvet,0
02662,Rozet-Saint-Albin,6
02663,Rozières-sur-Crise,8
02664,Rozoy-Bellevalle,0
02665,Grand-Rozoy,0
02666,Rozoy-sur-Serre,38
02667,Saconin-et-Breuil,0
02668,Sains-Richaumont,34
02669,Saint-Agnan,0
02670,Saint-Algis,0
02671,Saint-Aubin,7
02672,Saint-Bandry,7
02673,Saint-Christophe-à-Berry,7
02674,Saint-Clément,0
02675,Sainte-Croix,6
02676,Saint-Erme-Outre-et-Ramecourt,38
02677,Saint-Eugène,7
02678,Sainte-Geneviève,0
02679,Saint-Gengoulph,0
02680,Saint-Gobain,50
02681,Saint-Gobert,12
02682,Saint-Mard,0
02683,Saint-Martin-Rivière,0
02684,Saint-Michel,140
02685,Saint-Nicolas-aux-Bois,5
02686,Saint-Paul-aux-Bois,11
02687,Saint-Pierre-Aigle,7
02688,Saint-Pierre-lès-Franqueville,0
02689,Saint-Pierremont,0
02690,Sainte-Preuve,0
02691,Saint-Quentin,2590
02693,Saint-Rémy-Blanzy,0
02694,Saint-Simon,14
02695,Saint-Thibaut,0
02696,Saint-Thomas,0
02697,Samoussy,0
02698,Sancy-les-Cheminots,0
02699,Saponay,0
02701,Saulchery,23
02702,Savy,10
02703,Seboncourt,35
02704,Selens,0
02705,La Selve,5
02706,Septmonts,10
02707,Septvaux,6
02708,Sequehart,0
02709,Serain,10
02710,Seraucourt-le-Grand,27
02711,Serches,7
02712,Sergy,0
02713,Seringes-et-Nesles,7
02714,Sermoise,5
02715,Serval,0
02716,Servais,5
02717,Séry-lès-Mézières,18
02718,Silly-la-Poterie,0
02719,Sinceny,63
02720,Sissonne,85
02721,Sissy,8
02722,Soissons,1355
02723,Soize,0
02724,Sommelans,0
02725,Sommeron,0
02726,Sommette-Eaucourt,0
02727,Sons-et-Ronchères,7
02728,Sorbais,0
02729,Soucy,0
02730,Soupir,11
02731,Le Sourd,0
02732,Surfontaine,0
02733,Suzy,6
02734,Taillefontaine,5
02735,Tannières,0
02736,Tartiers,0
02737,Tavaux-et-Pontséricourt,12
02738,Tergnier,558
02739,Terny-Sorny,7
02740,Thenailles,7
02741,Thenelles,11
02742,Thiernu,0
02743,Le Thuel,0
02744,Torcy-en-Valois,0
02745,Toulis-et-Attencourt,0
02746,Travecy,10
02747,Trefcon,0
02748,Trélou-sur-Marne,20
02749,Troësnes,5
02750,Trosly-Loire,12
02751,Trucy,0
02752,Tugny-et-Pont,0
02753,Tupigny,9
02754,Ugny-le-Gay,0
02755,Urcel,12
02756,Urvillers,15
02757,Vadencourt,14
02758,Vailly-sur-Aisne,69
02759,La Vallée-au-Blé,7
02760,La Vallée-Mulâtre,0
02761,Variscourt,0
02762,Vassens,5
02763,Vasseny,6
02764,Vassogne,0
02765,Vaucelles-et-Beffecourt,5
02766,Vaudesson,6
02767,Vauxrezis,5
02768,Vauxaillon,12
02769,Vaux-Andigny,31
02770,Vauxbuin,17
02771,Vauxcéré,0
02772,Vaux-en-Vermandois,0
02773,Vauxtin,0
02774,Vendelles,0
02775,Vendeuil,23
02776,Vendhuile,11
02777,Vendières,0
02778,Vendresse-Beaulne,0
02779,Vénérolles,5
02780,Venizel,54
02781,Verdilly,10
02782,Le Verguier,6
02783,Grand-Verly,0
02784,Petit-Verly,7
02785,Vermand,25
02786,Verneuil-sous-Coucy,0
02787,Verneuil-sur-Serre,0
02788,Versigny,10
02789,Vervins,92
02790,Vesles-et-Caumont,0
02791,Veslud,0
02792,Veuilly-la-Poterie,0
02793,Vézaponin,0
02794,Vézilly,0
02795,Vic-sur-Aisne,44
02796,Vichel-Nanteuil,0
02797,Viel-Arcy,0
02798,Viels-Maisons,28
02799,Vierzy,16
02800,Viffort,0
02801,Vigneux-Hocquet,5
02802,La Ville-aux-Bois-lès-Dizy,6
02803,La Ville-aux-Bois-lès-Pontavert,0
02804,Villemontoire,0
02805,Villeneuve-Saint-Germain,76
02806,Villeneuve-sur-Fère,0
02807,Villequier-Aumont,13
02808,Villeret,8
02809,Villers-Agron-Aiguizy,0
02810,Villers-Cotterêts,325
02811,Villers-en-Prayères,0
02812,Villers-Hélon,0
02813,Villers-le-Sec,5
02814,Villers-lès-Guise,0
02815,Villers-Saint-Christophe,8
02816,Villers-sur-Fère,10
02817,Ville-Savoye,0
02818,Villiers-Saint-Denis,25
02819,Vincy-Reuil-et-Magny,0
02820,Viry-Noureuil,51
02821,Vivaise,15
02822,Vivières,8
02823,Voharies,0
02824,Vorges,0
02826,Voulpaix,8
02827,Voyenne,16
02828,Vregny,0
02829,Vuillery,0
02830,Wassigny,31
02831,Watigny,9
02832,Wiège-Faty,5
02833,Wimy,11
02834,Wissignicourt,0
59001,Abancourt,0
59002,Abscon,132
59003,Aibes,0
59004,Aix,17
59005,Allennes-les-Marais,51
59006,Amfroipret,0
59007,Anhiers,30
59008,Aniche,399
59009,Villeneuve-d'Ascq,1895
59010,Anneux,0
59011,Annœullin,224
59012,Anor,113
59013,Anstaing,24
59014,Anzin,660
59015,Arleux,71
59016,Armbouts-Cappel,28
59017,Armentières,829
59018,Arnèke,38
59019,Artres,11
59021,Assevent,49
59022,Attiches,39
59023,Aubencheul-au-Bac,12
59024,Auberchicourt,149
59025,Aubers,21
59026,Aubigny-au-Bac,32
59027,Aubry-du-Hainaut,19
59028,Auby,332
59029,Auchy-lez-Orchies,21
59031,Audignies,0
59032,Aulnoy-lez-Valenciennes,205
59033,Aulnoye-Aymeries,294
59034,Avelin,29
59035,Avesnelles,75
59036,Avesnes-sur-Helpe,315
59037,Avesnes-les-Aubert,142
59038,Avesnes-le-Sec,20
59039,Awoingt,15
59041,Bachant,72
59042,Bachy,20
59043,Bailleul,249
59044,Baisieux,70
59045,Baives,0
59046,Bambecque,16
59047,Banteux,9
59048,Bantigny,0
59049,Bantouzelle,13
59050,Bas-Lieu,10
59051,La Bassée,168
59052,Bauvin,129
59053,Bavay,114
59054,Bavinchove,17
59055,Bazuel,15
59056,Beaucamps-Ligny,10
59057,Beaudignies,13
59058,Beaufort,15
59059,Beaumont-en-Cambrésis,12
59060,Beaurain,8
59061,Beaurepaire-sur-Sambre,5
59062,Beaurieux,5
59063,Beauvois-en-Cambrésis,72
59064,Bellaing,28
59065,Bellignies,19
59066,Bérelles,0
59067,Bergues,85
59068,Berlaimont,91
59069,Bermerain,11
59070,Bermeries,10
59071,Bersée,40
59072,Bersillies,0
59073,Berthen,0
59074,Bertry,64
59075,Béthencourt,20
59076,Bettignies,10
59077,Bettrechies,5
59078,Beugnies,16
59079,Beuvrages,265
59080,Beuvry-la-Forêt,38
59081,Bévillers,11
59082,Bierne,29
59083,Bissezeele,0
59084,Blaringhem,19
59085,Blécourt,0
59086,Boeschepe,28
59087,Boëseghem,17
59088,Bois-Grenier,15
59089,Bollezeele,20
59090,Bondues,166
59091,Borre,7
59092,Bouchain,119
59093,Boulogne-sur-Helpe,0
59094,Bourbourg,207
59096,Bourghelles,23
59097,Boursies,8
59098,Bousbecque,76
59099,Bousies,59
59100,Bousignies,0
59101,Bousignies-sur-Roc,9
59102,Boussières-en-Cambrésis,10
59103,Boussières-sur-Sambre,14
59104,Boussois,106
59105,Bouvignies,20
59106,Bouvines,0
59107,Bray-Dunes,151
59108,Briastre,12
59109,Brillon,14
59110,Brouckerque,18
59111,Broxeele,0
59112,Bruay-sur-l'Escaut,429
59113,Bruille-lez-Marchiennes,27
59114,Bruille-Saint-Amand,43
59115,Brunémont,16
59116,Bry,0
59117,Bugnicourt,22
59118,Busigny,78
59119,Buysscheure,0
59120,Caëstre,25
59121,Cagnoncles,9
59122,Cambrai,1309
59123,Camphin-en-Carembault,24
59124,Camphin-en-Pévèle,29
59125,Cantaing-sur-Escaut,9
59126,Cantin,29
59127,Capelle,0
59128,Capinghem,25
59129,Cappelle-en-Pévèle,38
59130,Cappelle-Brouck,20
59131,Cappelle-la-Grande,212
59132,Carnières,18
59133,Carnin,21
59134,Cartignies,24
59135,Cassel,41
59136,Le Cateau-Cambrésis,319
59137,Catillon-sur-Sambre,29
59138,Cattenières,12
59139,Caudry,610
59140,Caullery,9
59141,Cauroir,7
59142,Cerfontaine,16
59143,La Chapelle-d'Armentières,163
59144,Château-l'Abbaye,13
59145,Chemy,9
59146,Chéreng,38
59147,Choisies,0
59148,Clairfayts,11
59149,Clary,30
59150,Cobrieux,8
59151,Colleret,44
59152,Comines,293
59153,Condé-sur-l'Escaut,416
59154,Coudekerque-Village,18
59155,Coudekerque-Branche,619
59156,Courchelettes,73
59157,Cousolre,59
59158,Coutiches,40
59159,Craywick,7
59160,Crespin,161
59161,Crèvecœur-sur-l'Escaut,18
59162,Crochte,8
59163,Croix,567
59164,Croix-Caluyau,0
59165,Cuincy,192
59166,Curgies,24
59167,Cuvillers,0
59168,Cysoing,88
59169,Damousies,0
59170,Dechy,257
59171,Dehéries,0
59172,Denain,1041
59173,Deûlémont,22
59174,Dimechaux,8
59175,Dimont,8
59176,Doignies,5
59177,Dompierre-sur-Helpe,27
59178,Douai,1823
59179,Douchy-les-Mines,400
59180,Le Doulieu,17
59181,Dourlers,7
59182,Drincham,0
59183,Dunkerque,3348
59184,Ebblinghem,14
59185,Écaillon,77
59186,Eccles,0
59187,Éclaibes,0
59188,Écuélin,0
59189,Eecke,14
59190,Élesmes,18
59191,Élincourt,19
59192,Émerchicourt,13
59193,Emmerin,48
59194,Englefontaine,38
59195,Englos,8
59196,Ennetières-en-Weppes,21
59197,Ennevelin,32
59198,Eppe-Sauvage,0
59199,Erchin,17
59200,Eringhem,0
59201,Erquinghem-le-Sec,0
59202,Erquinghem-Lys,81
59203,Erre,28
59204,Escarmain,9
59205,Escaudain,343
59206,Escaudœuvres,117
59207,Escautpont,152
59208,Escobecques,0
59209,Esnes,11
59210,Esquelbecq,39
59211,Esquerchin,12
59212,Estaires,143
59213,Estourmel,0
59214,Estrées,18
59215,Estreux,16
59216,Eswars,0
59217,Eth,0
59218,Étrœungt,33
59219,Estrun,12
59220,Faches-Thumesnil,422
59221,Famars,68
59222,Faumont,27
59223,Le Favril,10
59224,Féchain,35
59225,Feignies,248
59226,Felleries,28
59227,Fenain,182
59228,Férin,21
59229,Féron,7
59230,Ferrière-la-Grande,208
59231,Ferrière-la-Petite,32
59232,La Flamengrie,0
59233,Flaumont-Waudrechies,8
59234,Flers-en-Escrebieux,212
59236,Flesquières,6
59237,Flêtre,11
59238,Flines-lès-Mortagne,39
59239,Flines-lez-Raches,107
59240,Floursies,0
59241,Floyon,11
59242,Fontaine-au-Bois,8
59243,Fontaine-au-Pire,27
59244,Fontaine-Notre-Dame,37
59246,Forest-en-Cambrésis,13
59247,Forest-sur-Marque,22
59249,Fourmies,640
59250,Fournes-en-Weppes,30
59251,Frasnoy,9
59252,Frelinghien,36
59253,Fresnes-sur-Escaut,279
59254,Fressain,15
59255,Fressies,13
59256,Fretin,70
59257,Fromelles,9
59258,Genech,41
59259,Ghissignies,7
59260,Ghyvelde,67
59261,Glageon,70
59262,Godewaersvelde,32
59263,Gœulzin,22
59264,Gognies-Chaussée,22
59265,Gommegnies,47
59266,Gondecourt,69
59267,Gonnelieu,9
59268,La Gorgue,136
59269,Gouzeaucourt,36
59270,Grand-Fayt,10
59271,Grande-Synthe,978
59272,Grand-Fort-Philippe,173
59273,Gravelines,351
59274,La Groise,11
59275,Gruson,9
59276,Guesnain,150
59277,Gussignies,0
59278,Hallennes-lez-Haubourdin,82
59279,Halluin,587
59280,Hamel,18
59281,Hantay,32
59282,Hardifort,0
59283,Hargnies,16
59284,Hasnon,70
59285,Haspres,69
59286,Haubourdin,408
59287,Haucourt-en-Cambrésis,0
59288,Haulchin,65
59289,Haussy,34
59290,Haut-Lieu,9
59291,Hautmont,647
59292,Haveluy,114
59293,Haverskerque,23
59294,Haynecourt,0
59295,Hazebrouck,547
59296,Hecq,0
59297,Hélesmes,46
59299,Hem,656
59300,Hem-Lenglet,17
59301,Hergnies,100
59302,Hérin,109
59303,Herlies,27
59304,Herrin,0
59305,Herzeele,17
59306,Hestrud,0
59307,Holque,29
59308,Hondeghem,22
59309,Hondschoote,87
59310,Hon-Hergies,18
59311,Honnechy,12
59312,Honnecourt-sur-Escaut,20
59313,Hordain,32
59314,Hornaing,105
59315,Houdain-lez-Bavay,16
59316,Houplin-Ancoisne,81
59317,Houplines,166
59318,Houtkerque,18
59319,Hoymille,39
59320,Illies,22
59321,Inchy,22
59322,Iwuy,115
59323,Jenlain,11
59324,Jeumont,415
59325,Jolimetz,17
59326,Killem,15
59327,Lallaing,256
59328,Lambersart,576
59329,Lambres-lez-Douai,137
59330,Landas,25
59331,Landrecies,138
59332,Lannoy,65
59333,Larouillies,0
59334,Lauwin-Planque,44
59335,Lecelles,47
59336,Lécluse,51
59337,Lederzeele,6
59338,Ledringhem,10
59339,Leers,199
59340,Leffrinckoucke,117
59341,Lesdain,9
59342,Lez-Fontaine,0
59343,Lesquin,140
59344,Leval,74
59345,Lewarde,81
59346,Lezennes,67
59347,Liessies,20
59348,Lieu-Saint-Amand,25
59349,Ligny-en-Cambrésis,44
59350,Lille,9481
59351,Limont-Fontaine,13
59352,Linselles,156
59353,Locquignol,6
59354,Loffre,0
59356,Lompret,32
59357,La Longueville,44
59358,Looberghe,22
59359,Loon-Plage,139
59360,Loos,692
59361,Lourches,188
59363,Louvignies-Quesnoy,17
59364,Louvil,11
59365,Louvroil,364
59366,Lynde,10
59367,Lys-lez-Lannoy,374
59368,La Madeleine,672
59369,Maing,92
59370,Mairieux,9
59371,Le Maisnil,8
59372,Malincourt,10
59374,Marbaix,9
59375,Marchiennes,82
59377,Marcoing,42
59378,Marcq-en-Barœul,813
59379,Marcq-en-Ostrevent,12
59381,Maresches,13
59382,Maretz,52
59383,Marly,383
59384,Maroilles,28
59385,Marpent,91
59386,Marquette-lez-Lille,271
59387,Marquette-en-Ostrevant,33
59388,Marquillies,31
59389,Masnières,62
59390,Masny,191
59391,Mastaing,21
59392,Maubeuge,1652
59393,Maulde,22
59394,Maurois,14
59395,Mazinghien,10
59396,Mecquignies,10
59397,Merckeghem,6
59398,Mérignies,29
59399,Merris,12
59400,Merville,253
59401,Méteren,37
59402,Millam,5
59403,Millonfosse,9
59404,Les Moëres,11
59405,Mœuvres,5
59406,Monceau-Saint-Waast,7
59407,Monchaux-sur-Écaillon,19
59408,Moncheaux,24
59409,Monchecourt,78
59410,Mons-en-Barœul,795
59411,Mons-en-Pévèle,34
59412,Montay,9
59413,Montigny-en-Cambrésis,14
59414,Montigny-en-Ostrevent,166
59415,Montrécourt,0
59416,Morbecque,40
59418,Mortagne-du-Nord,42
59419,Mouchin,15
59420,Moustier-en-Fagne,0
59421,Mouvaux,270
59422,Naves,21
59423,Neuf-Berquin,18
59424,Neuf-Mesnil,54
59425,Neuville-en-Avesnois,0
59426,Neuville-en-Ferrain,178
59427,La Neuville,9
59428,Neuville-Saint-Rémy,125
59429,Neuville-sur-Escaut,84
59430,Neuvilly,22
59431,Nieppe,164
59432,Niergnies,10
59433,Nieurlet,18
59434,Nivelle,24
59435,Nomain,25
59436,Noordpeene,8
59437,Noyelles-lès-Seclin,12
59438,Noyelles-sur-Escaut,16
59439,Noyelles-sur-Sambre,0
59440,Noyelles-sur-Selle,11
59441,Obies,12
59442,Obrechies,0
59443,Ochtezeele,0
59444,Odomez,17
59445,Ohain,37
59446,Oisy,9
59447,Onnaing,314
59448,Oost-Cappel,9
59449,Orchies,181
59450,Ors,12
59451,Orsinval,10
59452,Ostricourt,173
59453,Oudezeele,14
59454,Oxelaëre,11
59455,Paillencourt,18
59456,Pecquencourt,277
59457,Pérenchies,161
59458,Péronne-en-Mélantois,12
59459,Petite-Forêt,121
59461,Petit-Fayt,5
59462,Phalempin,71
59463,Pitgam,13
59464,Poix-du-Nord,65
59465,Pommereuil,13
59466,Pont-à-Marcq,36
59467,Pont-sur-Sambre,63
59468,Potelle,0
59469,Pradelles,0
59470,Prémesques,29
59471,Préseau,33
59472,Preux-au-Bois,24
59473,Preux-au-Sart,6
59474,Prisches,16
59475,Prouvy,55
59476,Proville,93
59477,Provin,75
59478,Quaëdypre,21
59479,Quarouble,73
59480,Quérénaing,10
59481,Le Quesnoy,185
59482,Quesnoy-sur-Deûle,118
59483,Quiévelon,0
59484,Quiévrechain,234
59485,Quiévy,47
59486,Râches,73
59487,Radinghem-en-Weppes,17
59488,Raillencourt-Sainte-Olle,71
59489,Raimbeaucourt,97
59490,Rainsars,0
59491,Raismes,515
59492,Ramillies,16
59493,Ramousies,6
59494,Raucourt-au-Bois,5
59495,Recquignies,78
59496,Rejet-de-Beaulieu,0
59497,Renescure,36
59498,Reumont,8
59499,Rexpoëde,27
59500,Ribécourt-la-Tour,6
59501,Rieulay,34
59502,Rieux-en-Cambrésis,37
59503,Robersart,0
59504,Rœulx,105
59505,Rombies-et-Marchipont,6
59506,Romeries,12
59507,Ronchin,560
59508,Roncq,248
59509,Roost-Warendin,172
59511,Rosult,32
59512,Roubaix,5553
59513,Roucourt,6
59514,Rousies,107
59515,Rouvignies,11
59516,Rubrouck,14
59517,Les Rues-des-Vignes,10
59518,Ruesnes,5
59519,Rumegies,16
59520,Rumilly-en-Cambrésis,42
59521,Sailly-lez-Cambrai,6
59522,Sailly-lez-Lannoy,24
59523,Sainghin-en-Mélantois,38
59524,Sainghin-en-Weppes,91
59525,Sains-du-Nord,106
59526,Saint-Amand-les-Eaux,489
59527,Saint-André-lez-Lille,223
59528,Saint-Aubert,47
59529,Saint-Aubin,0
59530,Saint-Aybert,8
59531,Saint-Benin,9
59532,Saint-Georges-sur-l'Aa,6
59533,Saint-Hilaire-lez-Cambrai,45
59534,Saint-Hilaire-sur-Helpe,21
59535,Saint-Jans-Cappel,25
59536,Sainte-Marie-Cappel,11
59537,Saint-Martin-sur-Écaillon,9
59538,Saint-Momelin,11
59539,Saint-Pierre-Brouck,13
59541,Saint-Python,27
59542,Saint-Remy-Chaussée,7
59543,Saint-Remy-du-Nord,28
59544,Saint-Saulve,265
59545,Saint-Souplet,42
59546,Saint-Sylvestre-Cappel,20
59547,Saint-Vaast-en-Cambrésis,18
59548,Saint-Waast,13
59549,Salesches,9
59550,Salomé,65
59551,Saméon,19
59552,Sancourt,5
59553,Santes,108
59554,Sars-et-Rosières,5
59555,Sars-Poteries,51
59556,Sassegnies,0
59557,Saultain,56
59558,Saulzoir,19
59559,Sebourg,27
59560,Seclin,333
59562,Sémeries,8
59563,Semousies,0
59564,La Sentinelle,123
59565,Sepmeries,8
59566,Sequedin,63
59567,Séranvillers-Forenville,0
59568,Sercus,0
59569,Sin-le-Noble,647
59570,Socx,10
59571,Solesmes,159
59572,Solre-le-Château,57
59573,Solrinnes,0
59574,Somain,468
59575,Sommaing,0
59576,Spycker,23
59577,Staple,12
59578,Steenbecque,23
59579,Steene,20
59580,Steenvoorde,72
59581,Steenwerck,57
59582,Strazeele,18
59583,Taisnières-en-Thiérache,8
59584,Taisnières-sur-Hon,15
59585,Templemars,68
59586,Templeuve,102
59587,Terdeghem,10
59588,Téteghem,161
59589,Thiant,65
59590,Thiennes,15
59591,Thivencelle,32
59592,Thumeries,73
59593,Thun-l'Évêque,15
59594,Thun-Saint-Amand,37
59595,Thun-Saint-Martin,11
59596,Tilloy-lez-Marchiennes,6
59597,Tilloy-lez-Cambrai,19
59598,Toufflers,91
59599,Tourcoing,4043
59600,Tourmignies,6
59601,Trélon,91
59602,Tressin,19
59603,Trith-Saint-Léger,207
59604,Troisvilles,19
59605,Uxem,14
59606,Valenciennes,1564
59607,Vendegies-au-Bois,0
59608,Vendegies-sur-Écaillon,13
59609,Vendeville,23
59610,Verchain-Maugré,17
59611,Verlinghem,27
59612,Vertain,19
59613,Vicq,39
59614,Viesly,36
59615,Vieux-Berquin,38
59616,Vieux-Condé,362
59617,Vieux-Mesnil,10
59618,Vieux-Reng,14
59619,Villereau,19
59620,Villers-au-Tertre,8
59622,Villers-en-Cauchies,34
59623,Villers-Guislain,15
59624,Villers-Outréaux,77
59625,Villers-Plouich,5
59626,Villers-Pol,24
59627,Villers-Sire-Nicole,31
59628,Volckerinckhove,0
59629,Vred,30
59630,Wahagnies,55
59631,Walincourt-Selvigny,59
59632,Wallers,165
59633,Wallers-en-Fagne,0
59634,Wallon-Cappel,13
59635,Wambaix,5
59636,Wambrechies,168
59637,Wandignies-Hamage,16
59638,Wannehain,16
59639,Wargnies-le-Grand,17
59640,Wargnies-le-Petit,16
59641,Warhem,42
59642,Warlaing,5
59643,Warneton,0
59645,Wasnes-au-Bac,13
59646,Wasquehal,427
59647,Watten,69
59648,Wattignies,370
59649,Wattignies-la-Victoire,0
59650,Wattrelos,1495
59651,Wavrechain-sous-Denain,69
59652,Wavrechain-sous-Faulx,5
59653,Wavrin,189
59654,Waziers,317
59655,Wemaers-Cappel,0
59656,Wervicq-Sud,117
59657,West-Cappel,0
59658,Wicres,0
59659,Wignehies,145
59660,Willems,57
59661,Willies,6
59662,Winnezeele,15
59663,Wormhout,78
59664,Wulverdinghe,6
59665,Wylder,0
59666,Zegerscappel,17
59667,Zermezeele,0
59668,Zuydcoote,28
59669,Zuytpeene,8
59670,Don,24
60001,Abancourt,15
60002,Abbecourt,10
60003,Abbeville-Saint-Lucien,0
60004,Achy,5
60005,Acy-en-Multien,13
60006,Les Ageux,17
60007,Agnetz,45
60008,Airion,0
60009,Allonne,22
60010,Amblainville,20
60011,Amy,10
60012,Andeville,77
60013,Angicourt,30
60014,Angivillers,0
60015,Angy,19
60016,Ansacq,0
60017,Ansauvillers,22
60018,Anserville,12
60019,Antheuil-Portes,9
60020,Antilly,7
60021,Appilly,8
60022,Apremont,12
60023,Armancourt,6
60024,Arsy,19
60025,Attichy,38
60026,Auchy-la-Montagne,10
60027,Auger-Saint-Vincent,5
60028,Aumont-en-Halatte,0
60029,Auneuil,63
60030,Auteuil,9
60031,Autheuil-en-Valois,0
60032,Autrêches,11
60033,Avilly-Saint-Léonard,0
60034,Avrechy,21
60035,Avricourt,8
60036,Avrigny,6
60037,Babœuf,11
60038,Bachivillers,0
60039,Bacouël,8
60040,Bailleul-le-Soc,0
60041,Bailleul-sur-Thérain,50
60042,Bailleval,11
60043,Bailly,13
60044,Balagny-sur-Thérain,41
60045,Barbery,8
60046,Bargny,0
60047,Baron,13
60048,Baugy,0
60049,Bazancourt,0
60050,Bazicourt,0
60051,Beaudéduit,0
60052,Beaugies-sous-Bois,0
60053,Beaulieu-les-Fontaines,10
60054,Beaumont-les-Nonains,0
60055,Beaurains-lès-Noyon,0
60056,Beaurepaire,0
60057,Beauvais,1874
60058,Beauvoir,0
60059,Béhéricourt,0
60060,Belle-Église,11
60061,Belloy,0
60062,Berlancourt,0
60063,Berneuil-en-Bray,10
60064,Berneuil-sur-Aisne,15
60065,Berthecourt,39
60066,Béthancourt-en-Valois,0
60067,Béthisy-Saint-Martin,20
60068,Béthisy-Saint-Pierre,62
60069,Betz,12
60070,Bienville,9
60071,Biermont,0
60072,Bitry,0
60073,Blacourt,6
60074,Blaincourt-lès-Précy,14
60075,Blancfossé,0
60076,Blargies,10
60077,Blicourt,0
60078,Blincourt,0
60079,Boissy-Fresnoy,19
60080,Boissy-le-Bois,0
60081,Bonlier,0
60082,Bonneuil-les-Eaux,10
60083,Bonneuil-en-Valois,24
60084,Bonnières,0
60085,Bonvillers,0
60086,Boran-sur-Oise,34
60087,Borest,0
60088,Bornel,74
60089,Boubiers,0
60090,Bouconvillers,0
60091,Bouillancy,0
60092,Boullarre,0
60093,Boulogne-la-Grasse,6
60094,Boursonne,6
60095,Boury-en-Vexin,0
60096,Boutavent,0
60097,Boutencourt,5
60098,Bouvresse,0
60099,Braisnes-sur-Aronde,0
60100,Brasseuse,0
60101,Brégy,13
60102,Brenouille,44
60103,Bresles,77
60104,Breteuil,138
60105,Brétigny,12
60106,Breuil-le-Sec,35
60107,Breuil-le-Vert,35
60108,Briot,0
60109,Brombos,5
60110,Broquiers,0
60111,Broyes,0
60112,Brunvillers-la-Motte,7
60113,Bucamps,0
60114,Buicourt,0
60115,Bulles,17
60116,Bury,70
60117,Bussy,0
60118,Caisnes,13
60119,Cambronne-lès-Ribécourt,24
60120,Cambronne-lès-Clermont,12
60121,Campagne,0
60122,Campeaux,9
60123,Campremy,0
60124,Candor,0
60125,Canly,14
60126,Cannectancourt,6
60127,Canny-sur-Matz,6
60128,Canny-sur-Thérain,5
60129,Carlepont,33
60130,Catenoy,18
60131,Catheux,0
60132,Catigny,0
60133,Catillon-Fumechon,10
60134,Cauffry,45
60135,Cauvigny,25
60136,Cempuis,0
60137,Cernoy,0
60138,Chamant,27
60139,Chambly,186
60140,Chambors,5
60141,Chantilly,246
60142,La Chapelle-en-Serval,46
60143,Chaumont-en-Vexin,56
60144,Chavençon,0
60145,Chelles,8
60146,Chepoix,7
60147,Chevincourt,19
60148,Chèvreville,0
60149,Chevrières,28
60150,Chiry-Ourscamp,38
60151,Choisy-au-Bac,63
60152,Choisy-la-Victoire,7
60153,Choqueuse-les-Bénards,0
60154,Cinqueux,26
60155,Cires-lès-Mello,97
60156,Clairoix,37
60157,Clermont,302
60158,Coivrel,0
60159,Compiègne,1147
60160,Conchy-les-Pots,11
60161,Conteville,0
60162,Corbeil-Cerf,0
60163,Cormeilles,9
60164,Le Coudray-Saint-Germer,23
60165,Le Coudray-sur-Thelle,14
60166,Coudun,14
60167,Couloisy,13
60168,Courcelles-Epayelles,0
60169,Courcelles-lès-Gisors,17
60170,Courteuil,9
60171,Courtieux,0
60172,Coye-la-Forêt,63
60173,Cramoisy,17
60174,Crapeaumesnil,0
60175,Creil,1417
60176,Crépy-en-Valois,368
60177,Cressonsacq,8
60178,Crèvecœur-le-Grand,96
60179,Crèvecœur-le-Petit,0
60180,Crillon,7
60181,Crisolles,29
60182,Le Crocq,0
60183,Croissy-sur-Celle,0
60184,Croutoy,0
60185,Crouy-en-Thelle,19
60186,Cuignières,0
60187,Cuigy-en-Bray,25
60188,Cuise-la-Motte,44
60189,Cuts,18
60190,Cuvergnon,0
60191,Cuvilly,11
60192,Cuy,0
60193,Daméraucourt,0
60194,Dargies,0
60195,Delincourt,7
60196,Le Déluge,12
60197,Dieudonné,15
60198,Dives,9
60199,Doméliers,0
60200,Domfront,0
60201,Dompierre,0
60203,Duvy,8
60204,Écuvilly,7
60205,Élencourt,0
60206,Élincourt-Sainte-Marguerite,17
60207,Éméville,0
60208,Énencourt-Léage,0
60209,Énencourt-le-Sec,0
60210,Épineuse,9
60211,Éragny-sur-Epte,14
60212,Ercuis,25
60213,Ermenonville,16
60214,Ernemont-Boutavent,0
60215,Erquery,8
60216,Erquinvillers,0
60217,Escames,0
60218,Esches,21
60219,Escles-Saint-Pierre,0
60220,Espaubourg,0
60221,Esquennoy,25
60222,Essuiles,10
60223,Estrées-Saint-Denis,60
60224,Étavigny,0
60225,Étouy,9
60226,Ève,0
60227,Évricourt,0
60228,Fay-les-Étangs,0
60229,Le Fayel,6
60230,Le Fay-Saint-Quentin,0
60231,Feigneux,6
60232,Ferrières,6
60233,Feuquières,44
60234,Fitz-James,42
60235,Flavacourt,15
60236,Flavy-le-Meldeux,6
60237,Fléchy,0
60238,Fleurines,29
60239,Fleury,12
60240,Fontaine-Bonneleau,0
60241,Fontaine-Chaalis,0
60242,Fontaine-Lavaganne,8
60243,Fontaine-Saint-Lucien,0
60244,Fontenay-Torcy,0
60245,Formerie,56
60246,Fosseuse,13
60247,Fouilleuse,0
60248,Fouilloy,0
60249,Foulangues,0
60250,Fouquenies,8
60251,Fouquerolles,0
60252,Fournival,5
60253,Francastel,6
60254,Francières,9
60255,Fréniches,12
60256,Fresneaux-Montchevreuil,18
60257,Fresne-Léguillon,13
60258,Fresnières,0
60259,Fresnoy-en-Thelle,8
60260,Fresnoy-la-Rivière,13
60261,Fresnoy-le-Luat,12
60262,Le Frestoy-Vaux,0
60263,Frétoy-le-Château,6
60264,Frocourt,0
60265,Froissy,23
60267,Le Gallet,0
60268,Gannes,0
60269,Gaudechart,0
60270,Genvry,0
60271,Gerberoy,0
60272,Gilocourt,12
60273,Giraumont,6
60274,Glaignes,0
60275,Glatigny,0
60276,Godenvillers,0
60277,Goincourt,18
60278,Golancourt,0
60279,Gondreville,0
60280,Gourchelles,0
60281,Gournay-sur-Aronde,0
60282,Gouvieux,141
60283,Gouy-les-Groseillers,0
60284,Grandfresnoy,27
60285,Grandvillers-aux-Bois,0
60286,Grandvilliers,64
60287,Grandrû,8
60288,Grémévillers,0
60289,Grez,0
60290,Guignecourt,0
60291,Guiscard,54
60292,Gury,0
60293,Hadancourt-le-Haut-Clocher,9
60294,Hainvillers,0
60295,Halloy,8
60296,Hannaches,0
60297,Le Hamel,0
60298,Hanvoile,11
60299,Hardivillers,24
60300,Hardivillers-en-Vexin,0
60301,Haucourt,0
60302,Haudivillers,9
60303,Hautbos,0
60304,Haute-Épine,0
60305,Hautefontaine,12
60306,Hécourt,0
60307,Heilles,11
60308,Hémévillers,8
60309,Hénonville,10
60310,Herchies,0
60311,La Hérelle,0
60312,Héricourt-sur-Thérain,0
60313,Hermes,76
60314,Hétomesnil,0
60315,Hodenc-en-Bray,0
60316,Hodenc-l'Évêque,0
60317,Hondainville,20
60318,Houdancourt,0
60319,La Houssoye,15
60320,Ivors,0
60321,Ivry-le-Temple,15
60322,Jaméricourt,0
60323,Janville,13
60324,Jaulzy,16
60325,Jaux,32
60326,Jonquières,11
60327,Jouy-sous-Thelle,13
60328,Juvignies,0
60329,Laberlière,0
60330,Laboissière-en-Thelle,21
60331,Labosse,11
60332,Labruyère,7
60333,Lachapelle-aux-Pots,33
60334,Lachapelle-Saint-Pierre,23
60335,Lachapelle-sous-Gerberoy,0
60336,Lachaussée-du-Bois-d'Écu,0
60337,Lachelle,9
60338,Lacroix-Saint-Ouen,87
60339,Lafraye,0
60340,Lagny,17
60341,Lagny-le-Sec,19
60342,Laigneville,104
60343,Lalande-en-Son,23
60344,Lalandelle,14
60345,Lamécourt,0
60346,Lamorlaye,148
60347,Lannoy-Cuillère,0
60348,Larbroye,15
60350,Lassigny,34
60351,Lataule,0
60352,Lattainville,0
60353,Lavacquerie,0
60354,Laverrière,0
60355,Laversines,12
60356,Lavilletertre,0
60357,Léglantiers,11
60358,Lévignen,13
60359,Lhéraule,0
60360,Liancourt,178
60361,Liancourt-Saint-Pierre,15
60362,Libermont,0
60363,Lierville,0
60364,Lieuvillers,11
60365,Lihus,0
60366,Litz,5
60367,Loconville,6
60368,Longueil-Annel,59
60369,Longueil-Sainte-Marie,28
60370,Lormaison,33
60371,Loueuse,0
60372,Luchy,5
60373,Machemont,14
60374,Maignelay-Montigny,79
60375,Maimbeville,0
60376,Maisoncelle-Saint-Pierre,0
60377,Maisoncelle-Tuilerie,0
60378,Marest-sur-Matz,0
60379,Mareuil-la-Motte,15
60380,Mareuil-sur-Ourcq,30
60381,Margny-aux-Cerises,0
60382,Margny-lès-Compiègne,213
60383,Margny-sur-Matz,0
60385,Marolles,8
60386,Marquéglise,0
60387,Marseille-en-Beauvaisis,27
60388,Martincourt,0
60389,Maucourt,6
60390,Maulers,0
60391,Maysel,0
60392,Mélicocq,14
60393,Mello,8
60394,Ménévillers,0
60395,Méru,470
60396,Méry-la-Bataille,18
60397,Le Mesnil-Conteville,0
60398,Le Mesnil-en-Thelle,38
60399,Le Mesnil-Saint-Firmin,0
60400,Le Mesnil-sur-Bulles,0
60401,Le Mesnil-Théribus,18
60402,Le Meux,46
60403,Milly-sur-Thérain,29
60404,Mogneville,26
60405,Moliens,17
60406,Monceaux,12
60407,Monceaux-l'Abbaye,0
60408,Monchy-Humières,15
60409,Monchy-Saint-Éloi,35
60410,Mondescourt,5
60411,Monneville,15
60412,Montagny-en-Vexin,6
60413,Montagny-Sainte-Félicité,8
60414,Montataire,542
60415,Montépilloy,0
60416,Montgérain,0
60418,Montiers,11
60420,Montjavoult,7
60421,Mont-l'Évêque,8
60422,Montlognon,0
60423,Montmacq,24
60424,Montmartin,0
60425,Montreuil-sur-Brêche,11
60426,Montreuil-sur-Thérain,0
60427,Monts,6
60428,Le Mont-Saint-Adrien,9
60429,Morangles,0
60430,Morienval,14
60431,Morlincourt,24
60432,Mortefontaine,19
60433,Mortefontaine-en-Thelle,15
60434,Mortemer,0
60435,Morvillers,6
60436,Mory-Montcrux,0
60437,Mouchy-le-Châtel,0
60438,Moulin-sous-Touvent,0
60439,Mouy,166
60440,Moyenneville,11
60441,Moyvillers,0
60442,Muidorge,0
60443,Muirancourt,21
60444,Mureaumont,0
60445,Nampcel,0
60446,Nanteuil-le-Haudouin,72
60447,Néry,13
60448,Neufchelles,0
60449,Neufvy-sur-Aronde,0
60450,Neuilly-en-Thelle,71
60451,Neuilly-sous-Clermont,39
60452,Neuville-Bosc,0
60453,La Neuville-d'Aumont,0
60454,La Neuville-en-Hez,13
60455,La Neuville-Garnier,0
60456,La Neuville-Roy,15
60457,La Neuville-Saint-Pierre,0
60458,La Neuville-sur-Oudeuil,0
60459,La Neuville-sur-Ressons,0
60460,La Neuville-Vault,0
60461,Nivillers,0
60462,Noailles,73
60463,Nogent-sur-Oise,719
60464,Nointel,17
60465,Noirémont,0
60466,Noroy,0
60468,Nourard-le-Franc,8
60469,Novillers,0
60470,Noyers-Saint-Martin,15
60471,Noyon,552
60472,Offoy,0
60473,Ognes,0
60474,Ognolles,8
60475,Ognon,0
60476,Omécourt,0
60477,Ons-en-Bray,39
60478,Ormoy-le-Davien,0
60479,Ormoy-Villers,5
60480,Oroër,0
60481,Orrouy,8
60482,Orry-la-Ville,39
60483,Orvillers-Sorel,12
60484,Oudeuil,0
60485,Oursel-Maison,6
60486,Paillart,11
60487,Parnes,0
60488,Passel,0
60489,Péroy-les-Gombries,17
60490,Pierrefitte-en-Beauvaisis,11
60491,Pierrefonds,34
60492,Pimprez,11
60493,Pisseleu,0
60494,Plailly,25
60495,Plainval,5
60496,Plainville,0
60497,Le Plessier-sur-Bulles,0
60498,Le Plessier-sur-Saint-Just,13
60499,Plessis-de-Roye,0
60500,Le Plessis-Belleville,49
60501,Le Plessis-Brion,26
60502,Le Plessis-Patte-d'Oie,0
60503,Le Ployron,0
60504,Ponchon,17
60505,Pontarmé,10
60506,Pont-l'Évêque,21
60507,Pontoise-lès-Noyon,6
60508,Pontpoint,54
60509,Pont-Sainte-Maxence,381
60510,Porcheux,6
60511,Porquéricourt,5
60512,Pouilly,0
60513,Précy-sur-Oise,41
60514,Prévillers,0
60515,Pronleroy,7
60516,Puiseux-en-Bray,9
60517,Puiseux-le-Hauberger,9
60518,Puits-la-Vallée,0
60519,Quesmy,0
60520,Le Quesnel-Aubry,0
60521,Quincampoix-Fleuzy,5
60522,Quinquempoix,0
60523,Rainvillers,11
60524,Rantigny,51
60525,Raray,0
60526,Ravenel,24
60527,Réez-Fosse-Martin,0
60528,Reilly,0
60529,Rémécourt,0
60530,Rémérangles,0
60531,Remy,29
60532,Ressons-l'Abbaye,0
60533,Ressons-sur-Matz,31
60534,Rethondes,11
60535,Reuil-sur-Brêche,12
60536,Rhuis,0
60537,Ribécourt-Dreslincourt,101
60538,Ricquebourg,5
60539,Rieux,34
60540,Rivecourt,0
60541,Roberval,6
60542,Rochy-Condé,11
60543,Rocquemont,0
60544,Rocquencourt,0
60545,Romescamps,8
60546,Rosières,0
60547,Rosoy,9
60548,Rosoy-en-Multien,0
60549,Rotangy,0
60550,Rothois,0
60551,Rousseloy,0
60552,Rouville,0
60553,Rouvillers,8
60554,Rouvres-en-Multien,10
60555,Rouvroy-les-Merles,0
60556,Royaucourt,5
60557,Roy-Boissy,0
60558,Roye-sur-Matz,7
60559,La Rue-Saint-Pierre,16
60560,Rully,9
60561,Russy-Bémont,0
60562,Sacy-le-Grand,16
60563,Sacy-le-Petit,6
60564,Sains-Morainvillers,6
60565,Saint-André-Farivillers,9
60566,Saint-Arnoult,0
60567,Saint-Aubin-en-Bray,18
60568,Saint-Aubin-sous-Erquery,0
60569,Saint-Crépin-aux-Bois,0
60570,Saint-Crépin-Ibouvillers,26
60571,Saint-Deniscourt,0
60572,Saint-Étienne-Roilaye,0
60573,Sainte-Eusoye,0
60574,Saint-Félix,9
60575,Sainte-Geneviève,57
60576,Saint-Germain-la-Poterie,5
60577,Saint-Germer-de-Fly,38
60578,Saintines,22
60579,Saint-Jean-aux-Bois,6
60581,Saint-Just-en-Chaussée,200
60582,Saint-Léger-aux-Bois,14
60583,Saint-Léger-en-Bray,5
60584,Saint-Leu-d'Esserent,120
60585,Saint-Martin-aux-Bois,10
60586,Saint-Martin-le-Nœud,17
60587,Saint-Martin-Longueau,27
60588,Saint-Maur,0
60589,Saint-Maximin,71
60590,Saint-Omer-en-Chaussée,23
60591,Saint-Paul,17
60592,Saint-Pierre-es-Champs,16
60593,Saint-Pierre-lès-Bitry,0
60594,Saint-Quentin-des-Prés,6
60595,Saint-Remy-en-l'Eau,0
60596,Saint-Samson-la-Poterie,0
60597,Saint-Sauveur,28
60598,Saint-Sulpice,11
60599,Saint-Thibault,0
60600,Saint-Vaast-de-Longmont,11
60601,Saint-Vaast-lès-Mello,14
60602,Saint-Valery,0
60603,Salency,24
60604,Sarcus,0
60605,Sarnois,0
60608,Le Saulchoy,0
60609,Savignies,9
60610,Sempigny,12
60611,Senantes,16
60612,Senlis,315
60613,Senots,9
60614,Serans,0
60615,Sérévillers,0
60616,Sérifontaine,81
60617,Sermaize,0
60618,Séry-Magneval,0
60619,Silly-le-Long,12
60620,Silly-Tillard,9
60621,Solente,0
60622,Sommereux,10
60623,Songeons,16
60624,Sully,0
60625,Suzoy,7
60626,Talmontiers,20
60627,Tartigny,0
60628,Therdonne,14
60629,Thérines,6
60630,Thibivillers,0
60631,Thiers-sur-Thève,22
60632,Thiescourt,19
60633,Thieuloy-Saint-Antoine,5
60634,Thieux,0
60635,Thiverny,44
60636,Thourotte,121
60637,Thury-en-Valois,8
60638,Thury-sous-Clermont,16
60639,Tillé,13
60640,Tourly,0
60641,Tracy-le-Mont,27
60642,Tracy-le-Val,19
60643,Tricot,37
60644,Trie-Château,33
60645,Trie-la-Ville,0
60646,Troissereux,14
60647,Trosly-Breuil,40
60648,Troussencourt,0
60649,Troussures,0
60650,Trumilly,7
60651,Ully-Saint-Georges,30
60652,Valdampierre,11
60653,Valescourt,0
60654,Vandélicourt,0
60655,Varesnes,11
60656,Varinfroy,0
60657,Vauchelles,8
60658,Vauciennes,8
60659,Vaudancourt,0
60660,Le Vaumain,5
60661,Vaumoise,22
60662,Le Vauroux,9
60663,Velennes,0
60664,Vendeuil-Caply,9
60665,Venette,59
60666,Ver-sur-Launette,21
60667,Verberie,89
60668,Verderel-lès-Sauqueuse,0
60669,Verderonne,5
60670,Verneuil-en-Halatte,64
60671,Versigny,6
60672,Vez,0
60673,Viefvillers,0
60674,Vieux-Moulin,9
60675,Vignemont,5
60676,Ville,17
60677,Villembray,0
60678,Villeneuve-les-Sablons,23
60679,La Villeneuve-sous-Thury,0
60680,Villeneuve-sur-Verberie,15
60681,Villers-Saint-Barthélemy,7
60682,Villers-Saint-Frambourg,7
60683,Villers-Saint-Genest,0
60684,Villers-Saint-Paul,222
60685,Villers-Saint-Sépulcre,29
60686,Villers-sous-Saint-Leu,35
60687,Villers-sur-Auchy,0
60688,Villers-sur-Bonnières,0
60689,Villers-sur-Coudun,13
60690,Villers-sur-Trie,5
60691,Villers-Vermont,0
60692,Villers-Vicomte,0
60693,Villeselve,10
60694,Villotran,8
60695,Vineuil-Saint-Firmin,17
60697,Vrocourt,0
60698,Wacquemoulin,0
60699,Wambez,0
60700,Warluis,28
60701,Wavignies,29
60702,Welles-Pérennes,0
60703,Aux Marais,16
62001,Ablain-Saint-Nazaire,18
62002,Ablainzevelle,0
62003,Acheville,9
62004,Achicourt,205
62005,Achiet-le-Grand,20
62006,Achiet-le-Petit,8
62007,Acq,7
62008,Acquin-Westbécourt,8
62009,Adinfer,0
62010,Affringues,0
62011,Agnez-lès-Duisans,5
62012,Agnières,0
62013,Agny,43
62014,Aire-sur-la-Lys,236
62015,Airon-Notre-Dame,0
62016,Airon-Saint-Vaast,0
62017,Aix-en-Ergny,0
62018,Aix-en-Issart,11
62019,Aix-Noulette,73
62020,Alembon,8
62021,Alette,6
62022,Alincthun,0
62023,Allouagne,68
62024,Alquines,15
62025,Ambleteuse,50
62026,Ambricourt,0
62027,Ambrines,0
62028,Ames,14
62029,Amettes,8
62030,Amplier,0
62031,Andres,44
62032,Angres,112
62033,Annay,133
62034,Annequin,67
62035,Annezin,158
62036,Anvin,23
62037,Anzin-Saint-Aubin,32
62038,Ardres,120
62039,Arleux-en-Gohelle,13
62040,Arques,281
62041,Arras,1806
62042,Athies,13
62043,Les Attaques,50
62044,Attin,19
62045,Aubigny-en-Artois,31
62046,Aubin-Saint-Vaast,18
62047,Aubrometz,0
62048,Auchel,435
62049,Auchy-au-Bois,8
62050,Auchy-lès-Hesdin,41
62051,Auchy-les-Mines,136
62052,Audembert,10
62053,Audincthun,12
62054,Audinghen,14
62055,Audrehem,10
62056,Audresselles,23
62057,Audruicq,124
62058,Aumerval,0
62059,Autingues,0
62060,Auxi-le-Château,103
62061,Averdoingt,0
62062,Avesnes,0
62063,Avesnes-le-Comte,38
62064,Avesnes-lès-Bapaume,0
62065,Avion,737
62066,Avondance,0
62067,Avroult,8
62068,Ayette,0
62069,Azincourt,5
62070,Bailleul-aux-Cornailles,0
62071,Bailleul-lès-Pernes,0
62072,Bailleulmont,0
62073,Bailleul-Sir-Berthoult,15
62074,Bailleulval,0
62075,Baincthun,21
62076,Bainghen,0
62077,Bajus,0
62078,Balinghem,26
62079,Bancourt,0
62080,Bapaume,94
62081,Baralle,13
62082,Barastre,0
62083,Barlin,269
62084,Barly,0
62085,Basseux,0
62086,Bavincourt,12
62087,Bayenghem-lès-Éperlecques,20
62088,Bayenghem-lès-Seninghem,0
62089,Bazinghen,0
62090,Béalencourt,0
62091,Beaudricourt,0
62092,Beaufort-Blavincourt,7
62093,Beaulencourt,8
62094,Beaumerie-Saint-Martin,6
62095,Beaumetz-lès-Aire,7
62096,Beaumetz-lès-Cambrai,17
62097,Beaumetz-lès-Loges,20
62099,Beaurains,127
62100,Beaurainville,36
62101,Beauvois,0
62102,Bécourt,0
62103,Béhagnies,0
62104,Bellebrune,0
62105,Belle-et-Houllefort,9
62106,Bellonne,5
62107,Bénifontaine,8
62108,Berck,610
62109,Bergueneuse,6
62111,Berlencourt-le-Cauroy,0
62112,Berles-au-Bois,12
62113,Berles-Monchel,7
62114,Bermicourt,0
62115,Berneville,5
62116,Bernieulles,0
62117,Bertincourt,10
62118,Béthonsart,0
62119,Béthune,1015
62120,Beugin,0
62121,Beugnâtre,0
62122,Beugny,0
62123,Beussent,6
62124,Beutin,6
62125,Beuvrequen,9
62126,Beuvry,278
62127,Bezinghem,0
62128,Biache-Saint-Vaast,99
62129,Biefvillers-lès-Bapaume,0
62130,Bienvillers-au-Bois,7
62131,Bihucourt,0
62132,Billy-Berclau,96
62133,Billy-Montigny,324
62134,Bimont,0
62135,Blairville,5
62137,Blangerval-Blangermont,0
62138,Blangy-sur-Ternoise,10
62139,Blendecques,151
62140,Bléquin,5
62141,Blessy,10
62142,Blingel,0
62143,Boffles,0
62144,Boiry-Becquerelle,0
62145,Boiry-Notre-Dame,7
62146,Boiry-Saint-Martin,0
62147,Boiry-Sainte-Rictrude,0
62148,Bois-Bernard,20
62149,Boisdinghem,0
62150,Boisjean,9
62151,Boisleux-au-Mont,12
62152,Boisleux-Saint-Marc,0
62153,Bomy,10
62154,Bonnières,18
62155,Bonningues-lès-Ardres,11
62156,Bonningues-lès-Calais,13
62157,Boubers-lès-Hesmond,0
62158,Boubers-sur-Canche,17
62160,Boulogne-sur-Mer,1909
62161,Bouquehault,10
62162,Bourecq,11
62163,Bouret-sur-Canche,0
62164,Bourlon,30
62165,Bournonville,0
62166,Bours,6
62167,Boursin,0
62168,Bourthes,5
62169,Bouvelinghem,0
62170,Bouvigny-Boyeffles,37
62171,Boyaval,0
62172,Boyelles,6
62173,Brebières,96
62174,Brêmes,38
62175,Brévillers,0
62176,Bréxent-Énocq,14
62177,Brimeux,15
62178,Bruay-la-Buissière,845
62179,Brunembert,6
62180,Brias,0
62181,Bucquoy,29
62182,Buire-au-Bois,0
62183,Buire-le-Sec,24
62184,Buissy,0
62185,Bullecourt,0
62186,Bully-les-Mines,423
62187,Buneville,6
62188,Burbure,66
62189,Bus,0
62190,Busnes,21
62191,Caffiers,17
62192,Cagnicourt,0
62193,Calais,3557
62194,Calonne-Ricouart,205
62195,Calonne-sur-la-Lys,21
62196,La Calotterie,11
62197,Camblain-Châtelain,45
62198,Cambligneul,0
62199,Camblain-l'Abbé,9
62200,Cambrin,21
62201,Camiers,66
62202,Campagne-lès-Boulonnais,7
62203,Campagne-lès-Guines,7
62204,Campagne-lès-Hesdin,37
62205,Campagne-lès-Wardrecques,10
62206,Campigneulles-les-Grandes,6
62207,Campigneulles-les-Petites,10
62208,Canettemont,0
62209,Canlers,0
62210,Canteleux,0
62211,Capelle-Fermont,0
62212,Capelle-lès-Hesdin,10
62213,Carency,8
62214,Carly,14
62215,Carvin,529
62216,La Cauchie,0
62217,Cauchy-à-la-Tour,93
62218,Caucourt,5
62219,Caumont,5
62220,Cavron-Saint-Martin,13
62221,Chelers,0
62222,Chériennes,0
62223,Chérisy,0
62224,Chocques,53
62225,Clairmarais,5
62226,Clarques,5
62227,Clenleu,0
62228,Clerques,8
62229,Cléty,7
62230,Colembert,8
62231,Colline-Beaumont,0
62232,La Comté,10
62233,Conchil-le-Temple,29
62234,Conchy-sur-Canche,0
62235,Condette,42
62236,Contes,0
62237,Conteville-lès-Boulogne,0
62238,Conteville-en-Ternois,0
62239,Coquelles,61
62240,Corbehem,45
62241,Cormont,0
62242,Couin,0
62243,Coullemont,0
62244,Coulogne,144
62245,Coulomby,10
62246,Coupelle-Neuve,8
62247,Coupelle-Vieille,7
62248,Courcelles-le-Comte,7
62249,Courcelles-lès-Lens,201
62250,Courrières,339
62251,Courset,7
62252,La Couture,41
62253,Couturelle,0
62254,Coyecques,9
62255,Crémarest,10
62256,Crépy,0
62257,Créquy,14
62258,Croisette,0
62259,Croisilles,22
62260,Croix-en-Ternois,6
62261,Cucq,142
62262,Cuinchy,22
62263,Dainville,71
62264,Dannes,32
62265,Delettes,17
62266,Denier,0
62267,Dennebrœucq,10
62268,Desvres,166
62269,Diéval,17
62270,Divion,239
62271,Dohem,8
62272,Douchy-lès-Ayette,0
62273,Doudeauville,11
62274,Dourges,161
62275,Douriez,6
62276,Douvrin,133
62277,Drocourt,82
62278,Drouvin-le-Marais,0
62279,Duisans,19
62280,Dury,7
62281,Echinghen,7
62282,Éclimeux,0
62283,Écoivres,0
62284,Écourt-Saint-Quentin,40
62285,Écoust-Saint-Mein,0
62286,Ecquedecques,0
62288,Ecques,28
62289,Écuires,12
62290,Écurie,0
62291,Éleu-dit-Leauwette,98
62292,Elnes,21
62293,Embry,10
62294,Enguinegatte,10
62295,Enquin-les-Mines,20
62296,Enquin-sur-Baillons,0
62297,Éperlecques,82
62298,Épinoy,8
62299,Eps,0
62300,Équihen-Plage,97
62301,Équirre,0
62302,Ergny,0
62303,Érin,0
62304,Erny-Saint-Julien,0
62306,Ervillers,9
62307,Escalles,9
62308,Escœuilles,5
62309,Esquerdes,25
62310,Essars,27
62311,Estevelles,45
62312,Estrée,0
62313,Estrée-Blanche,28
62314,Estrée-Cauchy,0
62315,Estréelles,0
62316,Estrée-Wamin,0
62317,Étaing,0
62318,Étaples,362
62319,Éterpigny,0
62320,Étrun,0
62321,Évin-Malmaison,150
62322,Famechon,0
62323,Fampoux,21
62324,Farbus,0
62325,Fauquembergues,29
62326,Favreuil,0
62327,Febvin-Palfart,16
62328,Ferfay,20
62329,Ferques,44
62330,Festubert,19
62331,Feuchy,19
62332,Ficheux,5
62333,Fiefs,6
62334,Fiennes,19
62335,Fillièvres,11
62336,Fléchin,5
62337,Flers,0
62338,Fleurbaix,33
62339,Fleury,0
62340,Floringhem,21
62341,Foncquevillers,6
62342,Fontaine-lès-Boulans,0
62343,Fontaine-lès-Croisilles,0
62344,Fontaine-lès-Hermans,0
62345,Fontaine-l'Étalon,0
62346,Fortel-en-Artois,0
62347,Fosseux,0
62348,Foufflin-Ricametz,0
62349,Fouquereuil,20
62350,Fouquières-lès-Béthune,16
62351,Fouquières-lès-Lens,214
62352,Framecourt,0
62353,Frémicourt,0
62354,Frencq,8
62355,Fresnes-lès-Montauban,15
62356,Fresnicourt-le-Dolmen,14
62357,Fresnoy,0
62358,Fresnoy-en-Gohelle,0
62359,Fressin,9
62360,Fréthun,24
62361,Frévent,171
62362,Frévillers,0
62363,Frévin-Capelle,0
62364,Fruges,71
62365,Galametz,0
62366,Gauchin-Légal,0
62367,Gauchin-Verloingt,18
62368,Gaudiempré,0
62369,Gavrelle,7
62370,Gennes-Ivergny,0
62371,Givenchy-en-Gohelle,35
62372,Givenchy-le-Noble,0
62373,Givenchy-lès-la-Bassée,13
62374,Gomiécourt,0
62375,Gommecourt,0
62376,Gonnehem,43
62377,Gosnay,26
62378,Gouves,0
62379,Gouy-en-Artois,0
62380,Gouy-Servins,0
62381,Gouy-en-Ternois,0
62382,Gouy-Saint-André,15
62383,Gouy-sous-Bellonne,17
62384,Graincourt-lès-Havrincourt,14
62385,Grand-Rullecourt,5
62386,Grenay,294
62387,Grévillers,8
62388,Grigny,5
62389,Grincourt-lès-Pas,0
62390,Groffliers,25
62391,Guarbecque,25
62392,Guémappe,0
62393,Guemps,12
62395,Guigny,0
62396,Guinecourt,0
62397,Guînes,223
62398,Guisy,5
62399,Habarcq,10
62400,Haillicourt,154
62401,Haisnes,117
62402,Halinghen,0
62403,Hallines,30
62404,Halloy,0
62405,Hamblain-les-Prés,5
62406,Hamelincourt,0
62407,Ham-en-Artois,11
62408,Hames-Boucres,37
62409,Hannescamps,0
62410,Haplincourt,0
62411,Haravesnes,0
62412,Hardinghen,24
62413,Harnes,459
62414,Haucourt,0
62415,Haute-Avesnes,0
62416,Hautecloque,0
62418,Hauteville,0
62419,Haut-Loquin,0
62421,Havrincourt,10
62422,Hébuterne,11
62423,Helfaut,33
62424,Hendecourt-lès-Cagnicourt,0
62425,Hendecourt-lès-Ransart,0
62426,Héninel,0
62427,Hénin-Beaumont,994
62428,Hénin-sur-Cojeul,7
62429,Henneveux,0
62430,Hénu,0
62431,Herbelles,6
62432,Herbinghen,8
62433,Héricourt,0
62434,La Herlière,0
62435,Herlincourt,0
62436,Herlin-le-Sec,0
62437,Herly,0
62438,Hermaville,12
62439,Hermelinghen,5
62440,Hermies,23
62441,Hermin,0
62442,Hernicourt,13
62443,Hersin-Coupigny,207
62444,Hervelinghen,0
62445,Hesdigneul-lès-Béthune,18
62446,Hesdigneul-lès-Boulogne,10
62447,Hesdin,97
62448,Hesdin-l'Abbé,45
62449,Hesmond,0
62450,Hestrus,0
62451,Heuchin,13
62452,Heuringhem,17
62453,Hézecques,0
62454,Hinges,37
62455,Hocquinghen,0
62456,Houchin,9
62457,Houdain,201
62458,Houlle,17
62459,Houvin-Houvigneul,0
62460,Hubersent,0
62461,Huby-Saint-Leu,17
62462,Huclier,0
62463,Hucqueliers,6
62464,Hulluch,85
62465,Humbercamps,0
62466,Humbert,0
62467,Humerœuille,0
62468,Humières,0
62469,Inchy-en-Artois,10
62470,Incourt,0
62471,Inghem,8
62472,Inxent,0
62473,Isbergues,216
62474,Isques,22
62475,Ivergny,0
62476,Izel-lès-Équerchin,13
62477,Izel-lès-Hameau,11
62478,Journy,0
62479,Labeuvrière,29
62480,Labourse,65
62481,Labroye,0
62483,Lacres,0
62484,Lagnicourt-Marcel,0
62485,Laires,8
62486,Lambres,20
62487,Landrethun-le-Nord,28
62488,Landrethun-lès-Ardres,9
62489,Lapugnoy,87
62490,Lattre-Saint-Quentin,0
62491,Laventie,77
62492,Lebiez,6
62493,Lebucquière,0
62494,Léchelle,0
62495,Ledinghem,0
62496,Lefaux,5
62497,Leforest,198
62498,Lens,1661
62499,Lépine,5
62500,Lespesses,0
62501,Lespinoy,11
62502,Lestrem,59
62503,Leubringhen,6
62504,Leulinghem,0
62505,Leulinghen-Bernes,0
62506,Licques,32
62507,Liencourt,0
62508,Lières,6
62509,Liettres,6
62510,Liévin,1356
62511,Lignereuil,0
62512,Ligny-lès-Aire,8
62513,Ligny-sur-Canche,0
62514,Ligny-Saint-Flochel,0
62515,Ligny-Thilloy,6
62516,Lillers,320
62517,Linghem,6
62518,Linzeux,5
62519,Lisbourg,15
62520,Locon,43
62521,La Loge,0
62522,Loison-sur-Créquoise,0
62523,Loison-sous-Lens,190
62524,Longfossé,22
62525,Longuenesse,325
62526,Longueville,0
62527,Longvilliers,0
62528,Loos-en-Gohelle,202
62529,Lorgies,15
62530,Lottinghen,6
62531,Louches,16
62532,Lozinghem,28
62533,Lugy,0
62534,Lumbres,94
62535,La Madelaine-sous-Montreuil,0
62536,Magnicourt-en-Comte,10
62537,Magnicourt-sur-Canche,0
62538,Maintenay,0
62539,Maisnil,0
62540,Maisnil-lès-Ruitz,38
62541,Maisoncelle,0
62542,Maizières,0
62543,Mametz,47
62544,Manin,0
62545,Maninghem,0
62546,Maninghen-Henne,0
62547,Marant,0
62548,Marck,218
62549,Marconne,18
62550,Marconnelle,24
62551,Marenla,0
62552,Maresquel-Ecquemicourt,19
62553,Marest,5
62554,Maresville,0
62555,Marles-les-Mines,217
62556,Marles-sur-Canche,9
62557,Marœuil,50
62558,Marquay,0
62559,Marquion,19
62560,Marquise,116
62561,Martinpuich,0
62562,Matringhem,8
62563,Mazingarbe,297
62564,Mazinghem,5
62565,Mencas,0
62566,Menneville,9
62567,Mentque-Nortbécourt,8
62568,Mercatel,12
62569,Merck-Saint-Liévin,15
62570,Méricourt,403
62571,Merlimont,85
62572,Metz-en-Couture,13
62573,Meurchin,99
62574,Mingoval,0
62576,Moncheaux-lès-Frévent,0
62577,Monchel-sur-Canche,0
62578,Monchiet,0
62579,Monchy-au-Bois,0
62580,Monchy-Breton,5
62581,Monchy-Cayeux,13
62582,Monchy-le-Preux,13
62583,Mondicourt,12
62584,Mont-Bernanchon,19
62585,Montcavrel,0
62586,Montenescourt,9
62587,Montigny-en-Gohelle,390
62588,Montreuil,60
62589,Mont-Saint-Éloi,15
62590,Monts-en-Ternois,0
62591,Morchies,0
62592,Moringhem,0
62593,Morval,0
62594,Mory,10
62595,Moulle,22
62596,Mouriez,5
62597,Moyenneville,0
62598,Muncq-Nieurlet,17
62599,Nabringhen,0
62600,Nédon,5
62601,Nédonchel,0
62602,Nempont-Saint-Firmin,0
62603,Nesles,31
62604,Neufchâtel-Hardelot,77
62605,Neulette,0
62606,Neuve-Chapelle,9
62607,Neuville-au-Cornet,0
62608,Neuville-Bourjonval,0
62609,Neuville-Saint-Vaast,14
62610,Neuville-sous-Montreuil,23
62611,Neuville-Vitasse,6
62612,Neuvireuil,0
62613,Nielles-lès-Bléquin,17
62614,Nielles-lès-Ardres,10
62615,Nielles-lès-Calais,0
62616,Nœux-lès-Auxi,5
62617,Nœux-les-Mines,386
62618,Nordausques,14
62619,Noreuil,0
62620,Norrent-Fontes,29
62621,Nortkerque,30
62622,Nort-Leulinghem,0
62623,Nouvelle-Église,14
62624,Noyelles-Godault,192
62625,Noyelles-lès-Humières,0
62626,Noyelles-lès-Vermelles,38
62627,Noyelles-sous-Bellonne,15
62628,Noyelles-sous-Lens,252
62629,Noyellette,0
62630,Noyelle-Vion,0
62631,Nuncq-Hautecôte,6
62632,Oblinghem,0
62633,Œuf-en-Ternois,0
62634,Offekerque,32
62635,Offin,0
62636,Offrethun,6
62637,Oignies,370
62638,Oisy-le-Verger,21
62639,Oppy,0
62640,Orville,9
62641,Ostreville,0
62642,Ourton,9
62643,Outreau,434
62644,Ouve-Wirquin,10
62645,Oye-Plage,118
62646,Palluel,17
62647,Le Parcq,17
62648,Parenty,6
62649,Pas-en-Artois,11
62650,Pelves,15
62651,Penin,0
62652,Pernes,36
62653,Pernes-lès-Boulogne,8
62654,Peuplingues,12
62655,Pierremont,0
62656,Pihem,16
62657,Pihen-lès-Guînes,12
62658,Pittefaux,0
62659,Planques,0
62660,Plouvain,10
62661,Bouin-Plumoison,9
62662,Polincove,13
62663,Pommera,0
62664,Pommier,0
62665,Le Ponchel,0
62666,Pont-à-Vendin,108
62667,Le Portel,374
62668,Prédefin,0
62669,Pressy,0
62670,Preures,0
62671,Pronville,0
62672,Puisieux,14
62673,Quéant,10
62674,Quelmes,0
62675,Quercamps,0
62676,Quernes,6
62677,Le Quesnoy-en-Artois,7
62678,Quesques,5
62679,Questrecques,0
62680,Quiéry-la-Motte,11
62681,Quiestède,6
62682,Quilen,0
62683,Quœux-Haut-Maînil,11
62684,Racquinghem,33
62685,Radinghem,0
62686,Ramecourt,0
62688,Rang-du-Fliers,99
62689,Ransart,0
62690,Raye-sur-Authie,5
62691,Rebecques,0
62692,Rebergues,0
62693,Rebreuve-Ranchicourt,22
62694,Rebreuve-sur-Canche,0
62695,Rebreuviette,6
62696,Reclinghem,7
62697,Récourt,0
62698,Recques-sur-Course,0
62699,Recques-sur-Hem,10
62700,Regnauville,0
62701,Rely,7
62702,Remilly-Wirquin,0
62703,Rémy,6
62704,Renty,9
62705,Rety,55
62706,Richebourg,41
62708,Riencourt-lès-Bapaume,0
62709,Riencourt-lès-Cagnicourt,0
62710,Rimboval,0
62711,Rinxent,85
62712,Rivière,17
62713,Robecq,16
62714,Roclincourt,16
62715,Rocquigny,0
62716,Rodelinghem,9
62717,Roëllecourt,13
62718,Rœux,25
62719,Rollancourt,0
62720,Rombly,0
62721,Roquetoire,23
62722,Rougefay,0
62723,Roussent,0
62724,Rouvroy,370
62725,Royon,0
62726,Ruisseauville,0
62727,Ruitz,20
62728,Rumaucourt,16
62729,Rumilly,0
62730,Ruminghem,29
62731,Ruyaulcourt,0
62732,Sachin,0
62733,Sailly-au-Bois,0
62734,Sailly-en-Ostrevent,10
62735,Sailly-Labourse,50
62736,Sailly-sur-la-Lys,48
62737,Sains-en-Gohelle,220
62738,Sains-lès-Fressin,0
62739,Sains-lès-Marquion,0
62740,Sains-lès-Pernes,0
62741,Saint-Amand,0
62742,Saint-Aubin,0
62743,Sainte-Austreberthe,5
62744,Sainte-Catherine,54
62745,Saint-Denœux,0
62746,Saint-Étienne-au-Mont,156
62747,Saint-Floris,0
62748,Saint-Folquin,37
62749,Saint-Georges,5
62750,Saint-Hilaire-Cottes,21
62751,Saint-Inglevert,8
62752,Saint-Josse,17
62753,Saint-Laurent-Blangy,137
62754,Saint-Léger,9
62755,Saint-Léonard,64
62756,Sainte-Marie-Kerque,38
62757,Saint-Martin-au-Laërt,88
62758,Saint-Martin-Boulogne,343
62759,Saint-Martin-Choquel,7
62760,Saint-Martin-d'Hardinghem,7
62761,Saint-Martin-sur-Cojeul,0
62762,Saint-Michel-sous-Bois,0
62763,Saint-Michel-sur-Ternoise,10
62764,Saint-Nicolas,185
62765,Saint-Omer,759
62766,Saint-Omer-Capelle,19
62767,Saint-Pol-sur-Ternoise,174
62768,Saint-Rémy-au-Bois,0
62769,Saint-Tricat,24
62770,Saint-Venant,54
62771,Sallaumines,423
62772,Salperwick,8
62773,Samer,90
62774,Sangatte,105
62775,Sanghen,6
62776,Sapignies,0
62777,Le Sars,0
62778,Sars-le-Bois,0
62779,Sarton,0
62780,Sauchy-Cauchy,8
62781,Sauchy-Lestrée,9
62782,Saudemont,0
62783,Saulchoy,7
62784,Saulty,20
62785,Savy-Berlette,12
62786,Selles,0
62787,Sempy,0
62788,Seninghem,16
62789,Senlecques,0
62790,Senlis,0
62791,Séricourt,0
62792,Serques,16
62793,Servins,19
62794,Setques,8
62795,Sibiville,0
62796,Simencourt,7
62797,Siracourt,0
62798,Sombrin,5
62799,Sorrus,0
62800,Souastre,9
62801,Souchez,50
62802,Le Souich,0
62803,Surques,6
62804,Sus-Saint-Léger,8
62805,Tangry,0
62806,Tardinghen,0
62807,Tatinghem,24
62808,Teneur,8
62809,Ternas,0
62810,Thélus,19
62811,Thérouanne,14
62812,Thiembronne,17
62813,La Thieuloye,0
62814,Thièvres,0
62815,Tigny-Noyelle,0
62816,Tilloy-lès-Hermaville,0
62817,Tilloy-lès-Mofflaines,20
62818,Tilly-Capelle,0
62819,Tilques,14
62820,Tincques,17
62821,Tingry,6
62822,Tollent,0
62823,Torcy,0
62824,Tortefontaine,0
62825,Tortequesne,21
62826,Le Touquet-Paris-Plage,92
62827,Tournehem-sur-la-Hem,33
62828,Tramecourt,0
62829,Le Transloy,5
62830,Trescault,0
62831,Troisvaux,0
62832,Tubersent,5
62833,Vacquerie-le-Boucq,0
62834,Vacqueriette-Erquières,0
62835,Valhuon,7
62836,Vaudricourt,11
62837,Vaudringhem,8
62838,Vaulx,0
62839,Vaulx-Vraucourt,16
62840,Vélu,0
62841,Vendin-lès-Béthune,47
62842,Vendin-le-Vieil,220
62843,Verchin,0
62844,Verchocq,5
62845,Verlincthun,0
62846,Vermelles,109
62847,Verquigneul,27
62848,Verquin,84
62849,Verton,52
62850,Vieil-Hesdin,6
62851,Vieille-Chapelle,5
62852,Vieille-Église,25
62853,Vieil-Moutier,7
62854,Villers-au-Bois,6
62855,Villers-au-Flos,0
62856,Villers-Brûlin,6
62857,Villers-Châtel,0
62858,Villers-lès-Cagnicourt,0
62859,Villers-l'Hôpital,0
62860,Villers-Sir-Simon,0
62861,Vimy,69
62862,Vincly,0
62863,Violaines,76
62864,Vis-en-Artois,13
62865,Vitry-en-Artois,105
62866,Waben,9
62867,Wacquinghen,6
62868,Wail,0
62869,Wailly,10
62870,Wailly-Beaucamp,13
62871,Wambercourt,5
62872,Wamin,5
62873,Wancourt,7
62874,Wanquetin,12
62875,Wardrecques,15
62876,Warlencourt-Eaucourt,0
62877,Warlincourt-lès-Pas,0
62878,Warlus,0
62879,Warluzel,0
62880,Le Wast,0
62881,Beauvoir-Wavans,8
62882,Wavrans-sur-l'Aa,18
62883,Wavrans-sur-Ternoise,0
62885,Westrehem,0
62886,Wicquinghem,0
62887,Widehem,0
62888,Wierre-au-Bois,0
62889,Wierre-Effroy,10
62890,Willeman,0
62891,Willencourt,0
62892,Willerval,5
62893,Wimereux,222
62894,Wimille,121
62895,Wingles,316
62896,Wirwignes,8
62897,Wismes,7
62898,Wisques,0
62899,Wissant,30
62900,Witternesse,5
62901,Wittes,21
62902,Wizernes,72
62903,Zoteux,9
62904,Zouafques,10
62905,Zudausques,5
62906,Zutkerque,41
62907,Libercourt,326
62908,La Capelle-lès-Boulogne,24
62909,Ytres,0
80001,Abbeville,998
80002,Ablaincourt-Pressoir,5
80003,Acheux-en-Amiénois,12
80004,Acheux-en-Vimeu,6
80005,Agenville,0
80006,Agenvillers,0
80008,Aigneville,22
80009,Ailly-le-Haut-Clocher,23
80010,Ailly-sur-Noye,48
80011,Ailly-sur-Somme,76
80013,Airaines,76
80014,Aizecourt-le-Bas,0
80015,Aizecourt-le-Haut,0
80016,Albert,287
80017,Allaines,8
80018,Allenay,0
80019,Allery,14
80020,Allonville,17
80021,Amiens,5160
80022,Andainville,6
80023,Andechy,0
80024,Argœuves,6
80025,Argoules,0
80026,Arguel,0
80027,Armancourt,0
80028,Arquèves,0
80029,Arrest,23
80030,Arry,0
80031,Arvillers,16
80032,Assainvillers,0
80033,Assevillers,0
80034,Athies,11
80035,Aubercourt,0
80036,Aubigny,8
80037,Aubvillers,0
80038,Auchonvillers,0
80039,Ault,64
80040,Aumâtre,0
80041,Aumont,0
80042,Autheux,0
80043,Authie,9
80044,Authieule,0
80045,Authuille,0
80046,Avelesges,0
80047,Aveluy,7
80048,Avesnes-Chaussoy,0
80049,Ayencourt,0
80050,Bacouel-sur-Selle,0
80051,Bailleul,0
80052,Baizieux,0
80053,Balâtre,0
80054,Barleux,10
80055,Barly,0
80056,Bavelincourt,0
80057,Bayencourt,0
80058,Bayonvillers,0
80059,Bazentin,0
80060,Béalcourt,0
80061,Beaucamps-le-Jeune,0
80062,Beaucamps-le-Vieux,34
80063,Beauchamps,28
80064,Beaucourt-en-Santerre,0
80065,Beaucourt-sur-l'Ancre,0
80066,Beaucourt-sur-l'Hallue,0
80067,Beaufort-en-Santerre,0
80068,Beaumetz,0
80069,Beaumont-Hamel,8
80070,Beauquesne,27
80071,Beauval,58
80073,Bécordel-Bécourt,0
80074,Becquigny,0
80076,Béhen,0
80077,Béhencourt,10
80078,Bellancourt,7
80079,Belleuse,0
80080,Belloy-en-Santerre,0
80081,Belloy-Saint-Léonard,0
80082,Belloy-sur-Somme,14
80083,Bergicourt,0
80084,Bermesnil,0
80085,Bernâtre,0
80086,Bernaville,23
80087,Bernay-en-Ponthieu,0
80088,Bernes,7
80089,Berneuil,0
80090,Berny-en-Santerre,0
80092,Bertangles,14
80093,Berteaucourt-les-Dames,30
80094,Berteaucourt-lès-Thennes,6
80095,Bertrancourt,7
80096,Béthencourt-sur-Mer,31
80097,Béthencourt-sur-Somme,0
80098,Bettembos,0
80099,Bettencourt-Rivière,0
80100,Bettencourt-Saint-Ouen,13
80101,Beuvraignes,14
80102,Biaches,6
80103,Biarre,0
80104,Biencourt,0
80105,Billancourt,0
80106,Blangy-sous-Poix,6
80107,Blangy-Tronville,8
80108,Boisbergues,0
80109,Le Boisle,12
80110,Boismont,10
80112,Bonnay,8
80113,Bonneville,7
80114,Bosquel,0
80115,Bouchavesnes-Bergen,10
80116,Bouchoir,8
80117,Bouchon,0
80118,Boufflers,0
80119,Bougainville,5
80120,Bouillancourt-en-Séry,11
80121,Bouillancourt-la-Bataille,0
80122,Bouquemaison,12
80123,Bourdon,7
80124,Bourseville,22
80125,Boussicourt,0
80126,Bouttencourt,15
80127,Bouvaincourt-sur-Bresle,10
80128,Bouvincourt-en-Vermandois,0
80129,Bouzincourt,10
80130,Bovelles,0
80131,Boves,64
80132,Braches,0
80133,Brailly-Cornehotte,8
80134,Brassy,0
80135,Bray-lès-Mareuil,0
80136,Bray-sur-Somme,43
80137,Breilly,7
80138,Bresle,0
80139,Breuil,0
80140,Brévillers,0
80141,Brie,8
80142,Briquemesnil-Floxicourt,0
80143,Brocourt,0
80144,Brouchy,11
80145,Brucamps,0
80146,Brutelles,0
80147,Buigny-l'Abbé,0
80148,Buigny-lès-Gamaches,16
80149,Buigny-Saint-Maclou,9
80150,Buire-Courcelles,11
80151,Buire-sur-l'Ancre,0
80152,Bus-la-Mésière,0
80153,Bus-lès-Artois,0
80154,Bussu,6
80155,Bussus-Bussuel,0
80156,Bussy-lès-Daours,0
80157,Bussy-lès-Poix,0
80158,Buverchy,0
80159,Cachy,0
80160,Cagny,21
80161,Cahon,0
80162,Caix,15
80163,Cambron,17
80164,Camon,125
80165,Camps-en-Amiénois,0
80166,Canaples,17
80167,Canchy,7
80168,Candas,15
80169,Cannessières,0
80170,Cantigny,0
80171,Caours,8
80172,Cappy,14
80173,Cardonnette,0
80174,Le Cardonnois,0
80175,Carnoy,0
80176,Carrépuis,0
80177,Cartigny,20
80179,Caulières,0
80180,Cavillon,0
80181,Cayeux-en-Santerre,0
80182,Cayeux-sur-Mer,85
80183,Cerisy-Buleux,0
80184,Cerisy,15
80185,Champien,7
80186,Chaulnes,65
80187,La Chaussée-Tirancourt,6
80188,Chaussoy-Epagny,17
80189,La Chavatte,0
80190,Chépy,29
80191,Chilly,0
80192,Chipilly,0
80193,Chirmont,0
80194,Chuignes,0
80195,Chuignolles,0
80196,Citerne,0
80197,Cizancourt,0
80198,Clairy-Saulchoix,0
80199,Cléry-sur-Somme,10
80200,Cocquerel,9
80201,Coigneux,0
80202,Coisy,0
80203,Colincamps,0
80204,Combles,16
80205,Condé-Folie,25
80206,Contalmaison,0
80207,Contay,8
80208,Conteville,0
80209,Contoire,7
80210,Contre,0
80211,Conty,42
80212,Corbie,164
80213,Cottenchy,7
80214,Coullemelle,6
80215,Coulonvillers,0
80216,Courcelette,0
80217,Courcelles-au-Bois,0
80218,Courcelles-sous-Moyencourt,0
80219,Courcelles-sous-Thoix,0
80220,Courtemanche,0
80221,Cramont,6
80222,Crécy-en-Ponthieu,43
80223,Crémery,0
80224,Cressy-Omencourt,0
80225,Creuse,0
80226,Croix-Moligneaux,0
80227,Croixrault,8
80228,Le Crotoy,60
80229,Crouy-Saint-Pierre,0
80230,Curchy,7
80231,Curlu,0
80232,Damery,6
80233,Dancourt-Popincourt,0
80234,Daours,12
80235,Dargnies,42
80236,Davenescourt,9
80237,Démuin,10
80238,Dernancourt,7
80239,Devise,0
80240,Doingt,40
80241,Domart-en-Ponthieu,27
80242,Domart-sur-la-Luce,6
80243,Domesmont,0
80244,Dominois,0
80245,Domléger-Longvillers,10
80246,Dommartin,0
80247,Dompierre-Becquincourt,8
80248,Dompierre-sur-Authie,9
80249,Domqueur,0
80250,Domvast,7
80251,Doudelainville,0
80252,Douilly,7
80253,Doullens,275
80256,Dreuil-lès-Amiens,26
80258,Driencourt,0
80259,Dromesnil,0
80260,Drucat,16
80261,Dury,14
80262,Eaucourt-sur-Somme,8
80263,L'Échelle-Saint-Aurin,0
80264,Éclusier-Vaux,9
80265,Embreville,23
80266,Englebelmer,0
80267,Ennemain,0
80268,Épagne-Épagnette,5
80269,Épaumesnil,0
80270,Épécamps,0
80271,Épehy,33
80272,Épénancourt,0
80273,Éplessier,0
80274,Eppeville,49
80275,Équancourt,6
80276,Équennes-Éramecourt,0
80278,Erches,0
80279,Ercheu,12
80280,Ercourt,0
80281,Ergnies,0
80282,Érondelle,9
80283,Esclainvillers,0
80284,Esmery-Hallon,21
80285,Essertaux,0
80287,Estrébœuf,0
80288,Estrées-Deniécourt,9
80290,Estrées-lès-Crécy,7
80291,Estrées-sur-Noye,5
80292,Étalon,0
80293,Ételfay,8
80294,Éterpigny,0
80295,Étinehem,6
80296,L'Étoile,51
80297,Étréjust,0
80298,Étricourt-Manancourt,12
80299,La Faloise,0
80300,Falvy,0
80301,Famechon,0
80302,Faverolles,0
80303,Favières,9
80304,Fay,6
80305,Ferrières,10
80306,Fescamps,0
80307,Feuillères,0
80308,Feuquières-en-Vimeu,67
80310,Fienvillers,10
80311,Fignières,0
80312,Fins,6
80313,Flaucourt,5
80314,Flers,0
80315,Flers-sur-Noye,5
80316,Flesselles,42
80317,Fleury,0
80318,Flixecourt,85
80319,Fluy,0
80320,Folies,0
80321,Folleville,0
80322,Fonches-Fonchette,0
80324,Fontaine-le-Sec,0
80325,Fontaine-lès-Cappy,0
80326,Fontaine-sous-Montdidier,0
80327,Fontaine-sur-Maye,0
80328,Fontaine-sur-Somme,14
80329,Forceville,0
80330,Forceville-en-Vimeu,0
80331,Forest-l'Abbaye,5
80332,Forest-Montiers,12
80333,Fort-Mahon-Plage,39
80334,Fossemanant,0
80335,Foucaucourt-en-Santerre,0
80336,Foucaucourt-Hors-Nesle,0
80337,Fouencamps,0
80338,Fouilloy,43
80339,Fouquescourt,0
80340,Fourcigny,0
80341,Fourdrinoy,5
80342,Framerville-Rainecourt,5
80343,Framicourt,0
80344,Francières,0
80345,Franleu,8
80346,Franqueville,0
80347,Fransart,0
80348,Fransu,0
80349,Fransures,0
80350,Franvillers,6
80351,Fréchencourt,0
80352,Frémontiers,0
80353,Fresnes-Mazancourt,0
80354,Fresnes-Tilloloy,0
80355,Fresneville,0
80356,Fresnoy-Andainville,0
80357,Fresnoy-au-Val,0
80358,Fresnoy-en-Chaussée,0
80359,Fresnoy-lès-Roye,5
80360,Fressenneville,59
80361,Frettecuisse,0
80362,Frettemeule,0
80364,Friaucourt,9
80365,Fricamps,0
80366,Fricourt,8
80367,Frise,0
80368,Friville-Escarbotin,156
80369,Frohen-sur-Authie,0
80371,Froyelles,0
80372,Frucourt,0
80373,Gamaches,104
80374,Gapennes,0
80375,Gauville,0
80376,Gentelles,9
80377,Gézaincourt,8
80378,Ginchy,0
80379,Glisy,10
80380,Gorenflos,0
80381,Gorges,0
80383,Goyencourt,0
80384,Grandcourt,0
80385,Grand-Laviers,0
80386,Gratibus,0
80387,Grattepanche,0
80388,Grébault-Mesnil,0
80389,Grécourt,0
80390,Grivesnes,0
80391,Grivillers,0
80392,Grouches-Luchuel,8
80393,Gruny,7
80395,Guerbigny,5
80396,Gueschart,0
80397,Gueudecourt,0
80399,Guignemicourt,0
80400,Guillaucourt,14
80401,Guillemont,0
80402,Guizancourt,0
80403,Guyencourt-sur-Noye,0
80404,Guyencourt-Saulcourt,0
80405,Hailles,0
80406,Hallencourt,36
80407,Hallivillers,0
80408,Halloy-lès-Pernois,6
80409,Hallu,0
80410,Ham,168
80411,Le Hamel,16
80412,Hamelet,8
80413,Hancourt,0
80414,Hangard,0
80415,Hangest-en-Santerre,24
80416,Hangest-sur-Somme,14
80417,Harbonnières,50
80418,Hardecourt-aux-Bois,0
80419,Hargicourt,9
80420,Harponville,0
80421,Hattencourt,0
80422,Hautvillers-Ouville,0
80423,Havernas,0
80424,Hébécourt,0
80425,Hédauville,0
80426,Heilly,6
80427,Hem-Hardinval,0
80428,Hem-Monacu,0
80429,Hénencourt,0
80430,Herbécourt,0
80431,Hérissart,5
80432,Herleville,0
80433,Herly,0
80434,Hervilly,10
80435,Hesbécourt,0
80436,Hescamps,6
80437,Heucourt-Croquoison,0
80438,Heudicourt,14
80439,Heuzecourt,0
80440,Hiermont,0
80442,Hombleux,33
80443,Hornoy-le-Bourg,19
80444,Huchenneville,17
80445,Humbercourt,0
80446,Huppy,12
80447,Hyencourt-le-Grand,0
80449,Ignaucourt,0
80450,Inval-Boiron,0
80451,Irles,0
80452,Jumel,11
80453,Laboissière-en-Santerre,0
80455,Lachapelle,0
80456,Lafresguimont-Saint-Martin,7
80458,Lahoussoye,5
80459,Laleu,0
80460,Lamaronde,0
80461,Lamotte-Brebière,0
80462,Lamotte-Buleux,0
80463,Lamotte-Warfusée,10
80464,Lanchères,28
80465,Languevoisin-Quiquery,0
80466,Lanches-Saint-Hilaire,0
80467,Laucourt,0
80468,Laviéville,7
80469,Lawarde-Mauger-l'Hortoy,0
80470,Léalvillers,0
80472,Lesbœufs,0
80473,Liancourt-Fosse,0
80474,Licourt,9
80475,Liéramont,0
80476,Liercourt,7
80477,Ligescourt,0
80478,Lignières,0
80479,Lignières-Châtelain,0
80480,Lignières-en-Vimeu,0
80481,Lihons,10
80482,Limeux,0
80484,Liomer,12
80485,Lœuilly,11
80486,Long,24
80487,Longavesnes,0
80488,Longpré-les-Corps-Saints,61
80489,Longueau,124
80490,Longueval,0
80491,Longuevillette,0
80493,Louvencourt,0
80494,Louvrechy,0
80495,Lucheux,25
80496,Machiel,0
80497,Machy,0
80498,Mailly-Maillet,22
80499,Mailly-Raineval,0
80500,Maisnières,10
80501,Maison-Ponthieu,10
80502,Maison-Roland,0
80503,Maizicourt,0
80504,Malpart,0
80505,Mametz,0
80507,Marcelcave,16
80508,Marché-Allouarde,0
80509,Marchélepot,12
80511,Marestmontiers,0
80512,Mareuil-Caubert,17
80513,Maricourt,0
80514,Marieux,0
80515,Marlers,0
80516,Marquaix,9
80517,Marquivillers,0
80518,Martainneville,14
80519,Matigny,11
80520,Maucourt,0
80521,Maurepas,0
80522,Le Mazis,0
80523,Méaulte,17
80524,Méharicourt,18
80525,Meigneux,0
80526,Le Meillard,0
80527,Méneslies,5
80528,Méréaucourt,0
80529,Mérélessart,0
80530,Méricourt-l'Abbé,11
80531,Méricourt-en-Vimeu,0
80532,Méricourt-sur-Somme,0
80533,Mers-les-Bains,99
80535,Le Mesge,0
80536,Mesnil-Bruntel,7
80537,Mesnil-Domqueur,0
80538,Mesnil-en-Arrouaise,0
80540,Mesnil-Martinsart,0
80541,Mesnil-Saint-Georges,0
80542,Mesnil-Saint-Nicaise,14
80543,Métigny,0
80544,Mézerolles,6
80545,Mézières-en-Santerre,10
80546,Miannay,0
80547,Millencourt,0
80548,Millencourt-en-Ponthieu,0
80549,Miraumont,12
80550,Mirvaux,0
80551,Misery,0
80552,Moislains,31
80553,Molliens-au-Bois,5
80554,Molliens-Dreuil,10
80555,Monchy-Lagache,21
80556,Mons-Boubert,11
80557,Estrées-Mons,20
80558,Monsures,0
80559,Montagne-Fayel,0
80560,Montauban-de-Picardie,0
80561,Montdidier,193
80562,Montigny-sur-l'Hallue,0
80563,Montigny-les-Jongleurs,0
80565,Montonvillers,0
80566,Fieffes-Montrelet,8
80568,Morchain,8
80569,Morcourt,8
80570,Moreuil,101
80571,Morisel,10
80572,Morlancourt,0
80573,Morvillers-Saint-Saturnin,8
80574,Mouflers,0
80575,Mouflières,0
80576,Moyencourt,6
80577,Moyencourt-lès-Poix,0
80578,Moyenneville,15
80579,Muille-Villette,12
80580,Nampont,0
80582,Namps-Maisnil,13
80583,Nampty,0
80584,Naours,18
80585,Nesle,55
80586,Nesle-l'Hôpital,5
80587,Neslette,0
80588,Neufmoulin,0
80589,Neuilly-le-Dien,0
80590,Neuilly-l'Hôpital,9
80591,Neuville-au-Bois,0
80592,Neuville-Coppegueule,11
80593,La Neuville-lès-Bray,0
80594,Neuville-lès-Lœuilly,0
80595,La Neuville-Sire-Bernard,0
80596,Neuvillette,0
80597,Nibas,8
80598,Nouvion,29
80599,Noyelles-en-Chaussée,6
80600,Noyelles-sur-Mer,25
80601,Nurlu,13
80602,Occoches,0
80603,Ochancourt,5
80604,Offignies,0
80605,Offoy,0
80606,Oisemont,22
80607,Oissy,0
80608,Omiécourt,0
80609,Oneux,11
80611,Oresmaux,18
80613,Oust-Marest,16
80614,Outrebois,0
80615,Ovillers-la-Boisselle,5
80616,Pargny,0
80617,Parvillers-le-Quesnoy,0
80618,Pendé,24
80619,Pernois,21
80620,Péronne,279
80621,Pertain,0
80622,Picquigny,29
80623,Piennes-Onvillers,0
80624,Pierregot,0
80625,Pierrepont-sur-Avre,13
80626,Pissy,0
80627,Plachy-Buyon,12
80628,Le Plessier-Rozainvillers,13
80629,Pœuilly,0
80630,Poix-de-Picardie,50
80631,Ponches-Estruval,0
80632,Pont-de-Metz,38
80633,Ponthoile,12
80634,Pont-Noyelles,7
80635,Pont-Remy,50
80637,Port-le-Grand,6
80638,Potte,0
80639,Poulainville,22
80640,Pozières,0
80642,Prouville,0
80643,Prouzel,0
80644,Proyart,15
80645,Puchevillers,13
80646,Punchy,0
80647,Puzeaux,7
80648,Pys,0
80649,Quend,45
80650,Querrieu,5
80651,Le Quesne,0
80652,Le Quesnel,20
80654,Quesnoy-le-Montant,9
80655,Quesnoy-sur-Airaines,7
80656,Quevauvillers,26
80657,Quiry-le-Sec,0
80658,Quivières,6
80659,Raincheval,0
80661,Rainneville,10
80662,Ramburelles,0
80663,Rambures,10
80664,Rancourt,0
80665,Regnière-Écluse,0
80666,Remaisnil,0
80667,Remaugies,0
80668,Remiencourt,0
80669,Rethonvillers,6
80670,Revelles,8
80671,Ribeaucourt,0
80672,Ribemont-sur-Ancre,14
80673,Riencourt,0
80674,Rivery,69
80675,Rogy,0
80676,Roiglise,7
80677,Roisel,55
80678,Rollot,14
80679,Ronssoy,12
80680,Rosières-en-Santerre,66
80681,Rouvrel,0
80682,Rouvroy-en-Santerre,0
80683,Rouy-le-Grand,0
80684,Rouy-le-Petit,0
80685,Roye,185
80686,Rubempré,14
80687,Rubescourt,0
80688,Rue,84
80690,Rumigny,0
80691,Saigneville,5
80692,Sailly-Flibeaucourt,25
80693,Sailly-Laurette,9
80694,Sailly-le-Sec,0
80695,Sailly-Saillisel,14
80696,Sains-en-Amiénois,12
80697,Saint-Acheul,0
80698,Saint-Aubin-Montenoy,6
80699,Saint-Aubin-Rivière,0
80700,Saint-Blimont,14
80701,Saint-Christ-Briost,8
80702,Saint-Fuscien,19
80703,Saint-Germain-sur-Bresle,0
80704,Saint-Gratien,0
80705,Saint-Léger-lès-Authie,0
80706,Saint-Léger-lès-Domart,72
80707,Saint-Léger-sur-Bresle,0
80708,Saint-Mard,0
80709,Saint-Maulvis,0
80710,Saint-Maxent,6
80711,Saint-Ouen,88
80713,Saint-Quentin-en-Tourmont,8
80714,Saint-Quentin-la-Motte-Croix-au-Bailly,28
80716,Saint-Riquier,24
80717,Saint-Sauflieu,18
80718,Saint-Sauveur,36
80719,Sainte-Segrée,0
80721,Saint-Valery-sur-Somme,50
80722,Saint-Vaast-en-Chaussée,13
80723,Saisseval,0
80724,Saleux,58
80725,Salouël,62
80726,Sancourt,0
80728,Saulchoy-sous-Poix,0
80729,Sauvillers-Mongival,0
80730,Saveuse,0
80732,Senarpont,22
80733,Senlis-le-Sec,7
80734,Sentelie,0
80735,Seux,0
80736,Sorel-en-Vimeu,0
80737,Sorel,0
80738,Soues,0
80740,Sourdon,0
80741,Soyécourt,0
80742,Surcamps,0
80743,Suzanne,0
80744,Tailly,0
80746,Talmas,25
80747,Templeux-la-Fosse,7
80748,Templeux-le-Guérard,7
80749,Terramesnil,6
80750,Tertry,0
80751,Thennes,7
80752,Thézy-Glimont,5
80753,Thiepval,0
80754,Thieulloy-l'Abbaye,5
80755,Thieulloy-la-Ville,0
80756,Thièvres,0
80757,Thoix,0
80758,Thory,0
80759,Tilloloy,0
80760,Tilloy-Floriville,5
80761,Tilloy-lès-Conty,0
80762,Tincourt-Boucly,8
80763,Le Titre,10
80764,Tœufles,0
80765,Tours-en-Vimeu,11
80766,Toutencourt,6
80767,Le Translay,0
80769,Treux,0
80770,Tully,15
80771,Ugny-l'Équipée,0
80773,Vadencourt,0
80774,Vaire-sous-Corbie,6
80775,Valines,19
80776,Varennes,0
80777,Vauchelles-lès-Authie,0
80778,Vauchelles-lès-Domart,0
80779,Vauchelles-les-Quesnoy,17
80780,Vaudricourt,11
80781,Vauvillers,0
80782,Vaux-en-Amiénois,7
80783,Vaux-Marquenneville,0
80784,Vaux-sur-Somme,0
80785,Vecquemont,0
80786,Velennes,0
80787,Vercourt,0
80788,Vergies,6
80789,Vermandovillers,0
80790,Verpillières,6
80791,Vers-sur-Selles,6
80792,La Vicogne,0
80793,Vignacourt,49
80794,Villecourt,0
80795,Ville-le-Marclet,8
80796,Villeroy,0
80797,Villers-aux-Érables,0
80798,Villers-Bocage,20
80799,Villers-Bretonneux,70
80800,Villers-Campsart,0
80801,Villers-Carbonnel,11
80802,Villers-Faucon,20
80803,Villers-lès-Roye,0
80804,Villers-sous-Ailly,0
80805,Villers-Tournelle,0
80806,Villers-sur-Authie,7
80807,Ville-sur-Ancre,0
80808,Vironchaux,8
80809,Vismes,7
80810,Vitz-sur-Authie,0
80811,Voyennes,13
80812,Vraignes-en-Vermandois,0
80813,Vraignes-lès-Hornoy,0
80814,Vrély,7
80815,Vron,22
80819,Wargnies,0
80820,Warloy-Baillon,14
80821,Warlus,10
80822,Warsy,0
80823,Warvillers,0
80824,Wiencourt-l'Équipée,0
80825,Wiry-au-Mont,0
80826,Woignarue,15
80827,Woincourt,56
80828,Woirel,0
80829,Y,0
80830,Yaucourt-Bussus,0
80832,Yvrench,5
80833,Yvrencheux,0
80834,Yzengremer,9
80835,Yzeux,0
80836,Yonval,0
