code_com,code_dept,commune,part_des_menages
02001,02,Abbécourt,7.5
02002,02,Achery,10.0
02003,02,Acy,5.3
02004,02,Agnicourt-et-Séchelles,9.5
02005,02,Aguilcourt,5.4
02006,02,Aisonville-et-Bernoville,0.0
02007,02,Aizelles,8.3
02008,02,Aizy-Jouy,3.4
02009,02,Alaincourt,8.2
02010,02,Allemant,0.0
02011,02,Ambleny,6.3
02012,02,Ambrief,16.7
02013,02,Amifontaine,0.0
02014,02,Amigny-Rouy,2.9
02015,02,Ancienville,14.3
02016,02,Andelain,0.0
02017,02,Anguilcourt-le-Sart,0.0
02018,02,Anizy-le-Château,11.1
02019,02,Annois,2.6
02020,02,Any-Martin-Rieux,4.1
02021,02,Archon,0.0
02022,02,Arcy-Sainte-Restitue,0.0
02023,02,Armentières-sur-Ourcq,10.0
02024,02,Arrancy,0.0
02025,02,Artemps,15.6
02026,02,Artonges,5.6
02027,02,Assis-sur-Serre,5.3
02028,02,Athies-sous-Laon,7.9
02029,02,Attilly,6.9
02030,02,Aubencheul-aux-Bois,13.8
02031,02,Aubenton,12.5
02032,02,Aubigny-aux-Kaisnes,4.5
02033,02,Aubigny-en-Laonnois,16.7
02034,02,Audignicourt,0.0
02035,02,Audigny,0.0
02036,02,Augy,0.0
02037,02,Aulnois-sous-Laon,12.9
02038,02,Les Autels,0.0
02039,02,Autremencourt,5.9
02040,02,Autreppes,0.0
02041,02,Autreville,5.0
02042,02,Azy-sur-Marne,4.9
02043,02,Bagneux,20.0
02044,02,Bancigny,0.0
02046,02,Barenton-Bugny,11.9
02047,02,Barenton-Cel,15.4
02048,02,Barenton-sur-Serre,0.0
02049,02,Barisis-aux-Bois,6.6
02050,02,Barzy-en-Thiérache,9.7
02051,02,Barzy-sur-Marne,3.0
02052,02,Bassoles-Aulers,6.7
02053,02,Baulne-en-Brie,13.3
02054,02,Bazoches-sur-Vesles,4.7
02055,02,Beaumé,10.0
02056,02,Beaumont-en-Beine,0.0
02057,02,Beaurevoir,9.5
02058,02,Beaurieux,8.1
02059,02,Beautor,10.4
02060,02,Beauvois-en-Vermandois,7.1
02061,02,Becquigny,8.3
02062,02,Belleau,7.7
02063,02,Bellenglise,0.0
02064,02,Belleu,9.8
02065,02,Bellicourt,4.8
02066,02,Benay,0.0
02067,02,Bergues-sur-Sambre,4.3
02068,02,Berlancourt,12.5
02069,02,Berlise,16.7
02070,02,Bernot,6.4
02071,02,Berny-Rivière,6.3
02072,02,Berrieux,15.0
02073,02,Berry-au-Bac,9.3
02074,02,Bertaucourt-Epourdon,8.5
02075,02,Berthenicourt,0.0
02076,02,Bertricourt,0.0
02077,02,Berzy-le-Sec,5.0
02078,02,Besmé,6.7
02079,02,Besmont,6.3
02080,02,Besny-et-Loizy,3.5
02081,02,Béthancourt-en-Vaux,12.8
02082,02,Beugneux,0.0
02083,02,Beuvardes,8.6
02084,02,Bézu-le-Guéry,3.8
02085,02,Bézu-Saint-Germain,9.6
02086,02,Bichancourt,6.0
02087,02,Bieuxy,0.0
02088,02,Bièvres,14.3
02089,02,Billy-sur-Aisne,4.9
02090,02,Billy-sur-Ourcq,10.5
02091,02,Blanzy-lès-Fismes,0.0
02093,02,Blérancourt,9.3
02094,02,Blesmes,0.0
02095,02,Bohain-en-Vermandois,11.3
02096,02,Bois-lès-Pargny,5.3
02097,02,Boncourt,4.0
02098,02,Bonneil,5.3
02099,02,Bonnesvalyn,0.0
02100,02,Bony,10.0
02101,02,Bosmont-sur-Serre,5.0
02102,02,Bouconville-Vauclair,5.3
02103,02,Boué,9.8
02104,02,Bouffignereux,0.0
02105,02,Bouresches,5.6
02106,02,Bourg-et-Comin,8.5
02107,02,Bourguignon-sous-Coucy,22.2
02108,02,Bourguignon-sous-Montbavin,14.3
02109,02,La Bouteille,12.0
02110,02,Braine,9.2
02111,02,Brancourt-en-Laonnois,10.1
02112,02,Brancourt-le-Grand,8.5
02114,02,Brasles,4.4
02115,02,Braye-en-Laonnois,0.0
02116,02,Braye-en-Thiérache,0.0
02117,02,Bray-Saint-Christophe,25.0
02118,02,Braye,15.4
02119,02,Brécy,9.1
02120,02,Brenelle,11.1
02121,02,Breny,12.5
02122,02,Brie,14.3
02123,02,Brissay-Choigny,9.7
02124,02,Brissy-Hamégicourt,4.3
02125,02,Brumetz,5.6
02126,02,Brunehamel,12.3
02127,02,Bruyères-sur-Fère,5.0
02128,02,Bruyères-et-Montbérault,5.3
02129,02,Bruys,50.0
02130,02,Bucilly,0.0
02131,02,Bucy-le-Long,4.7
02132,02,Bucy-lès-Cerny,5.3
02133,02,Bucy-lès-Pierrepont,4.3
02134,02,Buire,4.5
02135,02,Buironfosse,6.1
02136,02,Burelles,21.4
02137,02,Bussiares,0.0
02138,02,Buzancy,0.0
02139,02,Caillouël-Crépigny,7.0
02140,02,Camelin,11.9
02141,02,La Capelle,10.0
02142,02,Castres,0.0
02143,02,Le Catelet,0.0
02144,02,Caulaincourt,10.0
02145,02,Caumont,7.5
02146,02,Celles-lès-Condé,0.0
02147,02,La Celle-sous-Montmirail,0.0
02148,02,Celles-sur-Aisne,16.0
02149,02,Cerizy,40.0
02150,02,Cerny-en-Laonnois,14.3
02151,02,Cerny-lès-Bucy,7.7
02152,02,Cerseuil,0.0
02153,02,Cessières,12.8
02154,02,Chacrise,11.5
02155,02,Chaillevois,13.0
02156,02,Chalandry,4.3
02157,02,Chambry,2.7
02158,02,Chamouille,9.1
02159,02,Champs,3.4
02160,02,Chaourse,10.9
02161,02,La Chapelle-Monthodon,0.0
02162,02,La Chapelle-sur-Chézy,8.3
02163,02,Charly-sur-Marne,10.3
02164,02,Le Charmel,3.3
02165,02,Charmes,10.5
02166,02,Chartèves,13.1
02167,02,Chassemy,7.7
02168,02,Château-Thierry,11.6
02169,02,Châtillon-lès-Sons,0.0
02170,02,Châtillon-sur-Oise,7.1
02171,02,Chaudardes,22.2
02172,02,Chaudun,9.1
02173,02,Chauny,12.1
02174,02,Chavignon,13.5
02175,02,Chavigny,7.1
02176,02,Chavonne,6.7
02177,02,Chérêt,8.3
02178,02,Chermizy-Ailles,0.0
02179,02,Chéry-Chartreuve,2.8
02180,02,Chéry-lès-Pouilly,6.0
02181,02,Chéry-lès-Rozoy,9.1
02182,02,Chevennes,15.4
02183,02,Chevregny,0.0
02184,02,Chevresis-Monceau,6.3
02185,02,Chézy-en-Orxois,6.7
02186,02,Chézy-sur-Marne,8.6
02187,02,Chierry,5.9
02188,02,Chigny,6.3
02189,02,Chivres-en-Laonnois,5.6
02190,02,Chivres-Val,5.6
02191,02,Chivy-lès-Étouvelles,14.0
02192,02,Chouy,0.0
02193,02,Cierges,0.0
02194,02,Cilly,4.5
02195,02,Ciry-Salsogne,5.3
02196,02,Clacy-et-Thierret,0.0
02197,02,Clairfontaine,4.8
02198,02,Clamecy,4.5
02199,02,Clastres,10.2
02200,02,Clermont-les-Fermes,0.0
02201,02,Cœuvres-et-Valsery,5.6
02203,02,Coincy,4.8
02204,02,Coingt,9.1
02205,02,Colligis-Crandelain,0.0
02206,02,Colonfay,0.0
02207,02,Commenchon,15.0
02208,02,Concevreux,4.2
02209,02,Condé-en-Brie,6.8
02210,02,Condé-sur-Aisne,7.1
02211,02,Condé-sur-Suippe,0.0
02212,02,Condren,2.7
02213,02,Connigis,0.0
02214,02,Contescourt,0.0
02215,02,Corbeny,6.8
02216,02,Corcy,10.0
02217,02,Coucy-le-Château-Auffrique,13.9
02218,02,Coucy-lès-Eppes,3.3
02219,02,Coucy-la-Ville,5.9
02220,02,Coulonges-Cohan,2.3
02221,02,Coupru,0.0
02222,02,Courbes,0.0
02223,02,Courboin,8.3
02224,02,Courcelles-sur-Vesle,15.2
02225,02,Courchamps,12.5
02226,02,Courmelles,11.9
02227,02,Courmont,8.5
02228,02,Courtemont-Varennes,11.5
02229,02,Courtrizy-et-Fussigny,12.5
02230,02,Couvrelles,9.5
02231,02,Couvron-et-Aumencourt,15.9
02232,02,Coyolles,0.0
02233,02,Cramaille,0.0
02234,02,Craonne,0.0
02235,02,Craonnelle,0.0
02236,02,Crécy-au-Mont,3.9
02237,02,Crécy-sur-Serre,4.2
02238,02,Crépy,9.9
02239,02,Crézancy,7.1
02240,02,Croix-Fonsomme,4.3
02241,02,La Croix-sur-Ourcq,0.0
02242,02,Crouttes-sur-Marne,7.6
02243,02,Crouy,10.7
02244,02,Crupilly,0.0
02245,02,Cuffies,5.9
02246,02,Cugny,6.9
02248,02,Cuirieux,18.8
02249,02,Cuiry-Housse,0.0
02250,02,Cuiry-lès-Chaudardes,0.0
02251,02,Cuiry-lès-Iviers,0.0
02252,02,Cuissy-et-Geny,0.0
02253,02,Cuisy-en-Almont,11.8
02254,02,Cutry,0.0
02255,02,Cys-la-Commune,0.0
02256,02,Dagny-Lambercy,6.7
02257,02,Dallon,7.1
02258,02,Dammard,2.5
02259,02,Dampleux,10.5
02260,02,Danizy,11.5
02261,02,Dercy,6.1
02262,02,Deuillet,5.9
02263,02,Dhuizel,0.0
02264,02,Dizy-le-Gros,14.8
02265,02,Dohis,0.0
02266,02,Dolignon,0.0
02267,02,Dommiers,8.8
02268,02,Domptin,11.3
02269,02,Dorengt,6.3
02270,02,Douchy,26.7
02271,02,Dravegny,6.7
02272,02,Droizy,0.0
02273,02,Dury,5.3
02274,02,Ébouleau,5.3
02275,02,Effry,8.8
02276,02,Englancourt,0.0
02277,02,Épagny,9.4
02278,02,Éparcy,0.0
02279,02,Épaux-Bézu,7.0
02280,02,Épieds,13.3
02281,02,L'Épine-aux-Bois,5.1
02282,02,Eppes,9.5
02283,02,Erlon,21.7
02284,02,Erloy,0.0
02286,02,Esquéhéries,10.1
02287,02,Essigny-le-Grand,8.2
02288,02,Essigny-le-Petit,5.3
02289,02,Essises,2.8
02290,02,Essômes-sur-Marne,7.1
02291,02,Estrées,9.8
02292,02,Étampes-sur-Marne,3.9
02293,02,Étaves-et-Bocquiaux,7.0
02294,02,Étouvelles,4.5
02295,02,Étréaupont,4.3
02296,02,Étreillers,7.1
02297,02,Étrépilly,0.0
02298,02,Étreux,9.0
02299,02,Évergnicourt,5.4
02301,02,Faucoucourt,19.4
02302,02,Faverolles,7.4
02303,02,Fayet,7.2
02304,02,La Fère,14.4
02305,02,Fère-en-Tardenois,10.6
02306,02,La Ferté-Chevresis,4.2
02307,02,La Ferté-Milon,8.0
02308,02,Fesmy-le-Sart,12.5
02309,02,Festieux,7.0
02310,02,Fieulaine,7.4
02311,02,Filain,0.0
02312,02,La Flamengrie,9.4
02313,02,Flavigny-le-Grand-et-Beaurain,2.9
02315,02,Flavy-le-Martel,10.5
02316,02,Fleury,0.0
02317,02,Fluquières,9.5
02318,02,Folembray,7.2
02319,02,Fonsomme,8.2
02320,02,Fontaine-lès-Clercs,3.6
02321,02,Fontaine-lès-Vervins,9.6
02322,02,Fontaine-Notre-Dame,0.0
02323,02,Fontaine-Uterte,0.0
02324,02,Fontenelle,11.1
02325,02,Fontenelle-en-Brie,13.0
02326,02,Fontenoy,5.0
02327,02,Foreste,11.8
02328,02,Fossoy,5.0
02329,02,Fourdrain,4.9
02330,02,Francilly-Selency,9.1
02331,02,Franqueville,7.1
02332,02,Fresnes-en-Tardenois,13.6
02333,02,Fresnes,0.0
02334,02,Fresnoy-le-Grand,9.2
02335,02,Fressancourt,4.8
02336,02,Frières-Faillouël,6.8
02337,02,Froidestrées,0.0
02338,02,Froidmont-Cohartille,0.0
02339,02,Gandelu,10.3
02340,02,Gauchy,8.0
02341,02,Gercy,3.7
02342,02,Gergny,8.3
02343,02,Germaine,0.0
02344,02,Gernicourt,20.0
02345,02,Gibercourt,20.0
02346,02,Gizy,5.7
02347,02,Gland,6.3
02348,02,Glennes,9.5
02349,02,Goudelancourt-lès-Berrieux,0.0
02350,02,Goudelancourt-lès-Pierrepont,6.7
02351,02,Goussancourt,0.0
02352,02,Gouy,6.6
02353,02,Grandlup-et-Fay,8.0
02354,02,Grandrieux,0.0
02355,02,Gricourt,6.8
02356,02,Grisolles,5.6
02357,02,Gronard,0.0
02358,02,Grougis,17.1
02359,02,Grugies,9.3
02360,02,Guignicourt,9.4
02361,02,Guise,11.5
02362,02,Guivry,11.5
02363,02,Guny,2.2
02364,02,Guyencourt,4.3
02366,02,Hannapes,4.3
02367,02,Happencourt,0.0
02368,02,Haramont,1.9
02369,02,Harcigny,7.4
02370,02,Hargicourt,8.9
02371,02,Harly,8.4
02372,02,Hartennes-et-Taux,5.7
02373,02,Hary,4.3
02374,02,Lehaucourt,5.3
02375,02,Hautevesnes,0.0
02376,02,Hauteville,0.0
02377,02,Haution,0.0
02378,02,La Hérie,9.1
02379,02,Le Hérie-la-Viéville,4.3
02380,02,Hinacourt,0.0
02381,02,Hirson,11.8
02382,02,Holnon,6.5
02383,02,Homblières,9.8
02384,02,Houry,25.0
02385,02,Housset,6.2
02386,02,Iron,0.0
02387,02,Itancourt,11.1
02388,02,Iviers,8.3
02389,02,Jaulgonne,5.6
02390,02,Jeancourt,19.2
02391,02,Jeantes,0.0
02392,02,Joncourt,3.2
02393,02,Jouaignes,7.1
02395,02,Jumencourt,14.3
02396,02,Jumigny,0.0
02397,02,Jussy,5.4
02398,02,Juvigny,4.8
02399,02,Juvincourt-et-Damary,8.3
02400,02,Laffaux,8.3
02401,02,Laigny,12.5
02402,02,Lanchy,0.0
02403,02,Landifay-et-Bertaignemont,10.3
02404,02,Landouzy-la-Cour,22.2
02405,02,Landouzy-la-Ville,5.6
02406,02,Landricourt,18.2
02407,02,Laniscourt,5.6
02408,02,Laon,11.7
02409,02,Lappion,6.7
02410,02,Largny-sur-Automne,13.0
02411,02,Latilly,0.0
02412,02,Launoy,11.1
02413,02,Laval-en-Laonnois,4.2
02414,02,Lavaqueresse,11.1
02415,02,Laversine,0.0
02416,02,Lemé,8.9
02417,02,Lempire,0.0
02418,02,Lerzy,16.7
02419,02,Leschelle,0.0
02420,02,Lesdins,7.2
02421,02,Lesges,0.0
02422,02,Lesquielles-Saint-Germain,3.7
02423,02,Leuilly-sous-Coucy,10.0
02424,02,Leury,9.1
02425,02,Leuze,0.0
02426,02,Levergies,10.2
02427,02,Lhuys,0.0
02428,02,Licy-Clignon,25.0
02429,02,Lierval,0.0
02430,02,Liesse-Notre-Dame,6.3
02431,02,Liez,13.3
02432,02,Limé,5.0
02433,02,Lislet,8.3
02434,02,Lizy,0.0
02435,02,Logny-lès-Aubenton,0.0
02438,02,Longpont,8.7
02439,02,Longueval-Barbonval,7.0
02440,02,Lor,7.1
02441,02,Louâtre,5.3
02442,02,Loupeigne,9.1
02443,02,Lucy-le-Bocage,17.6
02444,02,Lugny,0.0
02445,02,Luzoir,6.5
02446,02,Ly-Fontaine,10.0
02447,02,Maast-et-Violaine,14.3
02448,02,Mâchecourt,0.0
02449,02,Macogny,20.0
02450,02,Macquigny,5.9
02451,02,Magny-la-Fosse,0.0
02452,02,Maissemy,4.5
02453,02,Maizy,2.5
02454,02,La Malmaison,5.1
02455,02,Malzy,0.0
02456,02,Manicamp,9.1
02457,02,Marchais,2.6
02458,02,Marchais-en-Brie,7.7
02459,02,Marcy,5.9
02460,02,Marcy-sous-Marle,0.0
02461,02,Marest-Dampcourt,2.9
02462,02,Mareuil-en-Dôle,4.3
02463,02,Marfontaine,0.0
02464,02,Margival,8.3
02465,02,Marigny-en-Orxois,4.3
02466,02,Marizy-Sainte-Geneviève,15.4
02467,02,Marizy-Saint-Mard,0.0
02468,02,Marle,9.6
02469,02,Marly-Gomont,4.1
02470,02,Martigny,9.1
02471,02,Martigny-Courpierre,10.2
02472,02,Mauregny-en-Haye,0.0
02473,02,Mayot,10.5
02474,02,Mennessis,5.1
02475,02,Menneville,2.6
02476,02,Mennevret,1.6
02477,02,Mercin-et-Vaux,9.4
02478,02,Merlieux-et-Fouquerolles,11.1
02479,02,Merval,16.7
02480,02,Mesbrecourt-Richecourt,9.7
02481,02,Mesnil-Saint-Laurent,4.3
02482,02,Meurival,0.0
02483,02,Mézières-sur-Oise,0.0
02484,02,Mézy-Moulins,3.9
02485,02,Missy-aux-Bois,0.0
02486,02,Missy-lès-Pierrepont,0.0
02487,02,Missy-sur-Aisne,10.9
02488,02,Molain,0.0
02489,02,Molinchart,3.4
02490,02,Monampteuil,0.0
02491,02,Monceau-le-Neuf-et-Faucouzy,7.5
02492,02,Monceau-lès-Leups,11.4
02493,02,Monceau-le-Waast,4.2
02494,02,Monceau-sur-Oise,7.7
02495,02,Mondrepuis,7.0
02496,02,Monnes,0.0
02497,02,Mons-en-Laonnois,4.3
02498,02,Montaigu,5.2
02499,02,Montbavin,25.0
02500,02,Montbrehain,14.6
02501,02,Montchâlons,0.0
02502,02,Montcornet,13.1
02503,02,Mont-d'Origny,10.3
02504,02,Montescourt-Lizerolles,7.6
02505,02,Montfaucon,4.8
02506,02,Montgobert,13.6
02507,02,Montgru-Saint-Hilaire,0.0
02508,02,Monthenault,0.0
02509,02,Monthiers,6.3
02510,02,Monthurel,0.0
02511,02,Montigny-en-Arrouaise,0.0
02512,02,Montigny-l'Allier,11.1
02513,02,Montigny-le-Franc,0.0
02514,02,Montigny-Lengrain,3.0
02515,02,Montigny-lès-Condé,20.0
02516,02,Montigny-sous-Marle,0.0
02517,02,Montigny-sur-Crécy,3.1
02518,02,Montlevon,3.6
02519,02,Montloué,6.7
02520,02,Mont-Notre-Dame,8.6
02521,02,Montreuil-aux-Lions,6.2
02522,02,Mont-Saint-Jean,0.0
02523,02,Mont-Saint-Martin,0.0
02524,02,Mont-Saint-Père,9.0
02525,02,Morcourt,7.8
02526,02,Morgny-en-Thiérache,0.0
02527,02,Morsain,9.3
02528,02,Mortefontaine,0.0
02529,02,Mortiers,10.0
02530,02,Moulins,0.0
02531,02,Moussy-Verneuil,0.0
02532,02,Moÿ-de-l'Aisne,8.7
02533,02,Muret-et-Crouttes,0.0
02534,02,Muscourt,20.0
02535,02,Nampcelles-la-Cour,8.3
02536,02,Nampteuil-sous-Muret,0.0
02537,02,Nanteuil-la-Fosse,0.0
02538,02,Nanteuil-Notre-Dame,11.1
02539,02,Nauroy,0.0
02540,02,Nesles-la-Montagne,8.8
02541,02,Neufchâtel-sur-Aisne,4.8
02542,02,Neuflieux,0.0
02543,02,Neuilly-Saint-Front,6.0
02544,02,Neuve-Maison,19.0
02545,02,La Neuville-Bosmont,11.8
02546,02,La Neuville-en-Beine,5.6
02547,02,La Neuville-Housset,0.0
02548,02,La Neuville-lès-Dorengt,7.9
02549,02,Neuville-Saint-Amand,9.0
02550,02,Neuville-sur-Ailette,9.1
02551,02,Neuville-sur-Margival,9.1
02552,02,Neuvillette,5.6
02553,02,Nizy-le-Comte,7.1
02554,02,Nogentel,3.7
02555,02,Nogent-l'Artaud,7.1
02556,02,Noircourt,11.1
02557,02,Noroy-sur-Ourcq,7.7
02558,02,Le Nouvion-en-Thiérache,10.8
02559,02,Nouvion-et-Catillon,5.5
02560,02,Nouvion-le-Comte,3.7
02561,02,Nouvion-le-Vineux,0.0
02562,02,Nouvron-Vingré,6.2
02563,02,Noyales,16.7
02564,02,Noyant-et-Aconin,4.3
02565,02,Œuilly,7.1
02566,02,Ognes,7.3
02567,02,Ohis,8.0
02568,02,Oigny-en-Valois,7.1
02569,02,Oisy,10.9
02570,02,Ollezy,0.0
02571,02,Omissy,7.4
02572,02,Orainville,8.3
02573,02,Orgeval,0.0
02574,02,Origny-en-Thiérache,8.7
02575,02,Origny-Sainte-Benoite,13.2
02576,02,Osly-Courtil,3.6
02577,02,Ostel,0.0
02578,02,Oulches-la-Vallée-Foulon,0.0
02579,02,Oulchy-la-Ville,7.1
02580,02,Oulchy-le-Château,6.1
02581,02,Paars,11.5
02582,02,Paissy,0.0
02583,02,Pancy-Courtecon,0.0
02584,02,Papleux,11.1
02585,02,Parcy-et-Tigny,4.3
02586,02,Parfondeval,6.3
02587,02,Parfondru,11.4
02588,02,Pargnan,0.0
02589,02,Pargny-Filain,0.0
02590,02,Pargny-la-Dhuys,5.6
02591,02,Pargny-les-Bois,6.7
02592,02,Parpeville,8.3
02593,02,Pasly,4.8
02594,02,Passy-en-Valois,0.0
02595,02,Passy-sur-Marne,13.3
02596,02,Pavant,6.6
02597,02,Perles,14.3
02598,02,Pernant,3.0
02599,02,Pierremande,4.4
02600,02,Pierrepont,2.6
02601,02,Pignicourt,6.7
02602,02,Pinon,6.5
02604,02,Pithon,11.1
02605,02,Pleine-Selve,0.0
02606,02,Le Plessier-Huleu,0.0
02607,02,Ploisy,0.0
02608,02,Plomion,7.5
02609,02,Ployart-et-Vaurseine,0.0
02610,02,Pommiers,7.7
02612,02,Pont-Arcy,0.0
02613,02,Pontavert,3.5
02614,02,Pontru,7.4
02615,02,Pontruet,6.1
02616,02,Pont-Saint-Mard,10.5
02617,02,Pouilly-sur-Serre,6.1
02618,02,Prémont,7.0
02619,02,Prémontré,15.3
02620,02,Presles-et-Boves,0.0
02621,02,Presles-et-Thierny,2.4
02622,02,Priez,0.0
02623,02,Prisces,18.2
02624,02,Proisy,0.0
02625,02,Proix,0.0
02626,02,Prouvais,3.6
02627,02,Proviseux-et-Plesnoy,0.0
02628,02,Puiseux-en-Retz,0.0
02629,02,Puisieux-et-Clanlieu,25.0
02631,02,Quierzy,2.4
02632,02,Quincy-Basse,14.3
02633,02,Quincy-sous-le-Mont,0.0
02634,02,Raillimont,12.5
02635,02,Ramicourt,6.3
02636,02,Regny,13.6
02637,02,Remaucourt,3.0
02638,02,Remies,16.0
02639,02,Remigny,2.8
02640,02,Renansart,5.9
02641,02,Renneval,7.7
02642,02,Résigny,0.0
02643,02,Ressons-le-Long,6.7
02644,02,Retheuil,8.3
02645,02,Reuilly-Sauvigny,4.8
02646,02,Révillon,16.7
02647,02,Ribeauville,12.5
02648,02,Ribemont,11.7
02649,02,Rocourt-Saint-Martin,16.7
02650,02,Rocquigny,7.1
02651,02,Rogécourt,18.2
02652,02,Rogny,0.0
02653,02,Romeny-sur-Marne,4.1
02654,02,Romery,0.0
02655,02,Ronchères,14.3
02656,02,Roucy,10.8
02657,02,Rougeries,9.5
02658,02,Roupy,4.0
02659,02,Rouvroy,4.1
02660,02,Rouvroy-sur-Serre,0.0
02661,02,Royaucourt-et-Chailvet,0.0
02662,02,Rozet-Saint-Albin,3.1
02663,02,Rozières-sur-Crise,30.0
02664,02,Rozoy-Bellevalle,30.0
02665,02,Grand-Rozoy,10.3
02666,02,Rozoy-sur-Serre,13.3
02667,02,Saconin-et-Breuil,16.7
02668,02,Sains-Richaumont,12.6
02669,02,Saint-Agnan,0.0
02670,02,Saint-Algis,17.6
02671,02,Saint-Aubin,11.1
02672,02,Saint-Bandry,8.0
02673,02,Saint-Christophe-à-Berry,4.8
02674,02,Saint-Clément,16.7
02675,02,Sainte-Croix,15.4
02676,02,Saint-Erme-Outre-et-Ramecourt,6.7
02677,02,Saint-Eugène,0.0
02678,02,Sainte-Geneviève,0.0
02679,02,Saint-Gengoulph,0.0
02680,02,Saint-Gobain,6.2
02681,02,Saint-Gobert,4.3
02682,02,Saint-Mard,0.0
02683,02,Saint-Martin-Rivière,7.7
02684,02,Saint-Michel,9.3
02685,02,Saint-Nicolas-aux-Bois,0.0
02686,02,Saint-Paul-aux-Bois,0.0
02687,02,Saint-Pierre-Aigle,6.1
02688,02,Saint-Pierre-lès-Franqueville,0.0
02689,02,Saint-Pierremont,0.0
02690,02,Sainte-Preuve,0.0
02691,02,Saint-Quentin,12.3
02693,02,Saint-Rémy-Blanzy,4.3
02694,02,Saint-Simon,1.6
02695,02,Saint-Thibaut,0.0
02696,02,Saint-Thomas,11.1
02697,02,Samoussy,6.7
02698,02,Sancy-les-Cheminots,14.3
02699,02,Saponay,0.0
02701,02,Saulchery,7.0
02702,02,Savy,6.6
02703,02,Seboncourt,8.7
02704,02,Selens,16.7
02705,02,La Selve,5.9
02706,02,Septmonts,13.6
02707,02,Septvaux,11.1
02708,02,Sequehart,0.0
02709,02,Serain,11.9
02710,02,Seraucourt-le-Grand,8.3
02711,02,Serches,3.7
02712,02,Sergy,8.3
02713,02,Seringes-et-Nesles,0.0
02714,02,Sermoise,8.8
02715,02,Serval,0.0
02716,02,Servais,0.0
02717,02,Séry-lès-Mézières,4.9
02718,02,Silly-la-Poterie,14.3
02719,02,Sinceny,7.9
02720,02,Sissonne,14.9
02721,02,Sissy,6.0
02722,02,Soissons,10.7
02723,02,Soize,0.0
02724,02,Sommelans,0.0
02725,02,Sommeron,15.4
02726,02,Sommette-Eaucourt,0.0
02727,02,Sons-et-Ronchères,3.7
02728,02,Sorbais,10.0
02729,02,Soucy,0.0
02730,02,Soupir,10.3
02731,02,Le Sourd,5.9
02732,02,Surfontaine,11.1
02733,02,Suzy,10.0
02734,02,Taillefontaine,0.0
02735,02,Tannières,0.0
02736,02,Tartiers,0.0
02737,02,Tavaux-et-Pontséricourt,4.1
02738,02,Tergnier,11.6
02739,02,Terny-Sorny,6.9
02740,02,Thenailles,3.7
02741,02,Thenelles,4.9
02742,02,Thiernu,7.7
02743,02,Le Thuel,0.0
02744,02,Torcy-en-Valois,0.0
02745,02,Toulis-et-Attencourt,16.7
02746,02,Travecy,12.3
02747,02,Trefcon,12.5
02748,02,Trélou-sur-Marne,2.8
02749,02,Troësnes,0.0
02750,02,Trosly-Loire,10.3
02751,02,Trucy,7.7
02752,02,Tugny-et-Pont,3.8
02753,02,Tupigny,16.2
02754,02,Ugny-le-Gay,11.1
02755,02,Urcel,1.9
02756,02,Urvillers,6.5
02757,02,Vadencourt,3.3
02758,02,Vailly-sur-Aisne,11.3
02759,02,La Vallée-au-Blé,6.9
02760,02,La Vallée-Mulâtre,6.7
02761,02,Variscourt,7.7
02762,02,Vassens,6.7
02763,02,Vasseny,0.0
02764,02,Vassogne,28.6
02765,02,Vaucelles-et-Beffecourt,9.1
02766,02,Vaudesson,17.4
02767,02,Vauxrezis,3.1
02768,02,Vauxaillon,2.1
02769,02,Vaux-Andigny,7.3
02770,02,Vauxbuin,6.2
02771,02,Vauxcéré,11.1
02772,02,Vaux-en-Vermandois,0.0
02773,02,Vauxtin,20.0
02774,02,Vendelles,0.0
02775,02,Vendeuil,3.3
02776,02,Vendhuile,7.7
02777,02,Vendières,0.0
02778,02,Vendresse-Beaulne,0.0
02779,02,Vénérolles,16.7
02780,02,Venizel,10.2
02781,02,Verdilly,5.5
02782,02,Le Verguier,8.7
02783,02,Grand-Verly,0.0
02784,02,Petit-Verly,29.4
02785,02,Vermand,4.6
02786,02,Verneuil-sous-Coucy,0.0
02787,02,Verneuil-sur-Serre,23.1
02788,02,Versigny,2.5
02789,02,Vervins,9.9
02790,02,Vesles-et-Caumont,5.3
02791,02,Veslud,4.5
02792,02,Veuilly-la-Poterie,6.7
02793,02,Vézaponin,9.1
02794,02,Vézilly,5.3
02795,02,Vic-sur-Aisne,7.9
02796,02,Vichel-Nanteuil,11.1
02797,02,Viel-Arcy,0.0
02798,02,Viels-Maisons,8.7
02799,02,Vierzy,6.5
02800,02,Viffort,3.9
02801,02,Vigneux-Hocquet,0.0
02802,02,La Ville-aux-Bois-lès-Dizy,11.1
02803,02,La Ville-aux-Bois-lès-Pontavert,6.7
02804,02,Villemontoire,9.5
02805,02,Villeneuve-Saint-Germain,7.1
02806,02,Villeneuve-sur-Fère,7.1
02807,02,Villequier-Aumont,6.8
02808,02,Villeret,6.9
02809,02,Villers-Agron-Aiguizy,11.1
02810,02,Villers-Cotterêts,11.8
02811,02,Villers-en-Prayères,14.3
02812,02,Villers-Hélon,5.9
02813,02,Villers-le-Sec,4.2
02814,02,Villers-lès-Guise,7.1
02815,02,Villers-Saint-Christophe,2.2
02816,02,Villers-sur-Fère,6.3
02817,02,Ville-Savoye,16.7
02818,02,Villiers-Saint-Denis,9.1
02819,02,Vincy-Reuil-et-Magny,23.1
02820,02,Viry-Noureuil,7.4
02821,02,Vivaise,9.7
02822,02,Vivières,2.6
02823,02,Voharies,0.0
02824,02,Vorges,3.0
02826,02,Voulpaix,5.4
02827,02,Voyenne,10.0
02828,02,Vregny,0.0
02829,02,Vuillery,0.0
02830,02,Wassigny,13.9
02831,02,Watigny,10.8
02832,02,Wiège-Faty,14.3
02833,02,Wimy,2.2
02834,02,Wissignicourt,6.7
59001,59,Abancourt,9.3
59002,59,Abscon,7.8
59003,59,Aibes,2.9
59004,59,Aix,5.7
59005,59,Allennes-les-Marais,7.6
59006,59,Amfroipret,21.1
59007,59,Anhiers,8.3
59008,59,Aniche,15.4
59009,59,Villeneuve-d'Ascq,13.3
59010,59,Anneux,9.6
59011,59,Annœullin,10.7
59012,59,Anor,10.6
59013,59,Anstaing,7.4
59014,59,Anzin,12.6
59015,59,Arleux,6.8
59016,59,Armbouts-Cappel,4.8
59017,59,Armentières,12.3
59018,59,Arnèke,5.6
59019,59,Artres,5.4
59021,59,Assevent,12.1
59022,59,Attiches,8.3
59023,59,Aubencheul-au-Bac,10.0
59024,59,Auberchicourt,10.2
59025,59,Aubers,8.1
59026,59,Aubigny-au-Bac,6.3
59027,59,Aubry-du-Hainaut,9.2
59028,59,Auby,13.2
59029,59,Auchy-lez-Orchies,9.3
59031,59,Audignies,0.0
59032,59,Aulnoy-lez-Valenciennes,10.0
59033,59,Aulnoye-Aymeries,12.5
59034,59,Avelin,4.6
59035,59,Avesnelles,10.8
59036,59,Avesnes-sur-Helpe,18.4
59037,59,Avesnes-les-Aubert,9.8
59038,59,Avesnes-le-Sec,9.3
59039,59,Awoingt,8.1
59041,59,Bachant,12.8
59042,59,Bachy,3.8
59043,59,Bailleul,9.3
59044,59,Baisieux,8.3
59045,59,Baives,6.3
59046,59,Bambecque,6.0
59047,59,Banteux,6.1
59048,59,Bantigny,11.4
59049,59,Bantouzelle,0.0
59050,59,Bas-Lieu,10.8
59051,59,La Bassée,11.8
59052,59,Bauvin,11.2
59053,59,Bavay,11.9
59054,59,Bavinchove,6.5
59055,59,Bazuel,3.5
59056,59,Beaucamps-Ligny,5.1
59057,59,Beaudignies,5.2
59058,59,Beaufort,4.0
59059,59,Beaumont-en-Cambrésis,6.3
59060,59,Beaurain,0.0
59061,59,Beaurepaire-sur-Sambre,5.0
59062,59,Beaurieux,5.9
59063,59,Beauvois-en-Cambrésis,9.9
59064,59,Bellaing,7.8
59065,59,Bellignies,10.6
59066,59,Bérelles,6.2
59067,59,Bergues,11.4
59068,59,Berlaimont,9.8
59069,59,Bermerain,3.4
59070,59,Bermeries,2.9
59071,59,Bersée,6.5
59072,59,Bersillies,0.0
59073,59,Berthen,3.9
59074,59,Bertry,8.0
59075,59,Béthencourt,8.2
59076,59,Bettignies,0.0
59077,59,Bettrechies,0.0
59078,59,Beugnies,8.8
59079,59,Beuvrages,12.2
59080,59,Beuvry-la-Forêt,8.5
59081,59,Bévillers,12.9
59082,59,Bierne,6.0
59083,59,Bissezeele,5.0
59084,59,Blaringhem,9.8
59085,59,Blécourt,7.8
59086,59,Boeschepe,6.9
59087,59,Boëseghem,0.0
59088,59,Bois-Grenier,7.0
59089,59,Bollezeele,5.5
59090,59,Bondues,9.2
59091,59,Borre,3.9
59092,59,Bouchain,8.1
59093,59,Boulogne-sur-Helpe,6.3
59094,59,Bourbourg,8.6
59096,59,Bourghelles,6.8
59097,59,Boursies,9.7
59098,59,Bousbecque,6.5
59099,59,Bousies,11.4
59100,59,Bousignies,7.4
59101,59,Bousignies-sur-Roc,14.6
59102,59,Boussières-en-Cambrésis,3.0
59103,59,Boussières-sur-Sambre,15.4
59104,59,Boussois,15.1
59105,59,Bouvignies,9.6
59106,59,Bouvines,9.2
59107,59,Bray-Dunes,6.8
59108,59,Briastre,3.1
59109,59,Brillon,7.2
59110,59,Brouckerque,5.0
59111,59,Broxeele,0.0
59112,59,Bruay-sur-l'Escaut,13.4
59113,59,Bruille-lez-Marchiennes,6.6
59114,59,Bruille-Saint-Amand,9.4
59115,59,Brunémont,4.5
59116,59,Bry,5.4
59117,59,Bugnicourt,4.3
59118,59,Busigny,8.1
59119,59,Buysscheure,6.1
59120,59,Caëstre,6.1
59121,59,Cagnoncles,4.5
59122,59,Cambrai,12.6
59123,59,Camphin-en-Carembault,8.4
59124,59,Camphin-en-Pévèle,7.3
59125,59,Cantaing-sur-Escaut,9.5
59126,59,Cantin,9.2
59127,59,Capelle,16.7
59128,59,Capinghem,11.1
59129,59,Cappelle-en-Pévèle,9.7
59130,59,Cappelle-Brouck,3.5
59131,59,Cappelle-la-Grande,9.3
59132,59,Carnières,9.9
59133,59,Carnin,5.4
59134,59,Cartignies,4.8
59135,59,Cassel,8.4
59136,59,Le Cateau-Cambrésis,13.7
59137,59,Catillon-sur-Sambre,12.9
59138,59,Cattenières,13.2
59139,59,Caudry,13.9
59140,59,Caullery,2.3
59141,59,Cauroir,1.8
59142,59,Cerfontaine,8.6
59143,59,La Chapelle-d'Armentières,9.9
59144,59,Château-l'Abbaye,6.4
59145,59,Chemy,8.5
59146,59,Chéreng,7.0
59147,59,Choisies,0.0
59148,59,Clairfayts,19.5
59149,59,Clary,7.4
59150,59,Cobrieux,2.0
59151,59,Colleret,7.8
59152,59,Comines,10.4
59153,59,Condé-sur-l'Escaut,14.8
59154,59,Coudekerque-Village,6.5
59155,59,Coudekerque-Branche,10.3
59156,59,Courchelettes,10.6
59157,59,Cousolre,5.9
59158,59,Coutiches,6.5
59159,59,Craywick,7.1
59160,59,Crespin,13.9
59161,59,Crèvecœur-sur-l'Escaut,14.1
59162,59,Crochte,6.6
59163,59,Croix,11.0
59164,59,Croix-Caluyau,15.0
59165,59,Cuincy,10.9
59166,59,Curgies,5.4
59167,59,Cuvillers,15.0
59168,59,Cysoing,12.2
59169,59,Damousies,4.3
59170,59,Dechy,11.8
59171,59,Dehéries,0.0
59172,59,Denain,13.8
59173,59,Deûlémont,7.4
59174,59,Dimechaux,6.1
59175,59,Dimont,3.1
59176,59,Doignies,7.1
59177,59,Dompierre-sur-Helpe,8.1
59178,59,Douai,12.1
59179,59,Douchy-les-Mines,13.5
59180,59,Le Doulieu,4.0
59181,59,Dourlers,1.7
59182,59,Drincham,13.6
59183,59,Dunkerque,10.7
59184,59,Ebblinghem,8.2
59185,59,Écaillon,13.2
59186,59,Eccles,0.0
59187,59,Éclaibes,13.2
59188,59,Écuélin,0.0
59189,59,Eecke,6.8
59190,59,Élesmes,3.0
59191,59,Élincourt,15.9
59192,59,Émerchicourt,3.7
59193,59,Emmerin,7.1
59194,59,Englefontaine,8.5
59195,59,Englos,7.7
59196,59,Ennetières-en-Weppes,5.0
59197,59,Ennevelin,6.6
59198,59,Eppe-Sauvage,18.2
59199,59,Erchin,5.5
59200,59,Eringhem,8.9
59201,59,Erquinghem-le-Sec,12.5
59202,59,Erquinghem-Lys,6.9
59203,59,Erre,6.3
59204,59,Escarmain,14.3
59205,59,Escaudain,11.2
59206,59,Escaudœuvres,9.1
59207,59,Escautpont,14.3
59208,59,Escobecques,0.0
59209,59,Esnes,7.4
59210,59,Esquelbecq,5.8
59211,59,Esquerchin,6.3
59212,59,Estaires,7.6
59213,59,Estourmel,4.4
59214,59,Estrées,8.1
59215,59,Estreux,5.5
59216,59,Eswars,11.4
59217,59,Eth,9.4
59218,59,Étrœungt,8.0
59219,59,Estrun,7.7
59220,59,Faches-Thumesnil,10.1
59221,59,Famars,4.7
59222,59,Faumont,7.3
59223,59,Le Favril,8.7
59224,59,Féchain,3.5
59225,59,Feignies,10.8
59226,59,Felleries,9.3
59227,59,Fenain,9.6
59228,59,Férin,7.6
59229,59,Féron,0.0
59230,59,Ferrière-la-Grande,12.2
59231,59,Ferrière-la-Petite,5.8
59232,59,La Flamengrie,7.9
59233,59,Flaumont-Waudrechies,8.1
59234,59,Flers-en-Escrebieux,11.4
59236,59,Flesquières,3.6
59237,59,Flêtre,4.7
59238,59,Flines-lès-Mortagne,6.7
59239,59,Flines-lez-Raches,6.1
59240,59,Floursies,0.0
59241,59,Floyon,5.6
59242,59,Fontaine-au-Bois,10.4
59243,59,Fontaine-au-Pire,2.6
59244,59,Fontaine-Notre-Dame,8.4
59246,59,Forest-en-Cambrésis,5.7
59247,59,Forest-sur-Marque,8.0
59249,59,Fourmies,13.5
59250,59,Fournes-en-Weppes,8.2
59251,59,Frasnoy,3.1
59252,59,Frelinghien,11.0
59253,59,Fresnes-sur-Escaut,14.5
59254,59,Fressain,3.3
59255,59,Fressies,14.0
59256,59,Fretin,9.3
59257,59,Fromelles,2.9
59258,59,Genech,5.2
59259,59,Ghissignies,12.8
59260,59,Ghyvelde,7.0
59261,59,Glageon,13.7
59262,59,Godewaersvelde,4.3
59263,59,Gœulzin,7.2
59264,59,Gognies-Chaussée,6.3
59265,59,Gommegnies,6.4
59266,59,Gondecourt,6.3
59267,59,Gonnelieu,6.3
59268,59,La Gorgue,8.7
59269,59,Gouzeaucourt,15.9
59270,59,Grand-Fayt,2.6
59271,59,Grande-Synthe,14.1
59272,59,Grand-Fort-Philippe,10.3
59273,59,Gravelines,9.5
59274,59,La Groise,6.3
59275,59,Gruson,1.9
59276,59,Guesnain,9.8
59277,59,Gussignies,2.9
59278,59,Hallennes-lez-Haubourdin,8.2
59279,59,Halluin,9.9
59280,59,Hamel,12.0
59281,59,Hantay,10.1
59282,59,Hardifort,0.0
59283,59,Hargnies,5.3
59284,59,Hasnon,6.4
59285,59,Haspres,8.2
59286,59,Haubourdin,11.4
59287,59,Haucourt-en-Cambrésis,4.5
59288,59,Haulchin,8.2
59289,59,Haussy,6.6
59290,59,Haut-Lieu,7.9
59291,59,Hautmont,16.2
59292,59,Haveluy,9.4
59293,59,Haverskerque,6.8
59294,59,Haynecourt,4.2
59295,59,Hazebrouck,10.2
59296,59,Hecq,6.3
59297,59,Hélesmes,7.8
59299,59,Hem,12.0
59300,59,Hem-Lenglet,6.5
59301,59,Hergnies,9.4
59302,59,Hérin,11.5
59303,59,Herlies,12.3
59304,59,Herrin,5.6
59305,59,Herzeele,4.1
59306,59,Hestrud,3.9
59307,59,Holque,14.3
59308,59,Hondeghem,6.5
59309,59,Hondschoote,5.4
59310,59,Hon-Hergies,10.8
59311,59,Honnechy,15.7
59312,59,Honnecourt-sur-Escaut,8.6
59313,59,Hordain,7.5
59314,59,Hornaing,9.5
59315,59,Houdain-lez-Bavay,6.1
59316,59,Houplin-Ancoisne,9.0
59317,59,Houplines,11.5
59318,59,Houtkerque,7.3
59319,59,Hoymille,4.4
59320,59,Illies,7.5
59321,59,Inchy,9.1
59322,59,Iwuy,11.7
59323,59,Jenlain,1.8
59324,59,Jeumont,14.9
59325,59,Jolimetz,8.0
59326,59,Killem,3.1
59327,59,Lallaing,13.0
59328,59,Lambersart,10.2
59329,59,Lambres-lez-Douai,8.6
59330,59,Landas,6.4
59331,59,Landrecies,11.9
59332,59,Lannoy,14.8
59333,59,Larouillies,7.4
59334,59,Lauwin-Planque,8.6
59335,59,Lecelles,8.3
59336,59,Lécluse,9.4
59337,59,Lederzeele,7.1
59338,59,Ledringhem,5.0
59339,59,Leers,7.7
59340,59,Leffrinckoucke,9.7
59341,59,Lesdain,5.6
59342,59,Lez-Fontaine,0.0
59343,59,Lesquin,9.4
59344,59,Leval,10.0
59345,59,Lewarde,10.8
59346,59,Lezennes,9.7
59347,59,Liessies,10.0
59348,59,Lieu-Saint-Amand,9.8
59349,59,Ligny-en-Cambrésis,8.3
59350,59,Lille,8.2
59351,59,Limont-Fontaine,1.8
59352,59,Linselles,10.3
59353,59,Locquignol,5.4
59354,59,Loffre,6.7
59356,59,Lompret,6.2
59357,59,La Longueville,9.8
59358,59,Looberghe,6.1
59359,59,Loon-Plage,9.3
59360,59,Loos,12.7
59361,59,Lourches,12.5
59363,59,Louvignies-Quesnoy,9.3
59364,59,Louvil,7.4
59365,59,Louvroil,18.9
59366,59,Lynde,3.5
59367,59,Lys-lez-Lannoy,11.9
59368,59,La Madeleine,9.5
59369,59,Maing,8.0
59370,59,Mairieux,6.3
59371,59,Le Maisnil,3.4
59372,59,Malincourt,5.8
59374,59,Marbaix,2.6
59375,59,Marchiennes,7.8
59377,59,Marcoing,11.5
59378,59,Marcq-en-Barœul,9.8
59379,59,Marcq-en-Ostrevent,4.4
59381,59,Maresches,8.4
59382,59,Maretz,7.0
59383,59,Marly,10.1
59384,59,Maroilles,9.3
59385,59,Marpent,10.6
59386,59,Marquette-lez-Lille,11.7
59387,59,Marquette-en-Ostrevant,9.1
59388,59,Marquillies,4.5
59389,59,Masnières,8.1
59390,59,Masny,11.4
59391,59,Mastaing,5.7
59392,59,Maubeuge,13.9
59393,59,Maulde,9.6
59394,59,Maurois,3.4
59395,59,Mazinghien,6.5
59396,59,Mecquignies,7.5
59397,59,Merckeghem,6.4
59398,59,Mérignies,4.3
59399,59,Merris,5.7
59400,59,Merville,9.2
59401,59,Méteren,6.5
59402,59,Millam,4.2
59403,59,Millonfosse,9.5
59404,59,Les Moëres,4.7
59405,59,Mœuvres,7.3
59406,59,Monceau-Saint-Waast,2.1
59407,59,Monchaux-sur-Écaillon,4.5
59408,59,Moncheaux,7.0
59409,59,Monchecourt,11.9
59410,59,Mons-en-Barœul,13.0
59411,59,Mons-en-Pévèle,5.6
59412,59,Montay,20.0
59413,59,Montigny-en-Cambrésis,7.8
59414,59,Montigny-en-Ostrevent,9.5
59415,59,Montrécourt,13.0
59416,59,Morbecque,8.2
59418,59,Mortagne-du-Nord,14.5
59419,59,Mouchin,5.0
59420,59,Moustier-en-Fagne,20.0
59421,59,Mouvaux,8.3
59422,59,Naves,4.9
59423,59,Neuf-Berquin,11.7
59424,59,Neuf-Mesnil,13.2
59425,59,Neuville-en-Avesnois,8.3
59426,59,Neuville-en-Ferrain,8.4
59427,59,La Neuville,4.5
59428,59,Neuville-Saint-Rémy,10.9
59429,59,Neuville-sur-Escaut,8.8
59430,59,Neuvilly,9.5
59431,59,Nieppe,9.4
59432,59,Niergnies,9.6
59433,59,Nieurlet,8.9
59434,59,Nivelle,7.2
59435,59,Nomain,6.5
59436,59,Noordpeene,2.6
59437,59,Noyelles-lès-Seclin,4.8
59438,59,Noyelles-sur-Escaut,8.0
59439,59,Noyelles-sur-Sambre,3.4
59440,59,Noyelles-sur-Selle,2.6
59441,59,Obies,4.3
59442,59,Obrechies,3.7
59443,59,Ochtezeele,0.0
59444,59,Odomez,14.1
59445,59,Ohain,8.8
59446,59,Oisy,11.1
59447,59,Onnaing,12.4
59448,59,Oost-Cappel,4.2
59449,59,Orchies,10.2
59450,59,Ors,9.1
59451,59,Orsinval,14.8
59452,59,Ostricourt,11.1
59453,59,Oudezeele,6.6
59454,59,Oxelaëre,7.5
59455,59,Paillencourt,6.0
59456,59,Pecquencourt,11.3
59457,59,Pérenchies,13.1
59458,59,Péronne-en-Mélantois,8.7
59459,59,Petite-Forêt,9.5
59461,59,Petit-Fayt,7.1
59462,59,Phalempin,9.6
59463,59,Pitgam,1.1
59464,59,Poix-du-Nord,9.9
59465,59,Pommereuil,10.7
59466,59,Pont-à-Marcq,9.6
59467,59,Pont-sur-Sambre,10.4
59468,59,Potelle,5.4
59469,59,Pradelles,0.0
59470,59,Prémesques,7.0
59471,59,Préseau,4.8
59472,59,Preux-au-Bois,11.9
59473,59,Preux-au-Sart,7.7
59474,59,Prisches,7.3
59475,59,Prouvy,9.1
59476,59,Proville,9.0
59477,59,Provin,11.1
59478,59,Quaëdypre,8.3
59479,59,Quarouble,8.4
59480,59,Quérénaing,7.5
59481,59,Le Quesnoy,14.7
59482,59,Quesnoy-sur-Deûle,8.4
59483,59,Quiévelon,0.0
59484,59,Quiévrechain,12.4
59485,59,Quiévy,9.3
59486,59,Râches,6.6
59487,59,Radinghem-en-Weppes,4.1
59488,59,Raillencourt-Sainte-Olle,7.4
59489,59,Raimbeaucourt,7.0
59490,59,Rainsars,5.0
59491,59,Raismes,12.3
59492,59,Ramillies,10.3
59493,59,Ramousies,0.0
59494,59,Raucourt-au-Bois,16.7
59495,59,Recquignies,10.2
59496,59,Rejet-de-Beaulieu,4.8
59497,59,Renescure,7.7
59498,59,Reumont,14.3
59499,59,Rexpoëde,4.4
59500,59,Ribécourt-la-Tour,5.3
59501,59,Rieulay,12.5
59502,59,Rieux-en-Cambrésis,8.9
59503,59,Robersart,0.0
59504,59,Rœulx,9.7
59505,59,Rombies-et-Marchipont,4.3
59506,59,Romeries,8.8
59507,59,Ronchin,11.0
59508,59,Roncq,9.7
59509,59,Roost-Warendin,7.8
59511,59,Rosult,6.5
59512,59,Roubaix,16.8
59513,59,Roucourt,6.8
59514,59,Rousies,9.3
59515,59,Rouvignies,0.0
59516,59,Rubrouck,8.5
59517,59,Les Rues-des-Vignes,4.3
59518,59,Ruesnes,4.5
59519,59,Rumegies,4.1
59520,59,Rumilly-en-Cambrésis,9.4
59521,59,Sailly-lez-Cambrai,10.9
59522,59,Sailly-lez-Lannoy,7.5
59523,59,Sainghin-en-Mélantois,6.6
59524,59,Sainghin-en-Weppes,9.8
59525,59,Sains-du-Nord,9.3
59526,59,Saint-Amand-les-Eaux,12.3
59527,59,Saint-André-lez-Lille,10.9
59528,59,Saint-Aubert,7.9
59529,59,Saint-Aubin,5.6
59530,59,Saint-Aybert,3.0
59531,59,Saint-Benin,16.2
59532,59,Saint-Georges-sur-l'Aa,0.0
59533,59,Saint-Hilaire-lez-Cambrai,9.5
59534,59,Saint-Hilaire-sur-Helpe,3.8
59535,59,Saint-Jans-Cappel,4.9
59536,59,Sainte-Marie-Cappel,4.1
59537,59,Saint-Martin-sur-Écaillon,8.3
59538,59,Saint-Momelin,8.9
59539,59,Saint-Pierre-Brouck,6.7
59541,59,Saint-Python,3.9
59542,59,Saint-Remy-Chaussée,12.8
59543,59,Saint-Remy-du-Nord,9.7
59544,59,Saint-Saulve,11.3
59545,59,Saint-Souplet,5.7
59546,59,Saint-Sylvestre-Cappel,4.6
59547,59,Saint-Vaast-en-Cambrésis,13.1
59548,59,Saint-Waast,8.3
59549,59,Salesches,4.5
59550,59,Salomé,9.3
59551,59,Saméon,6.5
59552,59,Sancourt,6.3
59553,59,Santes,10.2
59554,59,Sars-et-Rosières,2.2
59555,59,Sars-Poteries,19.0
59556,59,Sassegnies,10.0
59557,59,Saultain,11.2
59558,59,Saulzoir,13.6
59559,59,Sebourg,7.7
59560,59,Seclin,11.6
59562,59,Sémeries,5.6
59563,59,Semousies,8.3
59564,59,La Sentinelle,8.4
59565,59,Sepmeries,5.0
59566,59,Sequedin,9.1
59567,59,Séranvillers-Forenville,14.7
59568,59,Sercus,5.7
59569,59,Sin-le-Noble,12.7
59570,59,Socx,10.6
59571,59,Solesmes,9.9
59572,59,Solre-le-Château,12.2
59573,59,Solrinnes,0.0
59574,59,Somain,11.8
59575,59,Sommaing,2.8
59576,59,Spycker,4.0
59577,59,Staple,7.7
59578,59,Steenbecque,7.5
59579,59,Steene,12.1
59580,59,Steenvoorde,5.3
59581,59,Steenwerck,7.1
59582,59,Strazeele,3.5
59583,59,Taisnières-en-Thiérache,6.3
59584,59,Taisnières-sur-Hon,6.5
59585,59,Templemars,9.0
59586,59,Templeuve,7.5
59587,59,Terdeghem,5.7
59588,59,Téteghem,7.0
59589,59,Thiant,9.3
59590,59,Thiennes,11.9
59591,59,Thivencelle,15.0
59592,59,Thumeries,7.0
59593,59,Thun-l'Évêque,6.2
59594,59,Thun-Saint-Amand,9.0
59595,59,Thun-Saint-Martin,7.8
59596,59,Tilloy-lez-Marchiennes,13.3
59597,59,Tilloy-lez-Cambrai,5.1
59598,59,Toufflers,8.8
59599,59,Tourcoing,14.1
59600,59,Tourmignies,1.7
59601,59,Trélon,14.9
59602,59,Tressin,6.8
59603,59,Trith-Saint-Léger,11.7
59604,59,Troisvilles,9.0
59605,59,Uxem,8.1
59606,59,Valenciennes,9.6
59607,59,Vendegies-au-Bois,12.9
59608,59,Vendegies-sur-Écaillon,6.6
59609,59,Vendeville,9.4
59610,59,Verchain-Maugré,6.3
59611,59,Verlinghem,5.0
59612,59,Vertain,0.0
59613,59,Vicq,9.9
59614,59,Viesly,5.7
59615,59,Vieux-Berquin,4.4
59616,59,Vieux-Condé,11.5
59617,59,Vieux-Mesnil,6.5
59618,59,Vieux-Reng,5.1
59619,59,Villereau,5.6
59620,59,Villers-au-Tertre,6.8
59622,59,Villers-en-Cauchies,10.1
59623,59,Villers-Guislain,4.2
59624,59,Villers-Outréaux,6.1
59625,59,Villers-Plouich,4.9
59626,59,Villers-Pol,5.5
59627,59,Villers-Sire-Nicole,6.8
59628,59,Volckerinckhove,5.7
59629,59,Vred,8.4
59630,59,Wahagnies,9.5
59631,59,Walincourt-Selvigny,12.9
59632,59,Wallers,9.5
59633,59,Wallers-en-Fagne,0.0
59634,59,Wallon-Cappel,4.9
59635,59,Wambaix,0.0
59636,59,Wambrechies,8.8
59637,59,Wandignies-Hamage,5.7
59638,59,Wannehain,8.2
59639,59,Wargnies-le-Grand,8.7
59640,59,Wargnies-le-Petit,6.6
59641,59,Warhem,2.6
59642,59,Warlaing,6.4
59643,59,Warneton,5.0
59645,59,Wasnes-au-Bac,5.6
59646,59,Wasquehal,10.4
59647,59,Watten,10.3
59648,59,Wattignies,10.5
59649,59,Wattignies-la-Victoire,0.0
59650,59,Wattrelos,11.9
59651,59,Wavrechain-sous-Denain,12.7
59652,59,Wavrechain-sous-Faulx,7.9
59653,59,Wavrin,11.6
59654,59,Waziers,12.7
59655,59,Wemaers-Cappel,9.5
59656,59,Wervicq-Sud,8.7
59657,59,West-Cappel,11.8
59658,59,Wicres,0.0
59659,59,Wignehies,12.2
59660,59,Willems,8.3
59661,59,Willies,7.8
59662,59,Winnezeele,5.4
59663,59,Wormhout,5.1
59664,59,Wulverdinghe,3.7
59665,59,Wylder,3.8
59666,59,Zegerscappel,4.5
59667,59,Zermezeele,10.0
59668,59,Zuydcoote,10.3
59669,59,Zuytpeene,4.3
59670,59,Don,11.0
60001,60,Abancourt,6.2
60002,60,Abbecourt,3.3
60003,60,Abbeville-Saint-Lucien,2.6
60004,60,Achy,5.3
60005,60,Acy-en-Multien,3.8
60006,60,Les Ageux,6.5
60007,60,Agnetz,7.6
60008,60,Airion,7.3
60009,60,Allonne,5.5
60010,60,Amblainville,4.9
60011,60,Amy,8.3
60012,60,Andeville,9.1
60013,60,Angicourt,4.1
60014,60,Angivillers,11.1
60015,60,Angy,6.8
60016,60,Ansacq,3.7
60017,60,Ansauvillers,8.6
60018,60,Anserville,4.5
60019,60,Antheuil-Portes,5.1
60020,60,Antilly,9.5
60021,60,Appilly,4.1
60022,60,Apremont,5.4
60023,60,Armancourt,1.9
60024,60,Arsy,6.3
60025,60,Attichy,9.8
60026,60,Auchy-la-Montagne,0.0
60027,60,Auger-Saint-Vincent,0.0
60028,60,Aumont-en-Halatte,13.5
60029,60,Auneuil,10.4
60030,60,Auteuil,1.9
60031,60,Autheuil-en-Valois,0.0
60032,60,Autrêches,2.9
60033,60,Avilly-Saint-Léonard,5.5
60034,60,Avrechy,6.6
60035,60,Avricourt,8.3
60036,60,Avrigny,6.1
60037,60,Babœuf,16.7
60038,60,Bachivillers,2.5
60039,60,Bacouël,4.3
60040,60,Bailleul-le-Soc,8.2
60041,60,Bailleul-sur-Thérain,12.8
60042,60,Bailleval,7.8
60043,60,Bailly,4.8
60044,60,Balagny-sur-Thérain,7.4
60045,60,Barbery,7.5
60046,60,Bargny,11.5
60047,60,Baron,3.8
60048,60,Baugy,6.9
60049,60,Bazancourt,7.7
60050,60,Bazicourt,3.1
60051,60,Beaudéduit,12.5
60052,60,Beaugies-sous-Bois,0.0
60053,60,Beaulieu-les-Fontaines,10.0
60054,60,Beaumont-les-Nonains,5.7
60055,60,Beaurains-lès-Noyon,10.0
60056,60,Beaurepaire,0.0
60057,60,Beauvais,13.4
60058,60,Beauvoir,16.0
60059,60,Béhéricourt,4.3
60060,60,Belle-Église,5.4
60061,60,Belloy,0.0
60062,60,Berlancourt,4.2
60063,60,Berneuil-en-Bray,6.6
60064,60,Berneuil-sur-Aisne,4.3
60065,60,Berthecourt,11.6
60066,60,Béthancourt-en-Valois,4.2
60067,60,Béthisy-Saint-Martin,6.5
60068,60,Béthisy-Saint-Pierre,10.8
60069,60,Betz,3.6
60070,60,Bienville,3.2
60071,60,Biermont,0.0
60072,60,Bitry,3.6
60073,60,Blacourt,1.9
60074,60,Blaincourt-lès-Précy,7.7
60075,60,Blancfossé,0.0
60076,60,Blargies,6.3
60077,60,Blicourt,0.0
60078,60,Blincourt,8.3
60079,60,Boissy-Fresnoy,9.5
60080,60,Boissy-le-Bois,0.0
60081,60,Bonlier,5.4
60082,60,Bonneuil-les-Eaux,5.1
60083,60,Bonneuil-en-Valois,7.7
60084,60,Bonnières,6.3
60085,60,Bonvillers,15.8
60086,60,Boran-sur-Oise,9.8
60087,60,Borest,8.8
60088,60,Bornel,10.4
60089,60,Boubiers,5.0
60090,60,Bouconvillers,5.7
60091,60,Bouillancy,2.7
60092,60,Boullarre,5.0
60093,60,Boulogne-la-Grasse,0.0
60094,60,Boursonne,10.3
60095,60,Boury-en-Vexin,8.1
60096,60,Boutavent,10.0
60097,60,Boutencourt,0.0
60098,60,Bouvresse,11.8
60099,60,Braisnes-sur-Aronde,0.0
60100,60,Brasseuse,0.0
60101,60,Brégy,14.5
60102,60,Brenouille,10.1
60103,60,Bresles,8.0
60104,60,Breteuil,10.2
60105,60,Brétigny,5.7
60106,60,Breuil-le-Sec,9.6
60107,60,Breuil-le-Vert,5.7
60108,60,Briot,3.7
60109,60,Brombos,17.4
60110,60,Broquiers,8.0
60111,60,Broyes,31.3
60112,60,Brunvillers-la-Motte,6.2
60113,60,Bucamps,21.4
60114,60,Buicourt,0.0
60115,60,Bulles,3.6
60116,60,Bury,9.7
60117,60,Bussy,14.8
60118,60,Caisnes,12.2
60119,60,Cambronne-lès-Ribécourt,10.4
60120,60,Cambronne-lès-Clermont,4.9
60121,60,Campagne,0.0
60122,60,Campeaux,7.7
60123,60,Campremy,11.6
60124,60,Candor,7.4
60125,60,Canly,8.9
60126,60,Cannectancourt,4.0
60127,60,Canny-sur-Matz,5.7
60128,60,Canny-sur-Thérain,15.8
60129,60,Carlepont,7.9
60130,60,Catenoy,6.3
60131,60,Catheux,0.0
60132,60,Catigny,0.0
60133,60,Catillon-Fumechon,5.7
60134,60,Cauffry,8.6
60135,60,Cauvigny,8.9
60136,60,Cempuis,6.4
60137,60,Cernoy,5.3
60138,60,Chamant,5.3
60139,60,Chambly,9.7
60140,60,Chambors,2.9
60141,60,Chantilly,9.2
60142,60,La Chapelle-en-Serval,10.7
60143,60,Chaumont-en-Vexin,11.9
60144,60,Chavençon,6.7
60145,60,Chelles,5.2
60146,60,Chepoix,2.6
60147,60,Chevincourt,7.2
60148,60,Chèvreville,2.4
60149,60,Chevrières,9.8
60150,60,Chiry-Ourscamp,5.8
60151,60,Choisy-au-Bac,10.6
60152,60,Choisy-la-Victoire,16.0
60153,60,Choqueuse-les-Bénards,12.5
60154,60,Cinqueux,5.2
60155,60,Cires-lès-Mello,9.8
60156,60,Clairoix,5.7
60157,60,Clermont,13.0
60158,60,Coivrel,8.0
60159,60,Compiègne,10.7
60160,60,Conchy-les-Pots,2.0
60161,60,Conteville,25.0
60162,60,Corbeil-Cerf,3.3
60163,60,Cormeilles,10.0
60164,60,Le Coudray-Saint-Germer,10.2
60165,60,Le Coudray-sur-Thelle,9.1
60166,60,Coudun,6.2
60167,60,Couloisy,9.6
60168,60,Courcelles-Epayelles,11.1
60169,60,Courcelles-lès-Gisors,7.4
60170,60,Courteuil,10.9
60171,60,Courtieux,5.6
60172,60,Coye-la-Forêt,8.1
60173,60,Cramoisy,2.7
60174,60,Crapeaumesnil,18.8
60175,60,Creil,14.2
60176,60,Crépy-en-Valois,10.7
60177,60,Cressonsacq,12.5
60178,60,Crèvecœur-le-Grand,10.7
60179,60,Crèvecœur-le-Petit,0.0
60180,60,Crillon,2.4
60181,60,Crisolles,6.2
60182,60,Le Crocq,23.5
60183,60,Croissy-sur-Celle,0.0
60184,60,Croutoy,10.0
60185,60,Crouy-en-Thelle,9.5
60186,60,Cuignières,4.8
60187,60,Cuigy-en-Bray,0.0
60188,60,Cuise-la-Motte,7.2
60189,60,Cuts,4.5
60190,60,Cuvergnon,13.6
60191,60,Cuvilly,9.1
60192,60,Cuy,9.1
60193,60,Daméraucourt,4.5
60194,60,Dargies,9.2
60195,60,Delincourt,3.9
60196,60,Le Déluge,5.2
60197,60,Dieudonné,6.8
60198,60,Dives,8.8
60199,60,Doméliers,11.8
60200,60,Domfront,0.0
60201,60,Dompierre,4.3
60203,60,Duvy,10.8
60204,60,Écuvilly,17.9
60205,60,Élencourt,16.7
60206,60,Élincourt-Sainte-Marguerite,3.5
60207,60,Éméville,0.0
60208,60,Énencourt-Léage,0.0
60209,60,Énencourt-le-Sec,0.0
60210,60,Épineuse,4.2
60211,60,Éragny-sur-Epte,8.9
60212,60,Ercuis,14.1
60213,60,Ermenonville,7.1
60214,60,Ernemont-Boutavent,5.3
60215,60,Erquery,3.9
60216,60,Erquinvillers,0.0
60217,60,Escames,0.0
60218,60,Esches,5.9
60219,60,Escles-Saint-Pierre,14.3
60220,60,Espaubourg,2.3
60221,60,Esquennoy,5.6
60222,60,Essuiles,4.0
60223,60,Estrées-Saint-Denis,7.2
60224,60,Étavigny,23.1
60225,60,Étouy,7.4
60226,60,Ève,2.7
60227,60,Évricourt,10.5
60228,60,Fay-les-Étangs,9.8
60229,60,Le Fayel,5.0
60230,60,Le Fay-Saint-Quentin,6.3
60231,60,Feigneux,11.9
60232,60,Ferrières,9.3
60233,60,Feuquières,11.3
60234,60,Fitz-James,7.6
60235,60,Flavacourt,5.9
60236,60,Flavy-le-Meldeux,0.0
60237,60,Fléchy,0.0
60238,60,Fleurines,8.3
60239,60,Fleury,10.6
60240,60,Fontaine-Bonneleau,3.4
60241,60,Fontaine-Chaalis,3.7
60242,60,Fontaine-Lavaganne,11.6
60243,60,Fontaine-Saint-Lucien,0.0
60244,60,Fontenay-Torcy,7.7
60245,60,Formerie,12.4
60246,60,Fosseuse,11.6
60247,60,Fouilleuse,0.0
60248,60,Fouilloy,12.5
60249,60,Foulangues,0.0
60250,60,Fouquenies,10.6
60251,60,Fouquerolles,0.0
60252,60,Fournival,2.2
60253,60,Francastel,0.0
60254,60,Francières,6.8
60255,60,Fréniches,9.1
60256,60,Fresneaux-Montchevreuil,8.5
60257,60,Fresne-Léguillon,2.3
60258,60,Fresnières,0.0
60259,60,Fresnoy-en-Thelle,4.8
60260,60,Fresnoy-la-Rivière,4.3
60261,60,Fresnoy-le-Luat,4.3
60262,60,Le Frestoy-Vaux,17.4
60263,60,Frétoy-le-Château,0.0
60264,60,Frocourt,10.4
60265,60,Froissy,8.0
60267,60,Le Gallet,0.0
60268,60,Gannes,6.3
60269,60,Gaudechart,2.9
60270,60,Genvry,4.5
60271,60,Gerberoy,0.0
60272,60,Gilocourt,12.8
60273,60,Giraumont,7.5
60274,60,Glaignes,8.1
60275,60,Glatigny,10.0
60276,60,Godenvillers,0.0
60277,60,Goincourt,3.8
60278,60,Golancourt,5.7
60279,60,Gondreville,0.0
60280,60,Gourchelles,0.0
60281,60,Gournay-sur-Aronde,12.9
60282,60,Gouvieux,7.9
60283,60,Gouy-les-Groseillers,0.0
60284,60,Grandfresnoy,8.9
60285,60,Grandvillers-aux-Bois,4.3
60286,60,Grandvilliers,9.9
60287,60,Grandrû,0.0
60288,60,Grémévillers,2.5
60289,60,Grez,4.6
60290,60,Guignecourt,2.9
60291,60,Guiscard,13.8
60292,60,Gury,15.0
60293,60,Hadancourt-le-Haut-Clocher,10.8
60294,60,Hainvillers,16.7
60295,60,Halloy,11.1
60296,60,Hannaches,7.1
60297,60,Le Hamel,6.3
60298,60,Hanvoile,13.8
60299,60,Hardivillers,5.9
60300,60,Hardivillers-en-Vexin,7.7
60301,60,Haucourt,7.7
60302,60,Haudivillers,4.8
60303,60,Hautbos,0.0
60304,60,Haute-Épine,11.5
60305,60,Hautefontaine,0.0
60306,60,Hécourt,0.0
60307,60,Heilles,6.7
60308,60,Hémévillers,10.0
60309,60,Hénonville,3.9
60310,60,Herchies,8.5
60311,60,La Hérelle,5.0
60312,60,Héricourt-sur-Thérain,20.0
60313,60,Hermes,6.8
60314,60,Hétomesnil,3.8
60315,60,Hodenc-en-Bray,7.0
60316,60,Hodenc-l'Évêque,5.6
60317,60,Hondainville,9.0
60318,60,Houdancourt,1.8
60319,60,La Houssoye,11.4
60320,60,Ivors,12.5
60321,60,Ivry-le-Temple,9.1
60322,60,Jaméricourt,0.0
60323,60,Janville,3.8
60324,60,Jaulzy,8.9
60325,60,Jaux,4.7
60326,60,Jonquières,6.3
60327,60,Jouy-sous-Thelle,3.1
60328,60,Juvignies,3.7
60329,60,Laberlière,6.3
60330,60,Laboissière-en-Thelle,2.8
60331,60,Labosse,6.1
60332,60,Labruyère,0.0
60333,60,Lachapelle-aux-Pots,8.8
60334,60,Lachapelle-Saint-Pierre,5.1
60335,60,Lachapelle-sous-Gerberoy,0.0
60336,60,Lachaussée-du-Bois-d'Écu,0.0
60337,60,Lachelle,11.1
60338,60,Lacroix-Saint-Ouen,7.4
60339,60,Lafraye,12.5
60340,60,Lagny,10.0
60341,60,Lagny-le-Sec,4.9
60342,60,Laigneville,7.5
60343,60,Lalande-en-Son,3.4
60344,60,Lalandelle,5.7
60345,60,Lamécourt,15.8
60346,60,Lamorlaye,6.5
60347,60,Lannoy-Cuillère,0.0
60348,60,Larbroye,14.9
60350,60,Lassigny,5.7
60351,60,Lataule,0.0
60352,60,Lattainville,0.0
60353,60,Lavacquerie,11.8
60354,60,Laverrière,0.0
60355,60,Laversines,3.8
60356,60,Lavilletertre,13.2
60357,60,Léglantiers,10.2
60358,60,Lévignen,6.6
60359,60,Lhéraule,11.1
60360,60,Liancourt,14.3
60361,60,Liancourt-Saint-Pierre,5.7
60362,60,Libermont,4.8
60363,60,Lierville,0.0
60364,60,Lieuvillers,10.0
60365,60,Lihus,2.9
60366,60,Litz,17.2
60367,60,Loconville,12.9
60368,60,Longueil-Annel,11.5
60369,60,Longueil-Sainte-Marie,4.8
60370,60,Lormaison,11.7
60371,60,Loueuse,6.7
60372,60,Luchy,1.9
60373,60,Machemont,7.3
60374,60,Maignelay-Montigny,12.4
60375,60,Maimbeville,3.6
60376,60,Maisoncelle-Saint-Pierre,0.0
60377,60,Maisoncelle-Tuilerie,14.3
60378,60,Marest-sur-Matz,15.8
60379,60,Mareuil-la-Motte,4.3
60380,60,Mareuil-sur-Ourcq,7.3
60381,60,Margny-aux-Cerises,9.1
60382,60,Margny-lès-Compiègne,8.9
60383,60,Margny-sur-Matz,0.0
60385,60,Marolles,3.2
60386,60,Marquéglise,0.0
60387,60,Marseille-en-Beauvaisis,11.3
60388,60,Martincourt,0.0
60389,60,Maucourt,0.0
60390,60,Maulers,4.6
60391,60,Maysel,8.0
60392,60,Mélicocq,0.0
60393,60,Mello,15.8
60394,60,Ménévillers,0.0
60395,60,Méru,12.2
60396,60,Méry-la-Bataille,3.5
60397,60,Le Mesnil-Conteville,11.1
60398,60,Le Mesnil-en-Thelle,6.6
60399,60,Le Mesnil-Saint-Firmin,0.0
60400,60,Le Mesnil-sur-Bulles,0.0
60401,60,Le Mesnil-Théribus,7.0
60402,60,Le Meux,6.9
60403,60,Milly-sur-Thérain,6.4
60404,60,Mogneville,4.7
60405,60,Moliens,12.1
60406,60,Monceaux,5.9
60407,60,Monceaux-l'Abbaye,0.0
60408,60,Monchy-Humières,2.9
60409,60,Monchy-Saint-Éloi,10.3
60410,60,Mondescourt,3.7
60411,60,Monneville,0.0
60412,60,Montagny-en-Vexin,5.2
60413,60,Montagny-Sainte-Félicité,8.8
60414,60,Montataire,14.1
60415,60,Montépilloy,0.0
60416,60,Montgérain,18.7
60418,60,Montiers,12.8
60420,60,Montjavoult,2.1
60421,60,Mont-l'Évêque,7.3
60422,60,Montlognon,14.3
60423,60,Montmacq,6.5
60424,60,Montmartin,5.0
60425,60,Montreuil-sur-Brêche,8.0
60426,60,Montreuil-sur-Thérain,0.0
60427,60,Monts,17.6
60428,60,Le Mont-Saint-Adrien,6.1
60429,60,Morangles,0.0
60430,60,Morienval,3.2
60431,60,Morlincourt,8.0
60432,60,Mortefontaine,8.6
60433,60,Mortefontaine-en-Thelle,2.7
60434,60,Mortemer,11.8
60435,60,Morvillers,6.8
60436,60,Mory-Montcrux,10.0
60437,60,Mouchy-le-Châtel,12.5
60438,60,Moulin-sous-Touvent,7.1
60439,60,Mouy,11.3
60440,60,Moyenneville,11.1
60441,60,Moyvillers,3.5
60442,60,Muidorge,0.0
60443,60,Muirancourt,11.8
60444,60,Mureaumont,13.3
60445,60,Nampcel,0.0
60446,60,Nanteuil-le-Haudouin,8.5
60447,60,Néry,5.8
60448,60,Neufchelles,14.4
60449,60,Neufvy-sur-Aronde,0.0
60450,60,Neuilly-en-Thelle,8.7
60451,60,Neuilly-sous-Clermont,6.5
60452,60,Neuville-Bosc,6.1
60453,60,La Neuville-d'Aumont,0.0
60454,60,La Neuville-en-Hez,8.3
60455,60,La Neuville-Garnier,20.0
60456,60,La Neuville-Roy,10.6
60457,60,La Neuville-Saint-Pierre,0.0
60458,60,La Neuville-sur-Oudeuil,3.3
60459,60,La Neuville-sur-Ressons,22.7
60460,60,La Neuville-Vault,6.7
60461,60,Nivillers,0.0
60462,60,Noailles,8.5
60463,60,Nogent-sur-Oise,11.3
60464,60,Nointel,13.2
60465,60,Noirémont,0.0
60466,60,Noroy,5.3
60468,60,Nourard-le-Franc,11.6
60469,60,Novillers,3.0
60470,60,Noyers-Saint-Martin,12.2
60471,60,Noyon,13.5
60472,60,Offoy,18.2
60473,60,Ognes,12.5
60474,60,Ognolles,0.0
60475,60,Ognon,14.3
60476,60,Omécourt,5.6
60477,60,Ons-en-Bray,7.4
60478,60,Ormoy-le-Davien,4.0
60479,60,Ormoy-Villers,6.0
60480,60,Oroër,1.9
60481,60,Orrouy,0.0
60482,60,Orry-la-Ville,5.8
60483,60,Orvillers-Sorel,0.0
60484,60,Oudeuil,0.0
60485,60,Oursel-Maison,10.0
60486,60,Paillart,2.1
60487,60,Parnes,3.3
60488,60,Passel,0.0
60489,60,Péroy-les-Gombries,4.3
60490,60,Pierrefitte-en-Beauvaisis,11.1
60491,60,Pierrefonds,6.6
60492,60,Pimprez,6.5
60493,60,Pisseleu,5.6
60494,60,Plailly,9.2
60495,60,Plainval,5.1
60496,60,Plainville,5.9
60497,60,Le Plessier-sur-Bulles,0.0
60498,60,Le Plessier-sur-Saint-Just,13.5
60499,60,Plessis-de-Roye,4.3
60500,60,Le Plessis-Belleville,8.1
60501,60,Le Plessis-Brion,7.9
60502,60,Le Plessis-Patte-d'Oie,9.1
60503,60,Le Ployron,25.0
60504,60,Ponchon,8.7
60505,60,Pontarmé,9.0
60506,60,Pont-l'Évêque,17.2
60507,60,Pontoise-lès-Noyon,8.7
60508,60,Pontpoint,6.8
60509,60,Pont-Sainte-Maxence,13.2
60510,60,Porcheux,0.0
60511,60,Porquéricourt,9.1
60512,60,Pouilly,7.1
60513,60,Précy-sur-Oise,8.6
60514,60,Prévillers,5.9
60515,60,Pronleroy,2.9
60516,60,Puiseux-en-Bray,7.5
60517,60,Puiseux-le-Hauberger,10.4
60518,60,Puits-la-Vallée,25.0
60519,60,Quesmy,6.3
60520,60,Le Quesnel-Aubry,5.3
60521,60,Quincampoix-Fleuzy,5.7
60522,60,Quinquempoix,13.0
60523,60,Rainvillers,5.9
60524,60,Rantigny,11.7
60525,60,Raray,13.5
60526,60,Ravenel,9.8
60527,60,Réez-Fosse-Martin,7.7
60528,60,Reilly,7.1
60529,60,Rémécourt,0.0
60530,60,Rémérangles,0.0
60531,60,Remy,8.7
60532,60,Ressons-l'Abbaye,11.1
60533,60,Ressons-sur-Matz,8.9
60534,60,Rethondes,7.4
60535,60,Reuil-sur-Brêche,6.9
60536,60,Rhuis,10.0
60537,60,Ribécourt-Dreslincourt,12.2
60538,60,Ricquebourg,12.5
60539,60,Rieux,6.5
60540,60,Rivecourt,8.6
60541,60,Roberval,7.5
60542,60,Rochy-Condé,8.8
60543,60,Rocquemont,0.0
60544,60,Rocquencourt,10.5
60545,60,Romescamps,12.7
60546,60,Rosières,0.0
60547,60,Rosoy,1.8
60548,60,Rosoy-en-Multien,9.1
60549,60,Rotangy,10.0
60550,60,Rothois,5.6
60551,60,Rousseloy,0.0
60552,60,Rouville,0.0
60553,60,Rouvillers,0.0
60554,60,Rouvres-en-Multien,4.9
60555,60,Rouvroy-les-Merles,0.0
60556,60,Royaucourt,15.8
60557,60,Roy-Boissy,3.0
60558,60,Roye-sur-Matz,11.6
60559,60,La Rue-Saint-Pierre,6.5
60560,60,Rully,3.0
60561,60,Russy-Bémont,5.0
60562,60,Sacy-le-Grand,5.1
60563,60,Sacy-le-Petit,6.0
60564,60,Sains-Morainvillers,0.0
60565,60,Saint-André-Farivillers,5.1
60566,60,Saint-Arnoult,10.0
60567,60,Saint-Aubin-en-Bray,7.5
60568,60,Saint-Aubin-sous-Erquery,3.2
60569,60,Saint-Crépin-aux-Bois,0.0
60570,60,Saint-Crépin-Ibouvillers,6.5
60571,60,Saint-Deniscourt,16.7
60572,60,Saint-Étienne-Roilaye,0.0
60573,60,Sainte-Eusoye,3.6
60574,60,Saint-Félix,1.9
60575,60,Sainte-Geneviève,9.3
60576,60,Saint-Germain-la-Poterie,7.5
60577,60,Saint-Germer-de-Fly,6.3
60578,60,Saintines,5.4
60579,60,Saint-Jean-aux-Bois,2.9
60581,60,Saint-Just-en-Chaussée,12.0
60582,60,Saint-Léger-aux-Bois,2.5
60583,60,Saint-Léger-en-Bray,9.1
60584,60,Saint-Leu-d'Esserent,10.9
60585,60,Saint-Martin-aux-Bois,10.0
60586,60,Saint-Martin-le-Nœud,2.0
60587,60,Saint-Martin-Longueau,9.7
60588,60,Saint-Maur,8.3
60589,60,Saint-Maximin,8.0
60590,60,Saint-Omer-en-Chaussée,9.2
60591,60,Saint-Paul,8.7
60592,60,Saint-Pierre-es-Champs,10.4
60593,60,Saint-Pierre-lès-Bitry,7.7
60594,60,Saint-Quentin-des-Prés,3.4
60595,60,Saint-Remy-en-l'Eau,7.7
60596,60,Saint-Samson-la-Poterie,7.4
60597,60,Saint-Sauveur,4.7
60598,60,Saint-Sulpice,6.7
60599,60,Saint-Thibault,10.3
60600,60,Saint-Vaast-de-Longmont,5.4
60601,60,Saint-Vaast-lès-Mello,12.5
60602,60,Saint-Valery,20.0
60603,60,Salency,5.9
60604,60,Sarcus,5.3
60605,60,Sarnois,3.2
60608,60,Le Saulchoy,0.0
60609,60,Savignies,2.7
60610,60,Sempigny,4.6
60611,60,Senantes,0.0
60612,60,Senlis,10.7
60613,60,Senots,0.0
60614,60,Serans,4.3
60615,60,Sérévillers,0.0
60616,60,Sérifontaine,11.3
60617,60,Sermaize,12.5
60618,60,Séry-Magneval,0.0
60619,60,Silly-le-Long,9.8
60620,60,Silly-Tillard,4.4
60621,60,Solente,16.7
60622,60,Sommereux,10.5
60623,60,Songeons,6.0
60624,60,Sully,5.9
60625,60,Suzoy,1.9
60626,60,Talmontiers,14.5
60627,60,Tartigny,9.6
60628,60,Therdonne,5.1
60629,60,Thérines,0.0
60630,60,Thibivillers,0.0
60631,60,Thiers-sur-Thève,8.4
60632,60,Thiescourt,7.0
60633,60,Thieuloy-Saint-Antoine,12.1
60634,60,Thieux,10.3
60635,60,Thiverny,11.7
60636,60,Thourotte,11.6
60637,60,Thury-en-Valois,6.8
60638,60,Thury-sous-Clermont,1.6
60639,60,Tillé,4.0
60640,60,Tourly,6.7
60641,60,Tracy-le-Mont,4.8
60642,60,Tracy-le-Val,5.0
60643,60,Tricot,12.4
60644,60,Trie-Château,5.3
60645,60,Trie-la-Ville,3.0
60646,60,Troissereux,11.3
60647,60,Trosly-Breuil,11.7
60648,60,Troussencourt,9.7
60649,60,Troussures,5.9
60650,60,Trumilly,8.9
60651,60,Ully-Saint-Georges,8.9
60652,60,Valdampierre,5.8
60653,60,Valescourt,3.6
60654,60,Vandélicourt,0.0
60655,60,Varesnes,7.9
60656,60,Varinfroy,4.5
60657,60,Vauchelles,11.1
60658,60,Vauciennes,7.7
60659,60,Vaudancourt,5.9
60660,60,Le Vaumain,0.0
60661,60,Vaumoise,1.2
60662,60,Le Vauroux,6.1
60663,60,Velennes,8.7
60664,60,Vendeuil-Caply,13.2
60665,60,Venette,10.4
60666,60,Ver-sur-Launette,4.2
60667,60,Verberie,10.9
60668,60,Verderel-lès-Sauqueuse,6.8
60669,60,Verderonne,6.7
60670,60,Verneuil-en-Halatte,5.7
60671,60,Versigny,8.6
60672,60,Vez,7.1
60673,60,Viefvillers,0.0
60674,60,Vieux-Moulin,6.9
60675,60,Vignemont,2.4
60676,60,Ville,6.7
60677,60,Villembray,8.7
60678,60,Villeneuve-les-Sablons,9.0
60679,60,La Villeneuve-sous-Thury,12.5
60680,60,Villeneuve-sur-Verberie,10.0
60681,60,Villers-Saint-Barthélemy,8.2
60682,60,Villers-Saint-Frambourg,5.1
60683,60,Villers-Saint-Genest,2.9
60684,60,Villers-Saint-Paul,10.9
60685,60,Villers-Saint-Sépulcre,5.6
60686,60,Villers-sous-Saint-Leu,4.5
60687,60,Villers-sur-Auchy,5.9
60688,60,Villers-sur-Bonnières,7.1
60689,60,Villers-sur-Coudun,4.5
60690,60,Villers-sur-Trie,6.7
60691,60,Villers-Vermont,7.7
60692,60,Villers-Vicomte,7.1
60693,60,Villeselve,6.1
60694,60,Villotran,3.8
60695,60,Vineuil-Saint-Firmin,9.6
60697,60,Vrocourt,0.0
60698,60,Wacquemoulin,0.0
60699,60,Wambez,0.0
60700,60,Warluis,6.1
60701,60,Wavignies,8.2
60702,60,Welles-Pérennes,9.1
60703,60,Aux Marais,6.8
62001,62,Ablain-Saint-Nazaire,6.8
62002,62,Ablainzevelle,0.0
62003,62,Acheville,4.1
62004,62,Achicourt,13.0
62005,62,Achiet-le-Grand,5.1
62006,62,Achiet-le-Petit,0.0
62007,62,Acq,1.5
62008,62,Acquin-Westbécourt,11.9
62009,62,Adinfer,0.0
62010,62,Affringues,5.0
62011,62,Agnez-lès-Duisans,7.8
62012,62,Agnières,8.7
62013,62,Agny,7.7
62014,62,Aire-sur-la-Lys,9.8
62015,62,Airon-Notre-Dame,0.0
62016,62,Airon-Saint-Vaast,6.7
62017,62,Aix-en-Ergny,7.1
62018,62,Aix-en-Issart,8.0
62019,62,Aix-Noulette,12.4
62020,62,Alembon,6.7
62021,62,Alette,5.9
62022,62,Alincthun,9.1
62023,62,Allouagne,5.0
62024,62,Alquines,6.0
62025,62,Ambleteuse,10.9
62026,62,Ambricourt,0.0
62027,62,Ambrines,9.5
62028,62,Ames,4.8
62029,62,Amettes,8.9
62030,62,Amplier,8.3
62031,62,Andres,7.1
62032,62,Angres,11.4
62033,62,Annay,12.4
62034,62,Annequin,11.4
62035,62,Annezin,7.8
62036,62,Anvin,11.2
62037,62,Anzin-Saint-Aubin,6.2
62038,62,Ardres,10.8
62039,62,Arleux-en-Gohelle,6.2
62040,62,Arques,11.5
62041,62,Arras,11.3
62042,62,Athies,8.3
62043,62,Les Attaques,4.8
62044,62,Attin,4.6
62045,62,Aubigny-en-Artois,10.5
62046,62,Aubin-Saint-Vaast,10.5
62047,62,Aubrometz,0.0
62048,62,Auchel,13.5
62049,62,Auchy-au-Bois,13.5
62050,62,Auchy-lès-Hesdin,11.6
62051,62,Auchy-les-Mines,11.2
62052,62,Audembert,5.4
62053,62,Audincthun,9.7
62054,62,Audinghen,6.5
62055,62,Audrehem,6.7
62056,62,Audresselles,9.7
62057,62,Audruicq,11.0
62058,62,Aumerval,10.5
62059,62,Autingues,14.3
62060,62,Auxi-le-Château,11.3
62061,62,Averdoingt,3.8
62062,62,Avesnes,0.0
62063,62,Avesnes-le-Comte,13.5
62064,62,Avesnes-lès-Bapaume,0.0
62065,62,Avion,13.0
62066,62,Avondance,33.3
62067,62,Avroult,4.2
62068,62,Ayette,5.9
62069,62,Azincourt,13.8
62070,62,Bailleul-aux-Cornailles,4.2
62071,62,Bailleul-lès-Pernes,3.1
62072,62,Bailleulmont,4.2
62073,62,Bailleul-Sir-Berthoult,6.7
62074,62,Bailleulval,16.7
62075,62,Baincthun,8.2
62076,62,Bainghen,0.0
62077,62,Bajus,3.2
62078,62,Balinghem,6.7
62079,62,Bancourt,0.0
62080,62,Bapaume,10.7
62081,62,Baralle,9.8
62082,62,Barastre,11.1
62083,62,Barlin,12.3
62084,62,Barly,4.5
62085,62,Basseux,0.0
62086,62,Bavincourt,8.8
62087,62,Bayenghem-lès-Éperlecques,4.3
62088,62,Bayenghem-lès-Seninghem,0.0
62089,62,Bazinghen,0.0
62090,62,Béalencourt,7.7
62091,62,Beaudricourt,0.0
62092,62,Beaufort-Blavincourt,6.8
62093,62,Beaulencourt,11.5
62094,62,Beaumerie-Saint-Martin,5.4
62095,62,Beaumetz-lès-Aire,4.3
62096,62,Beaumetz-lès-Cambrai,5.5
62097,62,Beaumetz-lès-Loges,15.3
62099,62,Beaurains,8.7
62100,62,Beaurainville,9.2
62101,62,Beauvois,20.0
62102,62,Bécourt,5.0
62103,62,Béhagnies,8.3
62104,62,Bellebrune,4.0
62105,62,Belle-et-Houllefort,6.7
62106,62,Bellonne,0.0
62107,62,Bénifontaine,5.6
62108,62,Berck,10.5
62109,62,Bergueneuse,13.0
62111,62,Berlencourt-le-Cauroy,10.0
62112,62,Berles-au-Bois,7.4
62113,62,Berles-Monchel,2.3
62114,62,Bermicourt,0.0
62115,62,Berneville,4.0
62116,62,Bernieulles,0.0
62117,62,Bertincourt,7.5
62118,62,Béthonsart,13.3
62119,62,Béthune,11.4
62120,62,Beugin,8.3
62121,62,Beugnâtre,0.0
62122,62,Beugny,3.4
62123,62,Beussent,7.3
62124,62,Beutin,21.4
62125,62,Beuvrequen,10.8
62126,62,Beuvry,9.3
62127,62,Bezinghem,0.0
62128,62,Biache-Saint-Vaast,8.4
62129,62,Biefvillers-lès-Bapaume,0.0
62130,62,Bienvillers-au-Bois,7.7
62131,62,Bihucourt,19.4
62132,62,Billy-Berclau,7.6
62133,62,Billy-Montigny,12.1
62134,62,Bimont,0.0
62135,62,Blairville,3.3
62137,62,Blangerval-Blangermont,0.0
62138,62,Blangy-sur-Ternoise,9.7
62139,62,Blendecques,10.9
62140,62,Bléquin,7.7
62141,62,Blessy,3.7
62142,62,Blingel,0.0
62143,62,Boffles,0.0
62144,62,Boiry-Becquerelle,7.7
62145,62,Boiry-Notre-Dame,6.5
62146,62,Boiry-Saint-Martin,3.6
62147,62,Boiry-Sainte-Rictrude,0.0
62148,62,Bois-Bernard,5.4
62149,62,Boisdinghem,0.0
62150,62,Boisjean,2.0
62151,62,Boisleux-au-Mont,10.9
62152,62,Boisleux-Saint-Marc,0.0
62153,62,Bomy,2.0
62154,62,Bonnières,6.2
62155,62,Bonningues-lès-Ardres,10.0
62156,62,Bonningues-lès-Calais,9.1
62157,62,Boubers-lès-Hesmond,14.3
62158,62,Boubers-sur-Canche,9.7
62160,62,Boulogne-sur-Mer,14.8
62161,62,Bouquehault,5.7
62162,62,Bourecq,7.4
62163,62,Bouret-sur-Canche,20.0
62164,62,Bourlon,5.0
62165,62,Bournonville,4.5
62166,62,Bours,7.1
62167,62,Boursin,13.6
62168,62,Bourthes,10.7
62169,62,Bouvelinghem,11.1
62170,62,Bouvigny-Boyeffles,8.1
62171,62,Boyaval,16.7
62172,62,Boyelles,3.6
62173,62,Brebières,8.9
62174,62,Brêmes,7.6
62175,62,Brévillers,0.0
62176,62,Bréxent-Énocq,4.9
62177,62,Brimeux,7.1
62178,62,Bruay-la-Buissière,11.7
62179,62,Brunembert,0.0
62180,62,Brias,0.0
62181,62,Bucquoy,9.7
62182,62,Buire-au-Bois,4.2
62183,62,Buire-le-Sec,14.9
62184,62,Buissy,8.3
62185,62,Bullecourt,4.0
62186,62,Bully-les-Mines,11.4
62187,62,Buneville,0.0
62188,62,Burbure,8.0
62189,62,Bus,10.0
62190,62,Busnes,3.2
62191,62,Caffiers,13.4
62192,62,Cagnicourt,17.1
62193,62,Calais,12.7
62194,62,Calonne-Ricouart,10.2
62195,62,Calonne-sur-la-Lys,7.4
62196,62,La Calotterie,3.2
62197,62,Camblain-Châtelain,8.0
62198,62,Cambligneul,3.0
62199,62,Camblain-l'Abbé,6.2
62200,62,Cambrin,7.4
62201,62,Camiers,7.6
62202,62,Campagne-lès-Boulonnais,1.9
62203,62,Campagne-lès-Guines,14.3
62204,62,Campagne-lès-Hesdin,6.1
62205,62,Campagne-lès-Wardrecques,1.9
62206,62,Campigneulles-les-Grandes,13.3
62207,62,Campigneulles-les-Petites,3.6
62208,62,Canettemont,0.0
62209,62,Canlers,5.9
62210,62,Canteleux,100.0
62211,62,Capelle-Fermont,0.0
62212,62,Capelle-lès-Hesdin,11.9
62213,62,Carency,6.9
62214,62,Carly,10.2
62215,62,Carvin,11.8
62216,62,La Cauchie,11.1
62217,62,Cauchy-à-la-Tour,10.0
62218,62,Caucourt,9.7
62219,62,Caumont,5.3
62220,62,Cavron-Saint-Martin,2.2
62221,62,Chelers,4.0
62222,62,Chériennes,5.9
62223,62,Chérisy,0.0
62224,62,Chocques,9.1
62225,62,Clairmarais,0.0
62226,62,Clarques,4.3
62227,62,Clenleu,0.0
62228,62,Clerques,0.0
62229,62,Cléty,3.1
62230,62,Colembert,5.7
62231,62,Colline-Beaumont,7.1
62232,62,La Comté,2.4
62233,62,Conchil-le-Temple,11.2
62234,62,Conchy-sur-Canche,12.5
62235,62,Condette,5.2
62236,62,Contes,2.8
62237,62,Conteville-lès-Boulogne,2.7
62238,62,Conteville-en-Ternois,12.5
62239,62,Coquelles,5.6
62240,62,Corbehem,6.7
62241,62,Cormont,0.0
62242,62,Couin,10.0
62243,62,Coullemont,0.0
62244,62,Coulogne,8.9
62245,62,Coulomby,6.8
62246,62,Coupelle-Neuve,5.9
62247,62,Coupelle-Vieille,7.3
62248,62,Courcelles-le-Comte,4.5
62249,62,Courcelles-lès-Lens,10.2
62250,62,Courrières,10.9
62251,62,Courset,2.4
62252,62,La Couture,6.4
62253,62,Couturelle,11.1
62254,62,Coyecques,8.6
62255,62,Crémarest,10.1
62256,62,Crépy,6.3
62257,62,Créquy,10.2
62258,62,Croisette,6.9
62259,62,Croisilles,3.3
62260,62,Croix-en-Ternois,7.1
62261,62,Cucq,7.1
62262,62,Cuinchy,4.3
62263,62,Dainville,8.7
62264,62,Dannes,10.5
62265,62,Delettes,2.8
62266,62,Denier,0.0
62267,62,Dennebrœucq,5.6
62268,62,Desvres,10.2
62269,62,Diéval,4.0
62270,62,Divion,10.5
62271,62,Dohem,6.8
62272,62,Douchy-lès-Ayette,9.4
62273,62,Doudeauville,4.3
62274,62,Dourges,11.0
62275,62,Douriez,3.9
62276,62,Douvrin,8.2
62277,62,Drocourt,6.9
62278,62,Drouvin-le-Marais,9.8
62279,62,Duisans,9.3
62280,62,Dury,9.1
62281,62,Echinghen,6.2
62282,62,Éclimeux,5.9
62283,62,Écoivres,10.0
62284,62,Écourt-Saint-Quentin,9.7
62285,62,Écoust-Saint-Mein,6.4
62286,62,Ecquedecques,10.2
62288,62,Ecques,8.3
62289,62,Écuires,2.6
62290,62,Écurie,10.8
62291,62,Éleu-dit-Leauwette,12.6
62292,62,Elnes,5.7
62293,62,Embry,12.5
62294,62,Enguinegatte,6.8
62295,62,Enquin-les-Mines,6.7
62296,62,Enquin-sur-Baillons,8.7
62297,62,Éperlecques,9.0
62298,62,Épinoy,2.0
62299,62,Eps,16.0
62300,62,Équihen-Plage,9.1
62301,62,Équirre,0.0
62302,62,Ergny,9.1
62303,62,Érin,5.3
62304,62,Erny-Saint-Julien,9.4
62306,62,Ervillers,13.8
62307,62,Escalles,0.0
62308,62,Escœuilles,2.5
62309,62,Esquerdes,9.8
62310,62,Essars,7.6
62311,62,Estevelles,8.2
62312,62,Estrée,0.0
62313,62,Estrée-Blanche,6.7
62314,62,Estrée-Cauchy,14.3
62315,62,Estréelles,3.1
62316,62,Estrée-Wamin,5.3
62317,62,Étaing,9.5
62318,62,Étaples,9.5
62319,62,Éterpigny,0.0
62320,62,Étrun,5.9
62321,62,Évin-Malmaison,7.8
62322,62,Famechon,0.0
62323,62,Fampoux,5.4
62324,62,Farbus,10.9
62325,62,Fauquembergues,9.8
62326,62,Favreuil,4.8
62327,62,Febvin-Palfart,5.5
62328,62,Ferfay,8.9
62329,62,Ferques,6.3
62330,62,Festubert,5.9
62331,62,Feuchy,5.4
62332,62,Ficheux,2.0
62333,62,Fiefs,8.3
62334,62,Fiennes,3.6
62335,62,Fillièvres,7.3
62336,62,Fléchin,4.2
62337,62,Flers,5.9
62338,62,Fleurbaix,5.5
62339,62,Fleury,0.0
62340,62,Floringhem,6.2
62341,62,Foncquevillers,14.3
62342,62,Fontaine-lès-Boulans,11.1
62343,62,Fontaine-lès-Croisilles,4.8
62344,62,Fontaine-lès-Hermans,9.1
62345,62,Fontaine-l'Étalon,8.3
62346,62,Fortel-en-Artois,0.0
62347,62,Fosseux,0.0
62348,62,Foufflin-Ricametz,0.0
62349,62,Fouquereuil,7.4
62350,62,Fouquières-lès-Béthune,8.2
62351,62,Fouquières-lès-Lens,10.7
62352,62,Framecourt,10.0
62353,62,Frémicourt,11.1
62354,62,Frencq,8.1
62355,62,Fresnes-lès-Montauban,12.8
62356,62,Fresnicourt-le-Dolmen,9.8
62357,62,Fresnoy,0.0
62358,62,Fresnoy-en-Gohelle,4.0
62359,62,Fressin,11.5
62360,62,Fréthun,6.9
62361,62,Frévent,13.2
62362,62,Frévillers,4.8
62363,62,Frévin-Capelle,5.3
62364,62,Fruges,11.5
62365,62,Galametz,9.5
62366,62,Gauchin-Légal,12.5
62367,62,Gauchin-Verloingt,7.7
62368,62,Gaudiempré,10.5
62369,62,Gavrelle,7.5
62370,62,Gennes-Ivergny,0.0
62371,62,Givenchy-en-Gohelle,8.5
62372,62,Givenchy-le-Noble,6.7
62373,62,Givenchy-lès-la-Bassée,10.5
62374,62,Gomiécourt,13.3
62375,62,Gommecourt,9.1
62376,62,Gonnehem,6.8
62377,62,Gosnay,9.3
62378,62,Gouves,0.0
62379,62,Gouy-en-Artois,2.7
62380,62,Gouy-Servins,2.9
62381,62,Gouy-en-Ternois,11.8
62382,62,Gouy-Saint-André,12.0
62383,62,Gouy-sous-Bellonne,7.5
62384,62,Graincourt-lès-Havrincourt,4.6
62385,62,Grand-Rullecourt,0.0
62386,62,Grenay,11.4
62387,62,Grévillers,8.3
62388,62,Grigny,9.4
62389,62,Grincourt-lès-Pas,0.0
62390,62,Groffliers,7.5
62391,62,Guarbecque,9.2
62392,62,Guémappe,11.4
62393,62,Guemps,1.1
62395,62,Guigny,0.0
62396,62,Guinecourt,0.0
62397,62,Guînes,9.8
62398,62,Guisy,4.5
62399,62,Habarcq,6.0
62400,62,Haillicourt,12.3
62401,62,Haisnes,8.0
62402,62,Halinghen,8.0
62403,62,Hallines,8.0
62404,62,Halloy,5.9
62405,62,Hamblain-les-Prés,10.6
62406,62,Hamelincourt,8.3
62407,62,Ham-en-Artois,6.2
62408,62,Hames-Boucres,7.7
62409,62,Hannescamps,5.6
62410,62,Haplincourt,5.3
62411,62,Haravesnes,0.0
62412,62,Hardinghen,5.6
62413,62,Harnes,10.1
62414,62,Haucourt,0.0
62415,62,Haute-Avesnes,12.2
62416,62,Hautecloque,0.0
62418,62,Hauteville,4.2
62419,62,Haut-Loquin,14.3
62421,62,Havrincourt,0.0
62422,62,Hébuterne,9.8
62423,62,Helfaut,5.2
62424,62,Hendecourt-lès-Cagnicourt,0.0
62425,62,Hendecourt-lès-Ransart,0.0
62426,62,Héninel,10.0
62427,62,Hénin-Beaumont,11.4
62428,62,Hénin-sur-Cojeul,17.4
62429,62,Henneveux,0.0
62430,62,Hénu,14.3
62431,62,Herbelles,6.1
62432,62,Herbinghen,0.0
62433,62,Héricourt,0.0
62434,62,La Herlière,6.7
62435,62,Herlincourt,10.0
62436,62,Herlin-le-Sec,0.0
62437,62,Herly,2.7
62438,62,Hermaville,4.0
62439,62,Hermelinghen,3.0
62440,62,Hermies,8.1
62441,62,Hermin,10.0
62442,62,Hernicourt,6.3
62443,62,Hersin-Coupigny,10.7
62444,62,Hervelinghen,5.3
62445,62,Hesdigneul-lès-Béthune,11.4
62446,62,Hesdigneul-lès-Boulogne,9.7
62447,62,Hesdin,10.7
62448,62,Hesdin-l'Abbé,2.9
62449,62,Hesmond,17.6
62450,62,Hestrus,0.0
62451,62,Heuchin,7.0
62452,62,Heuringhem,8.7
62453,62,Hézecques,10.0
62454,62,Hinges,9.0
62455,62,Hocquinghen,0.0
62456,62,Houchin,7.4
62457,62,Houdain,10.7
62458,62,Houlle,7.7
62459,62,Houvin-Houvigneul,8.0
62460,62,Hubersent,4.0
62461,62,Huby-Saint-Leu,6.3
62462,62,Huclier,12.5
62463,62,Hucqueliers,3.9
62464,62,Hulluch,7.6
62465,62,Humbercamps,12.0
62466,62,Humbert,13.6
62467,62,Humerœuille,18.7
62468,62,Humières,11.1
62469,62,Inchy-en-Artois,8.3
62470,62,Incourt,0.0
62471,62,Inghem,8.1
62472,62,Inxent,5.3
62473,62,Isbergues,9.0
62474,62,Isques,4.5
62475,62,Ivergny,4.3
62476,62,Izel-lès-Équerchin,5.4
62477,62,Izel-lès-Hameau,4.5
62478,62,Journy,0.0
62479,62,Labeuvrière,11.5
62480,62,Labourse,7.8
62481,62,Labroye,0.0
62483,62,Lacres,18.2
62484,62,Lagnicourt-Marcel,6.5
62485,62,Laires,9.1
62486,62,Lambres,7.7
62487,62,Landrethun-le-Nord,7.5
62488,62,Landrethun-lès-Ardres,1.5
62489,62,Lapugnoy,6.7
62490,62,Lattre-Saint-Quentin,0.0
62491,62,Laventie,7.4
62492,62,Lebiez,4.2
62493,62,Lebucquière,3.8
62494,62,Léchelle,0.0
62495,62,Ledinghem,11.1
62496,62,Lefaux,5.6
62497,62,Leforest,9.2
62498,62,Lens,12.3
62499,62,Lépine,0.0
62500,62,Lespesses,4.9
62501,62,Lespinoy,4.8
62502,62,Lestrem,5.8
62503,62,Leubringhen,7.1
62504,62,Leulinghem,0.0
62505,62,Leulinghen-Bernes,2.8
62506,62,Licques,5.9
62507,62,Liencourt,11.5
62508,62,Lières,8.8
62509,62,Liettres,8.0
62510,62,Liévin,13.0
62511,62,Lignereuil,16.7
62512,62,Ligny-lès-Aire,7.1
62513,62,Ligny-sur-Canche,0.0
62514,62,Ligny-Saint-Flochel,4.0
62515,62,Ligny-Thilloy,1.8
62516,62,Lillers,11.0
62517,62,Linghem,14.3
62518,62,Linzeux,0.0
62519,62,Lisbourg,8.3
62520,62,Locon,3.5
62521,62,La Loge,15.0
62522,62,Loison-sur-Créquoise,7.7
62523,62,Loison-sous-Lens,12.0
62524,62,Longfossé,8.0
62525,62,Longuenesse,12.6
62526,62,Longueville,10.0
62527,62,Longvilliers,12.5
62528,62,Loos-en-Gohelle,10.9
62529,62,Lorgies,5.0
62530,62,Lottinghen,4.1
62531,62,Louches,7.0
62532,62,Lozinghem,7.0
62533,62,Lugy,9.1
62534,62,Lumbres,11.6
62535,62,La Madelaine-sous-Montreuil,0.0
62536,62,Magnicourt-en-Comte,6.3
62537,62,Magnicourt-sur-Canche,10.0
62538,62,Maintenay,4.7
62539,62,Maisnil,12.5
62540,62,Maisnil-lès-Ruitz,10.4
62541,62,Maisoncelle,0.0
62542,62,Maizières,5.9
62543,62,Mametz,6.0
62544,62,Manin,5.6
62545,62,Maninghem,15.4
62546,62,Maninghen-Henne,3.3
62547,62,Marant,22.2
62548,62,Marck,8.6
62549,62,Marconne,5.6
62550,62,Marconnelle,13.1
62551,62,Marenla,3.8
62552,62,Maresquel-Ecquemicourt,12.7
62553,62,Marest,7.1
62554,62,Maresville,0.0
62555,62,Marles-les-Mines,10.1
62556,62,Marles-sur-Canche,3.4
62557,62,Marœuil,4.3
62558,62,Marquay,6.3
62559,62,Marquion,15.8
62560,62,Marquise,11.3
62561,62,Martinpuich,15.0
62562,62,Matringhem,11.1
62563,62,Mazingarbe,9.0
62564,62,Mazinghem,2.5
62565,62,Mencas,14.7
62566,62,Menneville,4.0
62567,62,Mentque-Nortbécourt,4.1
62568,62,Mercatel,0.0
62569,62,Merck-Saint-Liévin,3.1
62570,62,Méricourt,12.2
62571,62,Merlimont,7.3
62572,62,Metz-en-Couture,9.8
62573,62,Meurchin,10.4
62574,62,Mingoval,4.8
62576,62,Moncheaux-lès-Frévent,7.7
62577,62,Monchel-sur-Canche,0.0
62578,62,Monchiet,0.0
62579,62,Monchy-au-Bois,4.2
62580,62,Monchy-Breton,5.0
62581,62,Monchy-Cayeux,3.2
62582,62,Monchy-le-Preux,6.3
62583,62,Mondicourt,11.9
62584,62,Mont-Bernanchon,3.9
62585,62,Montcavrel,3.2
62586,62,Montenescourt,11.1
62587,62,Montigny-en-Gohelle,11.2
62588,62,Montreuil,11.5
62589,62,Mont-Saint-Éloi,2.4
62590,62,Monts-en-Ternois,0.0
62591,62,Morchies,15.8
62592,62,Moringhem,2.2
62593,62,Morval,0.0
62594,62,Mory,9.1
62595,62,Moulle,7.3
62596,62,Mouriez,4.3
62597,62,Moyenneville,13.0
62598,62,Muncq-Nieurlet,4.8
62599,62,Nabringhen,0.0
62600,62,Nédon,6.3
62601,62,Nédonchel,7.1
62602,62,Nempont-Saint-Firmin,0.0
62603,62,Nesles,7.6
62604,62,Neufchâtel-Hardelot,10.0
62605,62,Neulette,0.0
62606,62,Neuve-Chapelle,5.9
62607,62,Neuville-au-Cornet,14.3
62608,62,Neuville-Bourjonval,0.0
62609,62,Neuville-Saint-Vaast,4.8
62610,62,Neuville-sous-Montreuil,6.9
62611,62,Neuville-Vitasse,6.3
62612,62,Neuvireuil,0.0
62613,62,Nielles-lès-Bléquin,4.3
62614,62,Nielles-lès-Ardres,5.3
62615,62,Nielles-lès-Calais,0.0
62616,62,Nœux-lès-Auxi,12.5
62617,62,Nœux-les-Mines,10.3
62618,62,Nordausques,4.2
62619,62,Noreuil,0.0
62620,62,Norrent-Fontes,9.0
62621,62,Nortkerque,8.1
62622,62,Nort-Leulinghem,5.3
62623,62,Nouvelle-Église,8.3
62624,62,Noyelles-Godault,10.8
62625,62,Noyelles-lès-Humières,0.0
62626,62,Noyelles-lès-Vermelles,7.7
62627,62,Noyelles-sous-Bellonne,4.3
62628,62,Noyelles-sous-Lens,10.6
62629,62,Noyellette,0.0
62630,62,Noyelle-Vion,7.7
62631,62,Nuncq-Hautecôte,5.3
62632,62,Oblinghem,17.4
62633,62,Œuf-en-Ternois,4.0
62634,62,Offekerque,5.2
62635,62,Offin,5.9
62636,62,Offrethun,0.0
62637,62,Oignies,11.2
62638,62,Oisy-le-Verger,4.1
62639,62,Oppy,10.8
62640,62,Orville,2.8
62641,62,Ostreville,12.5
62642,62,Ourton,4.1
62643,62,Outreau,10.4
62644,62,Ouve-Wirquin,10.0
62645,62,Oye-Plage,7.1
62646,62,Palluel,3.6
62647,62,Le Parcq,14.3
62648,62,Parenty,6.5
62649,62,Pas-en-Artois,7.0
62650,62,Pelves,11.1
62651,62,Penin,9.5
62652,62,Pernes,10.8
62653,62,Pernes-lès-Boulogne,8.5
62654,62,Peuplingues,7.4
62655,62,Pierremont,10.3
62656,62,Pihem,4.5
62657,62,Pihen-lès-Guînes,4.5
62658,62,Pittefaux,0.0
62659,62,Planques,9.1
62660,62,Plouvain,8.3
62661,62,Bouin-Plumoison,0.0
62662,62,Polincove,1.4
62663,62,Pommera,6.7
62664,62,Pommier,5.0
62665,62,Le Ponchel,10.5
62666,62,Pont-à-Vendin,8.5
62667,62,Le Portel,15.1
62668,62,Prédefin,0.0
62669,62,Pressy,0.0
62670,62,Preures,2.1
62671,62,Pronville,9.4
62672,62,Puisieux,14.3
62673,62,Quéant,3.5
62674,62,Quelmes,0.0
62675,62,Quercamps,8.0
62676,62,Quernes,6.8
62677,62,Le Quesnoy-en-Artois,5.6
62678,62,Quesques,3.5
62679,62,Questrecques,6.5
62680,62,Quiéry-la-Motte,2.8
62681,62,Quiestède,11.1
62682,62,Quilen,0.0
62683,62,Quœux-Haut-Maînil,0.0
62684,62,Racquinghem,8.7
62685,62,Radinghem,8.7
62686,62,Ramecourt,0.0
62688,62,Rang-du-Fliers,7.8
62689,62,Ransart,7.9
62690,62,Raye-sur-Authie,8.3
62691,62,Rebecques,0.0
62692,62,Rebergues,4.5
62693,62,Rebreuve-Ranchicourt,8.0
62694,62,Rebreuve-sur-Canche,0.0
62695,62,Rebreuviette,7.7
62696,62,Reclinghem,0.0
62697,62,Récourt,4.8
62698,62,Recques-sur-Course,3.4
62699,62,Recques-sur-Hem,3.6
62700,62,Regnauville,11.8
62701,62,Rely,5.6
62702,62,Remilly-Wirquin,2.9
62703,62,Rémy,0.0
62704,62,Renty,13.8
62705,62,Rety,9.0
62706,62,Richebourg,7.8
62708,62,Riencourt-lès-Bapaume,0.0
62709,62,Riencourt-lès-Cagnicourt,0.0
62710,62,Rimboval,0.0
62711,62,Rinxent,9.1
62712,62,Rivière,3.4
62713,62,Robecq,12.4
62714,62,Roclincourt,2.5
62715,62,Rocquigny,3.4
62716,62,Rodelinghem,2.0
62717,62,Roëllecourt,7.3
62718,62,Rœux,6.2
62719,62,Rollancourt,4.5
62720,62,Rombly,25.0
62721,62,Roquetoire,3.4
62722,62,Rougefay,12.5
62723,62,Roussent,0.0
62724,62,Rouvroy,10.1
62725,62,Royon,0.0
62726,62,Ruisseauville,10.5
62727,62,Ruitz,6.0
62728,62,Rumaucourt,3.9
62729,62,Rumilly,4.2
62730,62,Ruminghem,9.6
62731,62,Ruyaulcourt,2.9
62732,62,Sachin,3.6
62733,62,Sailly-au-Bois,10.7
62734,62,Sailly-en-Ostrevent,7.4
62735,62,Sailly-Labourse,11.2
62736,62,Sailly-sur-la-Lys,7.0
62737,62,Sains-en-Gohelle,9.6
62738,62,Sains-lès-Fressin,13.3
62739,62,Sains-lès-Marquion,9.1
62740,62,Sains-lès-Pernes,0.0
62741,62,Saint-Amand,0.0
62742,62,Saint-Aubin,21.7
62743,62,Sainte-Austreberthe,9.1
62744,62,Sainte-Catherine,7.7
62745,62,Saint-Denœux,13.3
62746,62,Saint-Étienne-au-Mont,8.5
62747,62,Saint-Floris,0.0
62748,62,Saint-Folquin,4.3
62749,62,Saint-Georges,6.1
62750,62,Saint-Hilaire-Cottes,9.0
62751,62,Saint-Inglevert,1.6
62752,62,Saint-Josse,5.5
62753,62,Saint-Laurent-Blangy,11.5
62754,62,Saint-Léger,8.3
62755,62,Saint-Léonard,7.2
62756,62,Sainte-Marie-Kerque,3.6
62757,62,Saint-Martin-au-Laërt,9.8
62758,62,Saint-Martin-Boulogne,8.9
62759,62,Saint-Martin-Choquel,5.0
62760,62,Saint-Martin-d'Hardinghem,3.1
62761,62,Saint-Martin-sur-Cojeul,0.0
62762,62,Saint-Michel-sous-Bois,0.0
62763,62,Saint-Michel-sur-Ternoise,9.4
62764,62,Saint-Nicolas,11.6
62765,62,Saint-Omer,11.6
62766,62,Saint-Omer-Capelle,6.6
62767,62,Saint-Pol-sur-Ternoise,12.0
62768,62,Saint-Rémy-au-Bois,11.1
62769,62,Saint-Tricat,6.7
62770,62,Saint-Venant,8.0
62771,62,Sallaumines,12.9
62772,62,Salperwick,6.7
62773,62,Samer,10.1
62774,62,Sangatte,10.0
62775,62,Sanghen,23.1
62776,62,Sapignies,6.7
62777,62,Le Sars,0.0
62778,62,Sars-le-Bois,0.0
62779,62,Sarton,5.6
62780,62,Sauchy-Cauchy,8.3
62781,62,Sauchy-Lestrée,2.1
62782,62,Saudemont,4.5
62783,62,Saulchoy,10.0
62784,62,Saulty,10.0
62785,62,Savy-Berlette,8.3
62786,62,Selles,3.3
62787,62,Sempy,13.6
62788,62,Seninghem,4.0
62789,62,Senlecques,21.7
62790,62,Senlis,11.1
62791,62,Séricourt,0.0
62792,62,Serques,2.7
62793,62,Servins,4.6
62794,62,Setques,6.5
62795,62,Sibiville,9.1
62796,62,Simencourt,2.2
62797,62,Siracourt,13.0
62798,62,Sombrin,8.3
62799,62,Sorrus,11.9
62800,62,Souastre,5.9
62801,62,Souchez,8.5
62802,62,Le Souich,17.6
62803,62,Surques,11.3
62804,62,Sus-Saint-Léger,3.0
62805,62,Tangry,4.2
62806,62,Tardinghen,6.2
62807,62,Tatinghem,6.0
62808,62,Teneur,11.1
62809,62,Ternas,7.7
62810,62,Thélus,7.9
62811,62,Thérouanne,5.1
62812,62,Thiembronne,3.9
62813,62,La Thieuloye,6.7
62814,62,Thièvres,10.0
62815,62,Tigny-Noyelle,0.0
62816,62,Tilloy-lès-Hermaville,5.3
62817,62,Tilloy-lès-Mofflaines,10.2
62818,62,Tilly-Capelle,7.1
62819,62,Tilques,8.9
62820,62,Tincques,11.9
62821,62,Tingry,3.6
62822,62,Tollent,11.1
62823,62,Torcy,0.0
62824,62,Tortefontaine,3.8
62825,62,Tortequesne,11.4
62826,62,Le Touquet-Paris-Plage,6.4
62827,62,Tournehem-sur-la-Hem,16.5
62828,62,Tramecourt,0.0
62829,62,Le Transloy,14.3
62830,62,Trescault,0.0
62831,62,Troisvaux,0.0
62832,62,Tubersent,2.1
62833,62,Vacquerie-le-Boucq,0.0
62834,62,Vacqueriette-Erquières,0.0
62835,62,Valhuon,8.9
62836,62,Vaudricourt,2.2
62837,62,Vaudringhem,2.7
62838,62,Vaulx,14.3
62839,62,Vaulx-Vraucourt,7.4
62840,62,Vélu,6.7
62841,62,Vendin-lès-Béthune,7.7
62842,62,Vendin-le-Vieil,9.0
62843,62,Verchin,0.0
62844,62,Verchocq,8.2
62845,62,Verlincthun,5.7
62846,62,Vermelles,8.9
62847,62,Verquigneul,11.2
62848,62,Verquin,7.5
62849,62,Verton,8.8
62850,62,Vieil-Hesdin,2.5
62851,62,Vieille-Chapelle,7.4
62852,62,Vieille-Église,5.8
62853,62,Vieil-Moutier,3.3
62854,62,Villers-au-Bois,12.5
62855,62,Villers-au-Flos,4.5
62856,62,Villers-Brûlin,17.2
62857,62,Villers-Châtel,0.0
62858,62,Villers-lès-Cagnicourt,15.8
62859,62,Villers-l'Hôpital,3.7
62860,62,Villers-Sir-Simon,15.4
62861,62,Vimy,7.6
62862,62,Vincly,6.2
62863,62,Violaines,9.0
62864,62,Vis-en-Artois,5.7
62865,62,Vitry-en-Artois,5.8
62866,62,Waben,4.8
62867,62,Wacquinghen,0.0
62868,62,Wail,8.6
62869,62,Wailly,4.7
62870,62,Wailly-Beaucamp,7.9
62871,62,Wambercourt,4.2
62872,62,Wamin,0.0
62873,62,Wancourt,6.7
62874,62,Wanquetin,7.2
62875,62,Wardrecques,2.9
62876,62,Warlencourt-Eaucourt,0.0
62877,62,Warlincourt-lès-Pas,10.5
62878,62,Warlus,5.1
62879,62,Warluzel,5.9
62880,62,Le Wast,0.0
62881,62,Beauvoir-Wavans,7.0
62882,62,Wavrans-sur-l'Aa,3.0
62883,62,Wavrans-sur-Ternoise,0.0
62885,62,Westrehem,4.8
62886,62,Wicquinghem,4.3
62887,62,Widehem,5.3
62888,62,Wierre-au-Bois,8.7
62889,62,Wierre-Effroy,2.7
62890,62,Willeman,10.0
62891,62,Willencourt,0.0
62892,62,Willerval,4.8
62893,62,Wimereux,9.4
62894,62,Wimille,9.6
62895,62,Wingles,9.5
62896,62,Wirwignes,12.1
62897,62,Wismes,6.0
62898,62,Wisques,13.3
62899,62,Wissant,9.9
62900,62,Witternesse,10.9
62901,62,Wittes,6.3
62902,62,Wizernes,9.5
62903,62,Zoteux,8.3
62904,62,Zouafques,10.3
62905,62,Zudausques,9.5
62906,62,Zutkerque,8.0
62907,62,Libercourt,13.3
62908,62,La Capelle-lès-Boulogne,9.0
62909,62,Ytres,10.0
80001,80,Abbeville,12.2
80002,80,Ablaincourt-Pressoir,20.8
80003,80,Acheux-en-Amiénois,7.5
80004,80,Acheux-en-Vimeu,5.6
80005,80,Agenville,0.0
80006,80,Agenvillers,10.0
80008,80,Aigneville,7.8
80009,80,Ailly-le-Haut-Clocher,9.1
80010,80,Ailly-sur-Noye,8.5
80011,80,Ailly-sur-Somme,8.5
80013,80,Airaines,12.6
80014,80,Aizecourt-le-Bas,0.0
80015,80,Aizecourt-le-Haut,22.2
80016,80,Albert,11.8
80017,80,Allaines,2.3
80018,80,Allenay,11.1
80019,80,Allery,3.7
80020,80,Allonville,7.0
80021,80,Amiens,11.6
80022,80,Andainville,8.7
80023,80,Andechy,5.0
80024,80,Argœuves,6.8
80025,80,Argoules,11.5
80026,80,Arguel,0.0
80027,80,Armancourt,0.0
80028,80,Arquèves,26.7
80029,80,Arrest,11.2
80030,80,Arry,5.3
80031,80,Arvillers,10.3
80032,80,Assainvillers,9.1
80033,80,Assevillers,6.9
80034,80,Athies,3.3
80035,80,Aubercourt,16.7
80036,80,Aubigny,8.3
80037,80,Aubvillers,7.7
80038,80,Auchonvillers,8.3
80039,80,Ault,11.2
80040,80,Aumâtre,15.0
80041,80,Aumont,7.7
80042,80,Autheux,0.0
80043,80,Authie,9.5
80044,80,Authieule,6.3
80045,80,Authuille,11.8
80046,80,Avelesges,0.0
80047,80,Aveluy,2.3
80048,80,Avesnes-Chaussoy,0.0
80049,80,Ayencourt,5.3
80050,80,Bacouel-sur-Selle,7.0
80051,80,Bailleul,0.0
80052,80,Baizieux,5.6
80053,80,Balâtre,12.5
80054,80,Barleux,13.6
80055,80,Barly,5.6
80056,80,Bavelincourt,9.1
80057,80,Bayencourt,0.0
80058,80,Bayonvillers,2.9
80059,80,Bazentin,14.3
80060,80,Béalcourt,0.0
80061,80,Beaucamps-le-Jeune,13.6
80062,80,Beaucamps-le-Vieux,6.8
80063,80,Beauchamps,3.7
80064,80,Beaucourt-en-Santerre,6.3
80065,80,Beaucourt-sur-l'Ancre,14.3
80066,80,Beaucourt-sur-l'Hallue,7.7
80067,80,Beaufort-en-Santerre,0.0
80068,80,Beaumetz,0.0
80069,80,Beaumont-Hamel,10.5
80070,80,Beauquesne,7.7
80071,80,Beauval,9.5
80073,80,Bécordel-Bécourt,0.0
80074,80,Becquigny,0.0
80076,80,Béhen,6.1
80077,80,Béhencourt,9.1
80078,80,Bellancourt,3.8
80079,80,Belleuse,3.0
80080,80,Belloy-en-Santerre,12.5
80081,80,Belloy-Saint-Léonard,11.1
80082,80,Belloy-sur-Somme,10.0
80083,80,Bergicourt,6.3
80084,80,Bermesnil,8.7
80085,80,Bernâtre,0.0
80086,80,Bernaville,3.7
80087,80,Bernay-en-Ponthieu,8.7
80088,80,Bernes,9.4
80089,80,Berneuil,8.0
80090,80,Berny-en-Santerre,8.3
80092,80,Bertangles,7.9
80093,80,Berteaucourt-les-Dames,9.3
80094,80,Berteaucourt-lès-Thennes,4.5
80095,80,Bertrancourt,10.5
80096,80,Béthencourt-sur-Mer,7.9
80097,80,Béthencourt-sur-Somme,0.0
80098,80,Bettembos,10.0
80099,80,Bettencourt-Rivière,4.8
80100,80,Bettencourt-Saint-Ouen,3.8
80101,80,Beuvraignes,4.7
80102,80,Biaches,4.8
80103,80,Biarre,0.0
80104,80,Biencourt,0.0
80105,80,Billancourt,7.1
80106,80,Blangy-sous-Poix,5.3
80107,80,Blangy-Tronville,7.5
80108,80,Boisbergues,25.0
80109,80,Le Boisle,7.0
80110,80,Boismont,11.3
80112,80,Bonnay,4.8
80113,80,Bonneville,6.1
80114,80,Bosquel,6.9
80115,80,Bouchavesnes-Bergen,3.2
80116,80,Bouchoir,3.8
80117,80,Bouchon,20.0
80118,80,Boufflers,0.0
80119,80,Bougainville,4.4
80120,80,Bouillancourt-en-Séry,1.8
80121,80,Bouillancourt-la-Bataille,21.4
80122,80,Bouquemaison,8.0
80123,80,Bourdon,11.1
80124,80,Bourseville,6.1
80125,80,Boussicourt,14.3
80126,80,Bouttencourt,3.8
80127,80,Bouvaincourt-sur-Bresle,7.6
80128,80,Bouvincourt-en-Vermandois,0.0
80129,80,Bouzincourt,4.5
80130,80,Bovelles,5.9
80131,80,Boves,7.9
80132,80,Braches,0.0
80133,80,Brailly-Cornehotte,8.3
80134,80,Brassy,0.0
80135,80,Bray-lès-Mareuil,10.5
80136,80,Bray-sur-Somme,10.1
80137,80,Breilly,2.3
80138,80,Bresle,22.2
80139,80,Breuil,0.0
80140,80,Brévillers,11.1
80141,80,Brie,8.3
80142,80,Briquemesnil-Floxicourt,5.6
80143,80,Brocourt,28.6
80144,80,Brouchy,4.4
80145,80,Brucamps,0.0
80146,80,Brutelles,0.0
80147,80,Buigny-l'Abbé,3.0
80148,80,Buigny-lès-Gamaches,11.5
80149,80,Buigny-Saint-Maclou,11.3
80150,80,Buire-Courcelles,4.3
80151,80,Buire-sur-l'Ancre,3.0
80152,80,Bus-la-Mésière,0.0
80153,80,Bus-lès-Artois,0.0
80154,80,Bussu,5.6
80155,80,Bussus-Bussuel,0.0
80156,80,Bussy-lès-Daours,5.9
80157,80,Bussy-lès-Poix,0.0
80158,80,Buverchy,0.0
80159,80,Cachy,8.7
80160,80,Cagny,2.5
80161,80,Cahon,0.0
80162,80,Caix,1.8
80163,80,Cambron,6.5
80164,80,Camon,11.0
80165,80,Camps-en-Amiénois,11.1
80166,80,Canaples,6.7
80167,80,Canchy,15.6
80168,80,Candas,4.0
80169,80,Cannessières,10.0
80170,80,Cantigny,9.1
80171,80,Caours,4.8
80172,80,Cappy,8.6
80173,80,Cardonnette,4.3
80174,80,Le Cardonnois,16.7
80175,80,Carnoy,0.0
80176,80,Carrépuis,7.4
80177,80,Cartigny,7.1
80179,80,Caulières,5.9
80180,80,Cavillon,0.0
80181,80,Cayeux-en-Santerre,16.7
80182,80,Cayeux-sur-Mer,8.8
80183,80,Cerisy-Buleux,3.8
80184,80,Cerisy,9.1
80185,80,Champien,11.5
80186,80,Chaulnes,14.1
80187,80,La Chaussée-Tirancourt,4.4
80188,80,Chaussoy-Epagny,10.9
80189,80,La Chavatte,0.0
80190,80,Chépy,10.3
80191,80,Chilly,6.7
80192,80,Chipilly,6.7
80193,80,Chirmont,0.0
80194,80,Chuignes,7.1
80195,80,Chuignolles,17.6
80196,80,Citerne,3.8
80197,80,Cizancourt,0.0
80198,80,Clairy-Saulchoix,12.6
80199,80,Cléry-sur-Somme,11.4
80200,80,Cocquerel,4.8
80201,80,Coigneux,0.0
80202,80,Coisy,7.1
80203,80,Colincamps,0.0
80204,80,Combles,10.1
80205,80,Condé-Folie,7.6
80206,80,Contalmaison,18.2
80207,80,Contay,2.9
80208,80,Conteville,4.8
80209,80,Contoire,11.4
80210,80,Contre,8.3
80211,80,Conty,7.2
80212,80,Corbie,13.0
80213,80,Cottenchy,0.0
80214,80,Coullemelle,0.0
80215,80,Coulonvillers,0.0
80216,80,Courcelette,6.3
80217,80,Courcelles-au-Bois,0.0
80218,80,Courcelles-sous-Moyencourt,15.4
80219,80,Courcelles-sous-Thoix,0.0
80220,80,Courtemanche,9.1
80221,80,Cramont,6.9
80222,80,Crécy-en-Ponthieu,5.8
80223,80,Crémery,0.0
80224,80,Cressy-Omencourt,7.7
80225,80,Creuse,0.0
80226,80,Croix-Moligneaux,3.3
80227,80,Croixrault,12.1
80228,80,Le Crotoy,8.4
80229,80,Crouy-Saint-Pierre,9.1
80230,80,Curchy,0.0
80231,80,Curlu,0.0
80232,80,Damery,12.5
80233,80,Dancourt-Popincourt,7.1
80234,80,Daours,8.0
80235,80,Dargnies,13.3
80236,80,Davenescourt,5.8
80237,80,Démuin,16.0
80238,80,Dernancourt,2.1
80239,80,Devise,0.0
80240,80,Doingt,7.1
80241,80,Domart-en-Ponthieu,11.6
80242,80,Domart-sur-la-Luce,2.3
80243,80,Domesmont,0.0
80244,80,Dominois,0.0
80245,80,Domléger-Longvillers,6.9
80246,80,Dommartin,16.2
80247,80,Dompierre-Becquincourt,5.8
80248,80,Dompierre-sur-Authie,4.7
80249,80,Domqueur,6.9
80250,80,Domvast,8.3
80251,80,Doudelainville,0.0
80252,80,Douilly,4.2
80253,80,Doullens,14.3
80256,80,Dreuil-lès-Amiens,9.0
80258,80,Driencourt,0.0
80259,80,Dromesnil,16.7
80260,80,Drucat,4.6
80261,80,Dury,7.6
80262,80,Eaucourt-sur-Somme,7.5
80263,80,L'Échelle-Saint-Aurin,20.0
80264,80,Éclusier-Vaux,18.2
80265,80,Embreville,5.1
80266,80,Englebelmer,0.0
80267,80,Ennemain,4.5
80268,80,Épagne-Épagnette,3.4
80269,80,Épaumesnil,0.0
80270,80,Épécamps,0.0
80271,80,Épehy,5.3
80272,80,Épénancourt,7.7
80273,80,Éplessier,5.6
80274,80,Eppeville,11.3
80275,80,Équancourt,12.9
80276,80,Équennes-Éramecourt,3.7
80278,80,Erches,17.6
80279,80,Ercheu,7.1
80280,80,Ercourt,0.0
80281,80,Ergnies,12.5
80282,80,Érondelle,4.3
80283,80,Esclainvillers,0.0
80284,80,Esmery-Hallon,1.6
80285,80,Essertaux,15.0
80287,80,Estrébœuf,4.0
80288,80,Estrées-Deniécourt,10.0
80290,80,Estrées-lès-Crécy,10.3
80291,80,Estrées-sur-Noye,3.6
80292,80,Étalon,0.0
80293,80,Ételfay,2.6
80294,80,Éterpigny,14.3
80295,80,Étinehem,2.8
80296,80,L'Étoile,10.0
80297,80,Étréjust,0.0
80298,80,Étricourt-Manancourt,7.2
80299,80,La Faloise,8.7
80300,80,Falvy,0.0
80301,80,Famechon,0.0
80302,80,Faverolles,8.3
80303,80,Favières,5.1
80304,80,Fay,0.0
80305,80,Ferrières,2.1
80306,80,Fescamps,7.1
80307,80,Feuillères,0.0
80308,80,Feuquières-en-Vimeu,7.5
80310,80,Fienvillers,8.1
80311,80,Fignières,6.7
80312,80,Fins,0.0
80313,80,Flaucourt,10.0
80314,80,Flers,5.3
80315,80,Flers-sur-Noye,5.3
80316,80,Flesselles,7.0
80317,80,Fleury,0.0
80318,80,Flixecourt,10.8
80319,80,Fluy,6.1
80320,80,Folies,28.6
80321,80,Folleville,0.0
80322,80,Fonches-Fonchette,0.0
80324,80,Fontaine-le-Sec,0.0
80325,80,Fontaine-lès-Cappy,25.0
80326,80,Fontaine-sous-Montdidier,0.0
80327,80,Fontaine-sur-Maye,6.7
80328,80,Fontaine-sur-Somme,1.7
80329,80,Forceville,17.6
80330,80,Forceville-en-Vimeu,3.8
80331,80,Forest-l'Abbaye,6.5
80332,80,Forest-Montiers,12.1
80333,80,Fort-Mahon-Plage,7.5
80334,80,Fossemanant,16.7
80335,80,Foucaucourt-en-Santerre,0.0
80336,80,Foucaucourt-Hors-Nesle,14.3
80337,80,Fouencamps,4.5
80338,80,Fouilloy,6.6
80339,80,Fouquescourt,0.0
80340,80,Fourcigny,0.0
80341,80,Fourdrinoy,3.3
80342,80,Framerville-Rainecourt,7.0
80343,80,Framicourt,0.0
80344,80,Francières,0.0
80345,80,Franleu,5.8
80346,80,Franqueville,0.0
80347,80,Fransart,7.1
80348,80,Fransu,0.0
80349,80,Fransures,7.7
80350,80,Franvillers,2.0
80351,80,Fréchencourt,4.0
80352,80,Frémontiers,21.4
80353,80,Fresnes-Mazancourt,0.0
80354,80,Fresnes-Tilloloy,0.0
80355,80,Fresneville,0.0
80356,80,Fresnoy-Andainville,0.0
80357,80,Fresnoy-au-Val,4.0
80358,80,Fresnoy-en-Chaussée,0.0
80359,80,Fresnoy-lès-Roye,3.6
80360,80,Fressenneville,6.8
80361,80,Frettecuisse,0.0
80362,80,Frettemeule,13.8
80364,80,Friaucourt,6.3
80365,80,Fricamps,0.0
80366,80,Fricourt,2.0
80367,80,Frise,10.0
80368,80,Friville-Escarbotin,9.7
80369,80,Frohen-sur-Authie,0.0
80371,80,Froyelles,10.0
80372,80,Frucourt,10.0
80373,80,Gamaches,10.8
80374,80,Gapennes,7.7
80375,80,Gauville,6.9
80376,80,Gentelles,7.4
80377,80,Gézaincourt,5.3
80378,80,Ginchy,0.0
80379,80,Glisy,5.8
80380,80,Gorenflos,4.3
80381,80,Gorges,0.0
80383,80,Goyencourt,0.0
80384,80,Grandcourt,0.0
80385,80,Grand-Laviers,0.0
80386,80,Gratibus,6.3
80387,80,Grattepanche,3.4
80388,80,Grébault-Mesnil,5.3
80389,80,Grécourt,0.0
80390,80,Grivesnes,2.8
80391,80,Grivillers,14.3
80392,80,Grouches-Luchuel,7.0
80393,80,Gruny,13.3
80395,80,Guerbigny,13.0
80396,80,Gueschart,2.9
80397,80,Gueudecourt,9.1
80399,80,Guignemicourt,4.2
80400,80,Guillaucourt,2.7
80401,80,Guillemont,0.0
80402,80,Guizancourt,7.7
80403,80,Guyencourt-sur-Noye,5.3
80404,80,Guyencourt-Saulcourt,0.0
80405,80,Hailles,7.1
80406,80,Hallencourt,5.5
80407,80,Hallivillers,0.0
80408,80,Halloy-lès-Pernois,2.9
80409,80,Hallu,7.7
80410,80,Ham,12.7
80411,80,Le Hamel,10.0
80412,80,Hamelet,5.3
80413,80,Hancourt,22.2
80414,80,Hangard,0.0
80415,80,Hangest-en-Santerre,9.9
80416,80,Hangest-sur-Somme,11.1
80417,80,Harbonnières,11.1
80418,80,Hardecourt-aux-Bois,0.0
80419,80,Hargicourt,7.7
80420,80,Harponville,0.0
80421,80,Hattencourt,4.0
80422,80,Hautvillers-Ouville,11.1
80423,80,Havernas,10.0
80424,80,Hébécourt,4.1
80425,80,Hédauville,0.0
80426,80,Heilly,11.1
80427,80,Hem-Hardinval,6.3
80428,80,Hem-Monacu,0.0
80429,80,Hénencourt,0.0
80430,80,Herbécourt,5.6
80431,80,Hérissart,3.8
80432,80,Herleville,11.8
80433,80,Herly,0.0
80434,80,Hervilly,12.5
80435,80,Hesbécourt,0.0
80436,80,Hescamps,7.4
80437,80,Heucourt-Croquoison,0.0
80438,80,Heudicourt,5.7
80439,80,Heuzecourt,5.9
80440,80,Hiermont,20.0
80442,80,Hombleux,5.7
80443,80,Hornoy-le-Bourg,4.8
80444,80,Huchenneville,6.6
80445,80,Humbercourt,7.4
80446,80,Huppy,5.3
80447,80,Hyencourt-le-Grand,14.3
80449,80,Ignaucourt,0.0
80450,80,Inval-Boiron,11.1
80451,80,Irles,0.0
80452,80,Jumel,11.1
80453,80,Laboissière-en-Santerre,18.8
80455,80,Lachapelle,0.0
80456,80,Lafresguimont-Saint-Martin,2.0
80458,80,Lahoussoye,2.9
80459,80,Laleu,0.0
80460,80,Lamaronde,0.0
80461,80,Lamotte-Brebière,4.8
80462,80,Lamotte-Buleux,2.9
80463,80,Lamotte-Warfusée,3.0
80464,80,Lanchères,6.3
80465,80,Languevoisin-Quiquery,0.0
80466,80,Lanches-Saint-Hilaire,7.7
80467,80,Laucourt,5.9
80468,80,Laviéville,0.0
80469,80,Lawarde-Mauger-l'Hortoy,7.2
80470,80,Léalvillers,5.6
80472,80,Lesbœufs,0.0
80473,80,Liancourt-Fosse,7.4
80474,80,Licourt,13.2
80475,80,Liéramont,10.1
80476,80,Liercourt,14.3
80477,80,Ligescourt,4.2
80478,80,Lignières,20.0
80479,80,Lignières-Châtelain,8.6
80480,80,Lignières-en-Vimeu,0.0
80481,80,Lihons,7.7
80482,80,Limeux,6.7
80484,80,Liomer,13.3
80485,80,Lœuilly,4.4
80486,80,Long,4.3
80487,80,Longavesnes,0.0
80488,80,Longpré-les-Corps-Saints,7.6
80489,80,Longueau,12.5
80490,80,Longueval,6.9
80491,80,Longuevillette,16.7
80493,80,Louvencourt,7.4
80494,80,Louvrechy,0.0
80495,80,Lucheux,4.7
80496,80,Machiel,10.5
80497,80,Machy,0.0
80498,80,Mailly-Maillet,14.3
80499,80,Mailly-Raineval,10.0
80500,80,Maisnières,3.8
80501,80,Maison-Ponthieu,3.7
80502,80,Maison-Roland,0.0
80503,80,Maizicourt,6.3
80504,80,Malpart,25.0
80505,80,Mametz,6.2
80507,80,Marcelcave,8.5
80508,80,Marché-Allouarde,16.7
80509,80,Marchélepot,11.4
80511,80,Marestmontiers,0.0
80512,80,Mareuil-Caubert,12.9
80513,80,Maricourt,0.0
80514,80,Marieux,0.0
80515,80,Marlers,0.0
80516,80,Marquaix,0.0
80517,80,Marquivillers,5.9
80518,80,Martainneville,4.8
80519,80,Matigny,5.5
80520,80,Maucourt,6.7
80521,80,Maurepas,10.5
80522,80,Le Mazis,0.0
80523,80,Méaulte,5.4
80524,80,Méharicourt,8.8
80525,80,Meigneux,0.0
80526,80,Le Meillard,8.5
80527,80,Méneslies,0.0
80528,80,Méréaucourt,0.0
80529,80,Mérélessart,16.7
80530,80,Méricourt-l'Abbé,10.5
80531,80,Méricourt-en-Vimeu,9.1
80532,80,Méricourt-sur-Somme,6.3
80533,80,Mers-les-Bains,9.0
80535,80,Le Mesge,0.0
80536,80,Mesnil-Bruntel,9.4
80537,80,Mesnil-Domqueur,12.5
80538,80,Mesnil-en-Arrouaise,7.1
80540,80,Mesnil-Martinsart,0.0
80541,80,Mesnil-Saint-Georges,0.0
80542,80,Mesnil-Saint-Nicaise,15.8
80543,80,Métigny,10.0
80544,80,Mézerolles,6.2
80545,80,Mézières-en-Santerre,15.4
80546,80,Miannay,5.2
80547,80,Millencourt,9.1
80548,80,Millencourt-en-Ponthieu,2.8
80549,80,Miraumont,2.9
80550,80,Mirvaux,0.0
80551,80,Misery,10.0
80552,80,Moislains,7.5
80553,80,Molliens-au-Bois,9.4
80554,80,Molliens-Dreuil,2.3
80555,80,Monchy-Lagache,1.9
80556,80,Mons-Boubert,7.1
80557,80,Estrées-Mons,6.6
80558,80,Monsures,9.1
80559,80,Montagne-Fayel,0.0
80560,80,Montauban-de-Picardie,9.1
80561,80,Montdidier,11.3
80562,80,Montigny-sur-l'Hallue,5.0
80563,80,Montigny-les-Jongleurs,0.0
80565,80,Montonvillers,0.0
80566,80,Fieffes-Montrelet,0.0
80568,80,Morchain,3.3
80569,80,Morcourt,3.4
80570,80,Moreuil,10.8
80571,80,Morisel,16.1
80572,80,Morlancourt,7.9
80573,80,Morvillers-Saint-Saturnin,9.8
80574,80,Mouflers,12.5
80575,80,Mouflières,0.0
80576,80,Moyencourt,4.0
80577,80,Moyencourt-lès-Poix,20.0
80578,80,Moyenneville,7.5
80579,80,Muille-Villette,4.8
80580,80,Nampont,3.7
80582,80,Namps-Maisnil,6.1
80583,80,Nampty,3.8
80584,80,Naours,4.7
80585,80,Nesle,10.1
80586,80,Nesle-l'Hôpital,0.0
80587,80,Neslette,0.0
80588,80,Neufmoulin,2.8
80589,80,Neuilly-le-Dien,10.0
80590,80,Neuilly-l'Hôpital,6.5
80591,80,Neuville-au-Bois,0.0
80592,80,Neuville-Coppegueule,3.5
80593,80,La Neuville-lès-Bray,3.3
80594,80,Neuville-lès-Lœuilly,11.1
80595,80,La Neuville-Sire-Bernard,0.0
80596,80,Neuvillette,0.0
80597,80,Nibas,4.8
80598,80,Nouvion,8.1
80599,80,Noyelles-en-Chaussée,3.7
80600,80,Noyelles-sur-Mer,10.8
80601,80,Nurlu,0.0
80602,80,Occoches,0.0
80603,80,Ochancourt,3.3
80604,80,Offignies,0.0
80605,80,Offoy,4.3
80606,80,Oisemont,6.7
80607,80,Oissy,11.1
80608,80,Omiécourt,0.0
80609,80,Oneux,6.7
80611,80,Oresmaux,6.0
80613,80,Oust-Marest,8.2
80614,80,Outrebois,17.4
80615,80,Ovillers-la-Boisselle,4.9
80616,80,Pargny,0.0
80617,80,Parvillers-le-Quesnoy,4.5
80618,80,Pendé,7.8
80619,80,Pernois,2.9
80620,80,Péronne,11.2
80621,80,Pertain,10.8
80622,80,Picquigny,5.3
80623,80,Piennes-Onvillers,11.8
80624,80,Pierregot,4.0
80625,80,Pierrepont-sur-Avre,8.5
80626,80,Pissy,4.2
80627,80,Plachy-Buyon,4.3
80628,80,Le Plessier-Rozainvillers,7.4
80629,80,Pœuilly,0.0
80630,80,Poix-de-Picardie,10.0
80631,80,Ponches-Estruval,0.0
80632,80,Pont-de-Metz,7.5
80633,80,Ponthoile,9.0
80634,80,Pont-Noyelles,7.4
80635,80,Pont-Remy,7.7
80637,80,Port-le-Grand,14.3
80638,80,Potte,20.0
80639,80,Poulainville,8.9
80640,80,Pozières,0.0
80642,80,Prouville,12.9
80643,80,Prouzel,4.3
80644,80,Proyart,8.1
80645,80,Puchevillers,6.0
80646,80,Punchy,22.2
80647,80,Puzeaux,5.6
80648,80,Pys,0.0
80649,80,Quend,5.3
80650,80,Querrieu,4.8
80651,80,Le Quesne,0.0
80652,80,Le Quesnel,6.8
80654,80,Quesnoy-le-Montant,4.2
80655,80,Quesnoy-sur-Airaines,13.6
80656,80,Quevauvillers,6.3
80657,80,Quiry-le-Sec,9.7
80658,80,Quivières,8.6
80659,80,Raincheval,4.6
80661,80,Rainneville,2.5
80662,80,Ramburelles,0.0
80663,80,Rambures,5.0
80664,80,Rancourt,11.1
80665,80,Regnière-Écluse,7.7
80666,80,Remaisnil,0.0
80667,80,Remaugies,0.0
80668,80,Remiencourt,18.7
80669,80,Rethonvillers,3.0
80670,80,Revelles,11.3
80671,80,Ribeaucourt,5.9
80672,80,Ribemont-sur-Ancre,5.0
80673,80,Riencourt,10.0
80674,80,Rivery,6.4
80675,80,Rogy,8.3
80676,80,Roiglise,5.9
80677,80,Roisel,14.2
80678,80,Rollot,7.1
80679,80,Ronssoy,11.7
80680,80,Rosières-en-Santerre,10.4
80681,80,Rouvrel,14.8
80682,80,Rouvroy-en-Santerre,4.8
80683,80,Rouy-le-Grand,18.2
80684,80,Rouy-le-Petit,36.4
80685,80,Roye,11.8
80686,80,Rubempré,7.0
80687,80,Rubescourt,18.2
80688,80,Rue,9.5
80690,80,Rumigny,5.4
80691,80,Saigneville,0.0
80692,80,Sailly-Flibeaucourt,8.3
80693,80,Sailly-Laurette,0.0
80694,80,Sailly-le-Sec,5.9
80695,80,Sailly-Saillisel,8.2
80696,80,Sains-en-Amiénois,12.4
80697,80,Saint-Acheul,0.0
80698,80,Saint-Aubin-Montenoy,5.3
80699,80,Saint-Aubin-Rivière,0.0
80700,80,Saint-Blimont,9.1
80701,80,Saint-Christ-Briost,2.9
80702,80,Saint-Fuscien,7.2
80703,80,Saint-Germain-sur-Bresle,4.5
80704,80,Saint-Gratien,3.4
80705,80,Saint-Léger-lès-Authie,0.0
80706,80,Saint-Léger-lès-Domart,9.1
80707,80,Saint-Léger-sur-Bresle,0.0
80708,80,Saint-Mard,22.2
80709,80,Saint-Maulvis,3.8
80710,80,Saint-Maxent,3.3
80711,80,Saint-Ouen,12.2
80713,80,Saint-Quentin-en-Tourmont,0.0
80714,80,Saint-Quentin-la-Motte-Croix-au-Bailly,5.2
80716,80,Saint-Riquier,6.8
80717,80,Saint-Sauflieu,6.1
80718,80,Saint-Sauveur,7.9
80719,80,Sainte-Segrée,0.0
80721,80,Saint-Valery-sur-Somme,8.9
80722,80,Saint-Vaast-en-Chaussée,8.2
80723,80,Saisseval,0.0
80724,80,Saleux,7.7
80725,80,Salouël,7.2
80726,80,Sancourt,3.6
80728,80,Saulchoy-sous-Poix,0.0
80729,80,Sauvillers-Mongival,0.0
80730,80,Saveuse,11.6
80732,80,Senarpont,9.0
80733,80,Senlis-le-Sec,3.7
80734,80,Sentelie,10.0
80735,80,Seux,5.9
80736,80,Sorel-en-Vimeu,9.5
80737,80,Sorel,5.6
80738,80,Soues,15.4
80740,80,Sourdon,14.3
80741,80,Soyécourt,0.0
80742,80,Surcamps,25.0
80743,80,Suzanne,4.8
80744,80,Tailly,0.0
80746,80,Talmas,3.8
80747,80,Templeux-la-Fosse,16.7
80748,80,Templeux-le-Guérard,15.0
80749,80,Terramesnil,0.0
80750,80,Tertry,6.2
80751,80,Thennes,11.4
80752,80,Thézy-Glimont,8.2
80753,80,Thiepval,0.0
80754,80,Thieulloy-l'Abbaye,5.9
80755,80,Thieulloy-la-Ville,0.0
80756,80,Thièvres,0.0
80757,80,Thoix,0.0
80758,80,Thory,6.7
80759,80,Tilloloy,13.8
80760,80,Tilloy-Floriville,2.7
80761,80,Tilloy-lès-Conty,7.7
80762,80,Tincourt-Boucly,8.3
80763,80,Le Titre,10.8
80764,80,Tœufles,0.0
80765,80,Tours-en-Vimeu,9.4
80766,80,Toutencourt,4.9
80767,80,Le Translay,8.7
80769,80,Treux,0.0
80770,80,Tully,11.3
80771,80,Ugny-l'Équipée,0.0
80773,80,Vadencourt,0.0
80774,80,Vaire-sous-Corbie,3.4
80775,80,Valines,7.4
80776,80,Varennes,0.0
80777,80,Vauchelles-lès-Authie,0.0
80778,80,Vauchelles-lès-Domart,23.1
80779,80,Vauchelles-les-Quesnoy,9.5
80780,80,Vaudricourt,6.8
80781,80,Vauvillers,5.0
80782,80,Vaux-en-Amiénois,2.4
80783,80,Vaux-Marquenneville,11.1
80784,80,Vaux-sur-Somme,3.4
80785,80,Vecquemont,4.9
80786,80,Velennes,13.3
80787,80,Vercourt,0.0
80788,80,Vergies,15.4
80789,80,Vermandovillers,0.0
80790,80,Verpillières,0.0
80791,80,Vers-sur-Selles,9.3
80792,80,La Vicogne,8.7
80793,80,Vignacourt,6.8
80794,80,Villecourt,14.3
80795,80,Ville-le-Marclet,5.1
80796,80,Villeroy,0.0
80797,80,Villers-aux-Érables,10.0
80798,80,Villers-Bocage,7.1
80799,80,Villers-Bretonneux,8.8
80800,80,Villers-Campsart,15.4
80801,80,Villers-Carbonnel,6.3
80802,80,Villers-Faucon,10.6
80803,80,Villers-lès-Roye,3.8
80804,80,Villers-sous-Ailly,10.5
80805,80,Villers-Tournelle,7.1
80806,80,Villers-sur-Authie,8.8
80807,80,Ville-sur-Ancre,3.8
80808,80,Vironchaux,7.9
80809,80,Vismes,0.0
80810,80,Vitz-sur-Authie,7.7
80811,80,Voyennes,7.5
80812,80,Vraignes-en-Vermandois,0.0
80813,80,Vraignes-lès-Hornoy,0.0
80814,80,Vrély,8.6
80815,80,Vron,4.9
80819,80,Wargnies,0.0
80820,80,Warloy-Baillon,5.6
80821,80,Warlus,19.2
80822,80,Warsy,0.0
80823,80,Warvillers,0.0
80824,80,Wiencourt-l'Équipée,11.5
80825,80,Wiry-au-Mont,0.0
80826,80,Woignarue,9.4
80827,80,Woincourt,8.3
80828,80,Woirel,0.0
80829,80,Y,22.2
80830,80,Yaucourt-Bussus,0.0
80832,80,Yvrench,0.0
80833,80,Yvrencheux,14.3
80834,80,Yzengremer,7.0
80835,80,Yzeux,3.8
80836,80,Yonval,13.0
