Code,Communes,Part_des_menages
02001,Abbécourt,7.5
02002,Achery,10
02003,Acy,5.3
02004,Agnicourt-et-Séchelles,9.5
02005,Aguilcourt,5.4
02006,Aisonville-et-Bernoville,0
02007,Aizelles,8.3
02008,Aizy-Jouy,3.4
02009,Alaincourt,8.2
02010,Allemant,0
02011,Ambleny,6.3
02012,Ambrief,16.7
02013,Amifontaine,0
02014,Amigny-Rouy,2.9
02015,Ancienville,14.3
02016,Andelain,0
02017,Anguilcourt-le-Sart,0
02018,Anizy-le-Château,11.1
02019,Annois,2.6
02020,Any-Martin-Rieux,4.1
02021,Archon,0
02022,Arcy-Sainte-Restitue,0
02023,Armentières-sur-Ourcq,10
02024,Arrancy,0
02025,Artemps,15.6
02026,Artonges,5.6
02027,Assis-sur-Serre,5.3
02028,Athies-sous-Laon,7.9
02029,Attilly,6.9
02030,Aubencheul-aux-Bois,13.8
02031,Aubenton,12.5
02032,Aubigny-aux-Kaisnes,4.5
02033,Aubigny-en-Laonnois,16.7
02034,Audignicourt,0
02035,Audigny,0
02036,Augy,0
02037,Aulnois-sous-Laon,12.9
02038,Les Autels,0
02039,Autremencourt,5.9
02040,Autreppes,0
02041,Autreville,5
02042,Azy-sur-Marne,4.9
02043,Bagneux,20
02044,Bancigny,0
02046,Barenton-Bugny,11.9
02047,Barenton-Cel,15.4
02048,Barenton-sur-Serre,0
02049,Barisis-aux-Bois,6.6
02050,Barzy-en-Thiérache,9.7
02051,Barzy-sur-Marne,3
02052,Bassoles-Aulers,6.7
02053,Baulne-en-Brie,13.3
02054,Bazoches-sur-Vesles,4.7
02055,Beaumé,10
02056,Beaumont-en-Beine,0
02057,Beaurevoir,9.5
02058,Beaurieux,8.1
02059,Beautor,10.4
02060,Beauvois-en-Vermandois,7.1
02061,Becquigny,8.3
02062,Belleau,7.7
02063,Bellenglise,0
02064,Belleu,9.8
02065,Bellicourt,4.8
02066,Benay,0
02067,Bergues-sur-Sambre,4.3
02068,Berlancourt,12.5
02069,Berlise,16.7
02070,Bernot,6.4
02071,Berny-Rivière,6.3
02072,Berrieux,15
02073,Berry-au-Bac,9.3
02074,Bertaucourt-Epourdon,8.5
02075,Berthenicourt,0
02076,Bertricourt,0
02077,Berzy-le-Sec,5
02078,Besmé,6.7
02079,Besmont,6.3
02080,Besny-et-Loizy,3.5
02081,Béthancourt-en-Vaux,12.8
02082,Beugneux,0
02083,Beuvardes,8.6
02084,Bézu-le-Guéry,3.8
02085,Bézu-Saint-Germain,9.6
02086,Bichancourt,6
02087,Bieuxy,0
02088,Bièvres,14.3
02089,Billy-sur-Aisne,4.9
02090,Billy-sur-Ourcq,10.5
02091,Blanzy-lès-Fismes,0
02093,Blérancourt,9.3
02094,Blesmes,0
02095,Bohain-en-Vermandois,11.3
02096,Bois-lès-Pargny,5.3
02097,Boncourt,4
02098,Bonneil,5.3
02099,Bonnesvalyn,0
02100,Bony,10
02101,Bosmont-sur-Serre,5
02102,Bouconville-Vauclair,5.3
02103,Boué,9.8
02104,Bouffignereux,0
02105,Bouresches,5.6
02106,Bourg-et-Comin,8.5
02107,Bourguignon-sous-Coucy,22.2
02108,Bourguignon-sous-Montbavin,14.3
02109,La Bouteille,12
02110,Braine,9.2
02111,Brancourt-en-Laonnois,10.1
02112,Brancourt-le-Grand,8.5
02114,Brasles,4.4
02115,Braye-en-Laonnois,0
02116,Braye-en-Thiérache,0
02117,Bray-Saint-Christophe,25
02118,Braye,15.4
02119,Brécy,9.1
02120,Brenelle,11.1
02121,Breny,12.5
02122,Brie,14.3
02123,Brissay-Choigny,9.7
02124,Brissy-Hamégicourt,4.3
02125,Brumetz,5.6
02126,Brunehamel,12.3
02127,Bruyères-sur-Fère,5
02128,Bruyères-et-Montbérault,5.3
02129,Bruys,50
02130,Bucilly,0
02131,Bucy-le-Long,4.7
02132,Bucy-lès-Cerny,5.3
02133,Bucy-lès-Pierrepont,4.3
02134,Buire,4.5
02135,Buironfosse,6.1
02136,Burelles,21.4
02137,Bussiares,0
02138,Buzancy,0
02139,Caillouël-Crépigny,7
02140,Camelin,11.9
02141,La Capelle,10
02142,Castres,0
02143,Le Catelet,0
02144,Caulaincourt,10
02145,Caumont,7.5
02146,Celles-lès-Condé,0
02147,La Celle-sous-Montmirail,0
02148,Celles-sur-Aisne,16
02149,Cerizy,40
02150,Cerny-en-Laonnois,14.3
02151,Cerny-lès-Bucy,7.7
02152,Cerseuil,0
02153,Cessières,12.8
02154,Chacrise,11.5
02155,Chaillevois,13
02156,Chalandry,4.3
02157,Chambry,2.7
02158,Chamouille,9.1
02159,Champs,3.4
02160,Chaourse,10.9
02161,La Chapelle-Monthodon,0
02162,La Chapelle-sur-Chézy,8.3
02163,Charly-sur-Marne,10.3
02164,Le Charmel,3.3
02165,Charmes,10.5
02166,Chartèves,13.1
02167,Chassemy,7.7
02168,Château-Thierry,11.6
02169,Châtillon-lès-Sons,0
02170,Châtillon-sur-Oise,7.1
02171,Chaudardes,22.2
02172,Chaudun,9.1
02173,Chauny,12.1
02174,Chavignon,13.5
02175,Chavigny,7.1
02176,Chavonne,6.7
02177,Chérêt,8.3
02178,Chermizy-Ailles,0
02179,Chéry-Chartreuve,2.8
02180,Chéry-lès-Pouilly,6
02181,Chéry-lès-Rozoy,9.1
02182,Chevennes,15.4
02183,Chevregny,0
02184,Chevresis-Monceau,6.3
02185,Chézy-en-Orxois,6.7
02186,Chézy-sur-Marne,8.6
02187,Chierry,5.9
02188,Chigny,6.3
02189,Chivres-en-Laonnois,5.6
02190,Chivres-Val,5.6
02191,Chivy-lès-Étouvelles,14
02192,Chouy,0
02193,Cierges,0
02194,Cilly,4.5
02195,Ciry-Salsogne,5.3
02196,Clacy-et-Thierret,0
02197,Clairfontaine,4.8
02198,Clamecy,4.5
02199,Clastres,10.2
02200,Clermont-les-Fermes,0
02201,Cœuvres-et-Valsery,5.6
02203,Coincy,4.8
02204,Coingt,9.1
02205,Colligis-Crandelain,0
02206,Colonfay,0
02207,Commenchon,15
02208,Concevreux,4.2
02209,Condé-en-Brie,6.8
02210,Condé-sur-Aisne,7.1
02211,Condé-sur-Suippe,0
02212,Condren,2.7
02213,Connigis,0
02214,Contescourt,0
02215,Corbeny,6.8
02216,Corcy,10
02217,Coucy-le-Château-Auffrique,13.9
02218,Coucy-lès-Eppes,3.3
02219,Coucy-la-Ville,5.9
02220,Coulonges-Cohan,2.3
02221,Coupru,0
02222,Courbes,0
02223,Courboin,8.3
02224,Courcelles-sur-Vesle,15.2
02225,Courchamps,12.5
02226,Courmelles,11.9
02227,Courmont,8.5
02228,Courtemont-Varennes,11.5
02229,Courtrizy-et-Fussigny,12.5
02230,Couvrelles,9.5
02231,Couvron-et-Aumencourt,15.9
02232,Coyolles,0
02233,Cramaille,0
02234,Craonne,0
02235,Craonnelle,0
02236,Crécy-au-Mont,3.9
02237,Crécy-sur-Serre,4.2
02238,Crépy,9.9
02239,Crézancy,7.1
02240,Croix-Fonsomme,4.3
02241,La Croix-sur-Ourcq,0
02242,Crouttes-sur-Marne,7.6
02243,Crouy,10.7
02244,Crupilly,0
02245,Cuffies,5.9
02246,Cugny,6.9
02248,Cuirieux,18.8
02249,Cuiry-Housse,0
02250,Cuiry-lès-Chaudardes,0
02251,Cuiry-lès-Iviers,0
02252,Cuissy-et-Geny,0
02253,Cuisy-en-Almont,11.8
02254,Cutry,0
02255,Cys-la-Commune,0
02256,Dagny-Lambercy,6.7
02257,Dallon,7.1
02258,Dammard,2.5
02259,Dampleux,10.5
02260,Danizy,11.5
02261,Dercy,6.1
02262,Deuillet,5.9
02263,Dhuizel,0
02264,Dizy-le-Gros,14.8
02265,Dohis,0
02266,Dolignon,0
02267,Dommiers,8.8
02268,Domptin,11.3
02269,Dorengt,6.3
02270,Douchy,26.7
02271,Dravegny,6.7
02272,Droizy,0
02273,Dury,5.3
02274,Ébouleau,5.3
02275,Effry,8.8
02276,Englancourt,0
02277,Épagny,9.4
02278,Éparcy,0
02279,Épaux-Bézu,7
02280,Épieds,13.3
02281,L'Épine-aux-Bois,5.1
02282,Eppes,9.5
02283,Erlon,21.7
02284,Erloy,0
02286,Esquéhéries,10.1
02287,Essigny-le-Grand,8.2
02288,Essigny-le-Petit,5.3
02289,Essises,2.8
02290,Essômes-sur-Marne,7.1
02291,Estrées,9.8
02292,Étampes-sur-Marne,3.9
02293,Étaves-et-Bocquiaux,7
02294,Étouvelles,4.5
02295,Étréaupont,4.3
02296,Étreillers,7.1
02297,Étrépilly,0
02298,Étreux,9
02299,Évergnicourt,5.4
02301,Faucoucourt,19.4
02302,Faverolles,7.4
02303,Fayet,7.2
02304,La Fère,14.4
02305,Fère-en-Tardenois,10.6
02306,La Ferté-Chevresis,4.2
02307,La Ferté-Milon,8
02308,Fesmy-le-Sart,12.5
02309,Festieux,7
02310,Fieulaine,7.4
02311,Filain,0
02312,La Flamengrie,9.4
02313,Flavigny-le-Grand-et-Beaurain,2.9
02315,Flavy-le-Martel,10.5
02316,Fleury,0
02317,Fluquières,9.5
02318,Folembray,7.2
02319,Fonsomme,8.2
02320,Fontaine-lès-Clercs,3.6
02321,Fontaine-lès-Vervins,9.6
02322,Fontaine-Notre-Dame,0
02323,Fontaine-Uterte,0
02324,Fontenelle,11.1
02325,Fontenelle-en-Brie,13
02326,Fontenoy,5
02327,Foreste,11.8
02328,Fossoy,5
02329,Fourdrain,4.9
02330,Francilly-Selency,9.1
02331,Franqueville,7.1
02332,Fresnes-en-Tardenois,13.6
02333,Fresnes,0
02334,Fresnoy-le-Grand,9.2
02335,Fressancourt,4.8
02336,Frières-Faillouël,6.8
02337,Froidestrées,0
02338,Froidmont-Cohartille,0
02339,Gandelu,10.3
02340,Gauchy,8
02341,Gercy,3.7
02342,Gergny,8.3
02343,Germaine,0
02344,Gernicourt,20
02345,Gibercourt,20
02346,Gizy,5.7
02347,Gland,6.3
02348,Glennes,9.5
02349,Goudelancourt-lès-Berrieux,0
02350,Goudelancourt-lès-Pierrepont,6.7
02351,Goussancourt,0
02352,Gouy,6.6
02353,Grandlup-et-Fay,8
02354,Grandrieux,0
02355,Gricourt,6.8
02356,Grisolles,5.6
02357,Gronard,0
02358,Grougis,17.1
02359,Grugies,9.3
02360,Guignicourt,9.4
02361,Guise,11.5
02362,Guivry,11.5
02363,Guny,2.2
02364,Guyencourt,4.3
02366,Hannapes,4.3
02367,Happencourt,0
02368,Haramont,1.9
02369,Harcigny,7.4
02370,Hargicourt,8.9
02371,Harly,8.4
02372,Hartennes-et-Taux,5.7
02373,Hary,4.3
02374,Lehaucourt,5.3
02375,Hautevesnes,0
02376,Hauteville,0
02377,Haution,0
02378,La Hérie,9.1
02379,Le Hérie-la-Viéville,4.3
02380,Hinacourt,0
02381,Hirson,11.8
02382,Holnon,6.5
02383,Homblières,9.8
02384,Houry,25
02385,Housset,6.2
02386,Iron,0
02387,Itancourt,11.1
02388,Iviers,8.3
02389,Jaulgonne,5.6
02390,Jeancourt,19.2
02391,Jeantes,0
02392,Joncourt,3.2
02393,Jouaignes,7.1
02395,Jumencourt,14.3
02396,Jumigny,0
02397,Jussy,5.4
02398,Juvigny,4.8
02399,Juvincourt-et-Damary,8.3
02400,Laffaux,8.3
02401,Laigny,12.5
02402,Lanchy,0
02403,Landifay-et-Bertaignemont,10.3
02404,Landouzy-la-Cour,22.2
02405,Landouzy-la-Ville,5.6
02406,Landricourt,18.2
02407,Laniscourt,5.6
02408,Laon,11.7
02409,Lappion,6.7
02410,Largny-sur-Automne,13
02411,Latilly,0
02412,Launoy,11.1
02413,Laval-en-Laonnois,4.2
02414,Lavaqueresse,11.1
02415,Laversine,0
02416,Lemé,8.9
02417,Lempire,0
02418,Lerzy,16.7
02419,Leschelle,0
02420,Lesdins,7.2
02421,Lesges,0
02422,Lesquielles-Saint-Germain,3.7
02423,Leuilly-sous-Coucy,10
02424,Leury,9.1
02425,Leuze,0
02426,Levergies,10.2
02427,Lhuys,0
02428,Licy-Clignon,25
02429,Lierval,0
02430,Liesse-Notre-Dame,6.3
02431,Liez,13.3
02432,Limé,5
02433,Lislet,8.3
02434,Lizy,0
02435,Logny-lès-Aubenton,0
02438,Longpont,8.7
02439,Longueval-Barbonval,7
02440,Lor,7.1
02441,Louâtre,5.3
02442,Loupeigne,9.1
02443,Lucy-le-Bocage,17.6
02444,Lugny,0
02445,Luzoir,6.5
02446,Ly-Fontaine,10
02447,Maast-et-Violaine,14.3
02448,Mâchecourt,0
02449,Macogny,20
02450,Macquigny,5.9
02451,Magny-la-Fosse,0
02452,Maissemy,4.5
02453,Maizy,2.5
02454,La Malmaison,5.1
02455,Malzy,0
02456,Manicamp,9.1
02457,Marchais,2.6
02458,Marchais-en-Brie,7.7
02459,Marcy,5.9
02460,Marcy-sous-Marle,0
02461,Marest-Dampcourt,2.9
02462,Mareuil-en-Dôle,4.3
02463,Marfontaine,0
02464,Margival,8.3
02465,Marigny-en-Orxois,4.3
02466,Marizy-Sainte-Geneviève,15.4
02467,Marizy-Saint-Mard,0
02468,Marle,9.6
02469,Marly-Gomont,4.1
02470,Martigny,9.1
02471,Martigny-Courpierre,10.2
02472,Mauregny-en-Haye,0
02473,Mayot,10.5
02474,Mennessis,5.1
02475,Menneville,2.6
02476,Mennevret,1.6
02477,Mercin-et-Vaux,9.4
02478,Merlieux-et-Fouquerolles,11.1
02479,Merval,16.7
02480,Mesbrecourt-Richecourt,9.7
02481,Mesnil-Saint-Laurent,4.3
02482,Meurival,0
02483,Mézières-sur-Oise,0
02484,Mézy-Moulins,3.9
02485,Missy-aux-Bois,0
02486,Missy-lès-Pierrepont,0
02487,Missy-sur-Aisne,10.9
02488,Molain,0
02489,Molinchart,3.4
02490,Monampteuil,0
02491,Monceau-le-Neuf-et-Faucouzy,7.5
02492,Monceau-lès-Leups,11.4
02493,Monceau-le-Waast,4.2
02494,Monceau-sur-Oise,7.7
02495,Mondrepuis,7
02496,Monnes,0
02497,Mons-en-Laonnois,4.3
02498,Montaigu,5.2
02499,Montbavin,25
02500,Montbrehain,14.6
02501,Montchâlons,0
02502,Montcornet,13.1
02503,Mont-d'Origny,10.3
02504,Montescourt-Lizerolles,7.6
02505,Montfaucon,4.8
02506,Montgobert,13.6
02507,Montgru-Saint-Hilaire,0
02508,Monthenault,0
02509,Monthiers,6.3
02510,Monthurel,0
02511,Montigny-en-Arrouaise,0
02512,Montigny-l'Allier,11.1
02513,Montigny-le-Franc,0
02514,Montigny-Lengrain,3
02515,Montigny-lès-Condé,20
02516,Montigny-sous-Marle,0
02517,Montigny-sur-Crécy,3.1
02518,Montlevon,3.6
02519,Montloué,6.7
02520,Mont-Notre-Dame,8.6
02521,Montreuil-aux-Lions,6.2
02522,Mont-Saint-Jean,0
02523,Mont-Saint-Martin,0
02524,Mont-Saint-Père,9
02525,Morcourt,7.8
02526,Morgny-en-Thiérache,0
02527,Morsain,9.3
02528,Mortefontaine,0
02529,Mortiers,10
02530,Moulins,0
02531,Moussy-Verneuil,0
02532,Moÿ-de-l'Aisne,8.7
02533,Muret-et-Crouttes,0
02534,Muscourt,20
02535,Nampcelles-la-Cour,8.3
02536,Nampteuil-sous-Muret,0
02537,Nanteuil-la-Fosse,0
02538,Nanteuil-Notre-Dame,11.1
02539,Nauroy,0
02540,Nesles-la-Montagne,8.8
02541,Neufchâtel-sur-Aisne,4.8
02542,Neuflieux,0
02543,Neuilly-Saint-Front,6
02544,Neuve-Maison,19
02545,La Neuville-Bosmont,11.8
02546,La Neuville-en-Beine,5.6
02547,La Neuville-Housset,0
02548,La Neuville-lès-Dorengt,7.9
02549,Neuville-Saint-Amand,9
02550,Neuville-sur-Ailette,9.1
02551,Neuville-sur-Margival,9.1
02552,Neuvillette,5.6
02553,Nizy-le-Comte,7.1
02554,Nogentel,3.7
02555,Nogent-l'Artaud,7.1
02556,Noircourt,11.1
02557,Noroy-sur-Ourcq,7.7
02558,Le Nouvion-en-Thiérache,10.8
02559,Nouvion-et-Catillon,5.5
02560,Nouvion-le-Comte,3.7
02561,Nouvion-le-Vineux,0
02562,Nouvron-Vingré,6.2
02563,Noyales,16.7
02564,Noyant-et-Aconin,4.3
02565,Œuilly,7.1
02566,Ognes,7.3
02567,Ohis,8
02568,Oigny-en-Valois,7.1
02569,Oisy,10.9
02570,Ollezy,0
02571,Omissy,7.4
02572,Orainville,8.3
02573,Orgeval,0
02574,Origny-en-Thiérache,8.7
02575,Origny-Sainte-Benoite,13.2
02576,Osly-Courtil,3.6
02577,Ostel,0
02578,Oulches-la-Vallée-Foulon,0
02579,Oulchy-la-Ville,7.1
02580,Oulchy-le-Château,6.1
02581,Paars,11.5
02582,Paissy,0
02583,Pancy-Courtecon,0
02584,Papleux,11.1
02585,Parcy-et-Tigny,4.3
02586,Parfondeval,6.3
02587,Parfondru,11.4
02588,Pargnan,0
02589,Pargny-Filain,0
02590,Pargny-la-Dhuys,5.6
02591,Pargny-les-Bois,6.7
02592,Parpeville,8.3
02593,Pasly,4.8
02594,Passy-en-Valois,0
02595,Passy-sur-Marne,13.3
02596,Pavant,6.6
02597,Perles,14.3
02598,Pernant,3
02599,Pierremande,4.4
02600,Pierrepont,2.6
02601,Pignicourt,6.7
02602,Pinon,6.5
02604,Pithon,11.1
02605,Pleine-Selve,0
02606,Le Plessier-Huleu,0
02607,Ploisy,0
02608,Plomion,7.5
02609,Ployart-et-Vaurseine,0
02610,Pommiers,7.7
02612,Pont-Arcy,0
02613,Pontavert,3.5
02614,Pontru,7.4
02615,Pontruet,6.1
02616,Pont-Saint-Mard,10.5
02617,Pouilly-sur-Serre,6.1
02618,Prémont,7
02619,Prémontré,15.3
02620,Presles-et-Boves,0
02621,Presles-et-Thierny,2.4
02622,Priez,0
02623,Prisces,18.2
02624,Proisy,0
02625,Proix,0
02626,Prouvais,3.6
02627,Proviseux-et-Plesnoy,0
02628,Puiseux-en-Retz,0
02629,Puisieux-et-Clanlieu,25
02631,Quierzy,2.4
02632,Quincy-Basse,14.3
02633,Quincy-sous-le-Mont,0
02634,Raillimont,12.5
02635,Ramicourt,6.3
02636,Regny,13.6
02637,Remaucourt,3
02638,Remies,16
02639,Remigny,2.8
02640,Renansart,5.9
02641,Renneval,7.7
02642,Résigny,0
02643,Ressons-le-Long,6.7
02644,Retheuil,8.3
02645,Reuilly-Sauvigny,4.8
02646,Révillon,16.7
02647,Ribeauville,12.5
02648,Ribemont,11.7
02649,Rocourt-Saint-Martin,16.7
02650,Rocquigny,7.1
02651,Rogécourt,18.2
02652,Rogny,0
02653,Romeny-sur-Marne,4.1
02654,Romery,0
02655,Ronchères,14.3
02656,Roucy,10.8
02657,Rougeries,9.5
02658,Roupy,4
02659,Rouvroy,4.1
02660,Rouvroy-sur-Serre,0
02661,Royaucourt-et-Chailvet,0
02662,Rozet-Saint-Albin,3.1
02663,Rozières-sur-Crise,30
02664,Rozoy-Bellevalle,30
02665,Grand-Rozoy,10.3
02666,Rozoy-sur-Serre,13.3
02667,Saconin-et-Breuil,16.7
02668,Sains-Richaumont,12.6
02669,Saint-Agnan,0
02670,Saint-Algis,17.6
02671,Saint-Aubin,11.1
02672,Saint-Bandry,8
02673,Saint-Christophe-à-Berry,4.8
02674,Saint-Clément,16.7
02675,Sainte-Croix,15.4
02676,Saint-Erme-Outre-et-Ramecourt,6.7
02677,Saint-Eugène,0
02678,Sainte-Geneviève,0
02679,Saint-Gengoulph,0
02680,Saint-Gobain,6.2
02681,Saint-Gobert,4.3
02682,Saint-Mard,0
02683,Saint-Martin-Rivière,7.7
02684,Saint-Michel,9.3
02685,Saint-Nicolas-aux-Bois,0
02686,Saint-Paul-aux-Bois,0
02687,Saint-Pierre-Aigle,6.1
02688,Saint-Pierre-lès-Franqueville,0
02689,Saint-Pierremont,0
02690,Sainte-Preuve,0
02691,Saint-Quentin,12.3
02693,Saint-Rémy-Blanzy,4.3
02694,Saint-Simon,1.6
02695,Saint-Thibaut,0
02696,Saint-Thomas,11.1
02697,Samoussy,6.7
02698,Sancy-les-Cheminots,14.3
02699,Saponay,0
02701,Saulchery,7
02702,Savy,6.6
02703,Seboncourt,8.7
02704,Selens,16.7
02705,La Selve,5.9
02706,Septmonts,13.6
02707,Septvaux,11.1
02708,Sequehart,0
02709,Serain,11.9
02710,Seraucourt-le-Grand,8.3
02711,Serches,3.7
02712,Sergy,8.3
02713,Seringes-et-Nesles,0
02714,Sermoise,8.8
02715,Serval,0
02716,Servais,0
02717,Séry-lès-Mézières,4.9
02718,Silly-la-Poterie,14.3
02719,Sinceny,7.9
02720,Sissonne,14.9
02721,Sissy,6
02722,Soissons,10.7
02723,Soize,0
02724,Sommelans,0
02725,Sommeron,15.4
02726,Sommette-Eaucourt,0
02727,Sons-et-Ronchères,3.7
02728,Sorbais,10
02729,Soucy,0
02730,Soupir,10.3
02731,Le Sourd,5.9
02732,Surfontaine,11.1
02733,Suzy,10
02734,Taillefontaine,0
02735,Tannières,0
02736,Tartiers,0
02737,Tavaux-et-Pontséricourt,4.1
02738,Tergnier,11.6
02739,Terny-Sorny,6.9
02740,Thenailles,3.7
02741,Thenelles,4.9
02742,Thiernu,7.7
02743,Le Thuel,0
02744,Torcy-en-Valois,0
02745,Toulis-et-Attencourt,16.7
02746,Travecy,12.3
02747,Trefcon,12.5
02748,Trélou-sur-Marne,2.8
02749,Troësnes,0
02750,Trosly-Loire,10.3
02751,Trucy,7.7
02752,Tugny-et-Pont,3.8
02753,Tupigny,16.2
02754,Ugny-le-Gay,11.1
02755,Urcel,1.9
02756,Urvillers,6.5
02757,Vadencourt,3.3
02758,Vailly-sur-Aisne,11.3
02759,La Vallée-au-Blé,6.9
02760,La Vallée-Mulâtre,6.7
02761,Variscourt,7.7
02762,Vassens,6.7
02763,Vasseny,0
02764,Vassogne,28.6
02765,Vaucelles-et-Beffecourt,9.1
02766,Vaudesson,17.4
02767,Vauxrezis,3.1
02768,Vauxaillon,2.1
02769,Vaux-Andigny,7.3
02770,Vauxbuin,6.2
02771,Vauxcéré,11.1
02772,Vaux-en-Vermandois,0
02773,Vauxtin,20
02774,Vendelles,0
02775,Vendeuil,3.3
02776,Vendhuile,7.7
02777,Vendières,0
02778,Vendresse-Beaulne,0
02779,Vénérolles,16.7
02780,Venizel,10.2
02781,Verdilly,5.5
02782,Le Verguier,8.7
02783,Grand-Verly,0
02784,Petit-Verly,29.4
02785,Vermand,4.6
02786,Verneuil-sous-Coucy,0
02787,Verneuil-sur-Serre,23.1
02788,Versigny,2.5
02789,Vervins,9.9
02790,Vesles-et-Caumont,5.3
02791,Veslud,4.5
02792,Veuilly-la-Poterie,6.7
02793,Vézaponin,9.1
02794,Vézilly,5.3
02795,Vic-sur-Aisne,7.9
02796,Vichel-Nanteuil,11.1
02797,Viel-Arcy,0
02798,Viels-Maisons,8.7
02799,Vierzy,6.5
02800,Viffort,3.9
02801,Vigneux-Hocquet,0
02802,La Ville-aux-Bois-lès-Dizy,11.1
02803,La Ville-aux-Bois-lès-Pontavert,6.7
02804,Villemontoire,9.5
02805,Villeneuve-Saint-Germain,7.1
02806,Villeneuve-sur-Fère,7.1
02807,Villequier-Aumont,6.8
02808,Villeret,6.9
02809,Villers-Agron-Aiguizy,11.1
02810,Villers-Cotterêts,11.8
02811,Villers-en-Prayères,14.3
02812,Villers-Hélon,5.9
02813,Villers-le-Sec,4.2
02814,Villers-lès-Guise,7.1
02815,Villers-Saint-Christophe,2.2
02816,Villers-sur-Fère,6.3
02817,Ville-Savoye,16.7
02818,Villiers-Saint-Denis,9.1
02819,Vincy-Reuil-et-Magny,23.1
02820,Viry-Noureuil,7.4
02821,Vivaise,9.7
02822,Vivières,2.6
02823,Voharies,0
02824,Vorges,3
02826,Voulpaix,5.4
02827,Voyenne,10
02828,Vregny,0
02829,Vuillery,0
02830,Wassigny,13.9
02831,Watigny,10.8
02832,Wiège-Faty,14.3
02833,Wimy,2.2
02834,Wissignicourt,6.7
59001,Abancourt,9.3
59002,Abscon,7.8
59003,Aibes,2.9
59004,Aix,5.7
59005,Allennes-les-Marais,7.6
59006,Amfroipret,21.1
59007,Anhiers,8.3
59008,Aniche,15.4
59009,Villeneuve-d'Ascq,13.3
59010,Anneux,9.6
59011,Annœullin,10.7
59012,Anor,10.6
59013,Anstaing,7.4
59014,Anzin,12.6
59015,Arleux,6.8
59016,Armbouts-Cappel,4.8
59017,Armentières,12.3
59018,Arnèke,5.6
59019,Artres,5.4
59021,Assevent,12.1
59022,Attiches,8.3
59023,Aubencheul-au-Bac,10
59024,Auberchicourt,10.2
59025,Aubers,8.1
59026,Aubigny-au-Bac,6.3
59027,Aubry-du-Hainaut,9.2
59028,Auby,13.2
59029,Auchy-lez-Orchies,9.3
59031,Audignies,0
59032,Aulnoy-lez-Valenciennes,10
59033,Aulnoye-Aymeries,12.5
59034,Avelin,4.6
59035,Avesnelles,10.8
59036,Avesnes-sur-Helpe,18.4
59037,Avesnes-les-Aubert,9.8
59038,Avesnes-le-Sec,9.3
59039,Awoingt,8.1
59041,Bachant,12.8
59042,Bachy,3.8
59043,Bailleul,9.3
59044,Baisieux,8.3
59045,Baives,6.3
59046,Bambecque,6
59047,Banteux,6.1
59048,Bantigny,11.4
59049,Bantouzelle,0
59050,Bas-Lieu,10.8
59051,La Bassée,11.8
59052,Bauvin,11.2
59053,Bavay,11.9
59054,Bavinchove,6.5
59055,Bazuel,3.5
59056,Beaucamps-Ligny,5.1
59057,Beaudignies,5.2
59058,Beaufort,4
59059,Beaumont-en-Cambrésis,6.3
59060,Beaurain,0
59061,Beaurepaire-sur-Sambre,5
59062,Beaurieux,5.9
59063,Beauvois-en-Cambrésis,9.9
59064,Bellaing,7.8
59065,Bellignies,10.6
59066,Bérelles,6.2
59067,Bergues,11.4
59068,Berlaimont,9.8
59069,Bermerain,3.4
59070,Bermeries,2.9
59071,Bersée,6.5
59072,Bersillies,0
59073,Berthen,3.9
59074,Bertry,8
59075,Béthencourt,8.2
59076,Bettignies,0
59077,Bettrechies,0
59078,Beugnies,8.8
59079,Beuvrages,12.2
59080,Beuvry-la-Forêt,8.5
59081,Bévillers,12.9
59082,Bierne,6
59083,Bissezeele,5
59084,Blaringhem,9.8
59085,Blécourt,7.8
59086,Boeschepe,6.9
59087,Boëseghem,0
59088,Bois-Grenier,7
59089,Bollezeele,5.5
59090,Bondues,9.2
59091,Borre,3.9
59092,Bouchain,8.1
59093,Boulogne-sur-Helpe,6.3
59094,Bourbourg,8.6
59096,Bourghelles,6.8
59097,Boursies,9.7
59098,Bousbecque,6.5
59099,Bousies,11.4
59100,Bousignies,7.4
59101,Bousignies-sur-Roc,14.6
59102,Boussières-en-Cambrésis,3
59103,Boussières-sur-Sambre,15.4
59104,Boussois,15.1
59105,Bouvignies,9.6
59106,Bouvines,9.2
59107,Bray-Dunes,6.8
59108,Briastre,3.1
59109,Brillon,7.2
59110,Brouckerque,5
59111,Broxeele,0
59112,Bruay-sur-l'Escaut,13.4
59113,Bruille-lez-Marchiennes,6.6
59114,Bruille-Saint-Amand,9.4
59115,Brunémont,4.5
59116,Bry,5.4
59117,Bugnicourt,4.3
59118,Busigny,8.1
59119,Buysscheure,6.1
59120,Caëstre,6.1
59121,Cagnoncles,4.5
59122,Cambrai,12.6
59123,Camphin-en-Carembault,8.4
59124,Camphin-en-Pévèle,7.3
59125,Cantaing-sur-Escaut,9.5
59126,Cantin,9.2
59127,Capelle,16.7
59128,Capinghem,11.1
59129,Cappelle-en-Pévèle,9.7
59130,Cappelle-Brouck,3.5
59131,Cappelle-la-Grande,9.3
59132,Carnières,9.9
59133,Carnin,5.4
59134,Cartignies,4.8
59135,Cassel,8.4
59136,Le Cateau-Cambrésis,13.7
59137,Catillon-sur-Sambre,12.9
59138,Cattenières,13.2
59139,Caudry,13.9
59140,Caullery,2.3
59141,Cauroir,1.8
59142,Cerfontaine,8.6
59143,La Chapelle-d'Armentières,9.9
59144,Château-l'Abbaye,6.4
59145,Chemy,8.5
59146,Chéreng,7
59147,Choisies,0
59148,Clairfayts,19.5
59149,Clary,7.4
59150,Cobrieux,2
59151,Colleret,7.8
59152,Comines,10.4
59153,Condé-sur-l'Escaut,14.8
59154,Coudekerque-Village,6.5
59155,Coudekerque-Branche,10.3
59156,Courchelettes,10.6
59157,Cousolre,5.9
59158,Coutiches,6.5
59159,Craywick,7.1
59160,Crespin,13.9
59161,Crèvecœur-sur-l'Escaut,14.1
59162,Crochte,6.6
59163,Croix,11
59164,Croix-Caluyau,15
59165,Cuincy,10.9
59166,Curgies,5.4
59167,Cuvillers,15
59168,Cysoing,12.2
59169,Damousies,4.3
59170,Dechy,11.8
59171,Dehéries,0
59172,Denain,13.8
59173,Deûlémont,7.4
59174,Dimechaux,6.1
59175,Dimont,3.1
59176,Doignies,7.1
59177,Dompierre-sur-Helpe,8.1
59178,Douai,12.1
59179,Douchy-les-Mines,13.5
59180,Le Doulieu,4
59181,Dourlers,1.7
59182,Drincham,13.6
59183,Dunkerque,10.7
59184,Ebblinghem,8.2
59185,Écaillon,13.2
59186,Eccles,0
59187,Éclaibes,13.2
59188,Écuélin,0
59189,Eecke,6.8
59190,Élesmes,3
59191,Élincourt,15.9
59192,Émerchicourt,3.7
59193,Emmerin,7.1
59194,Englefontaine,8.5
59195,Englos,7.7
59196,Ennetières-en-Weppes,5
59197,Ennevelin,6.6
59198,Eppe-Sauvage,18.2
59199,Erchin,5.5
59200,Eringhem,8.9
59201,Erquinghem-le-Sec,12.5
59202,Erquinghem-Lys,6.9
59203,Erre,6.3
59204,Escarmain,14.3
59205,Escaudain,11.2
59206,Escaudœuvres,9.1
59207,Escautpont,14.3
59208,Escobecques,0
59209,Esnes,7.4
59210,Esquelbecq,5.8
59211,Esquerchin,6.3
59212,Estaires,7.6
59213,Estourmel,4.4
59214,Estrées,8.1
59215,Estreux,5.5
59216,Eswars,11.4
59217,Eth,9.4
59218,Étrœungt,8
59219,Estrun,7.7
59220,Faches-Thumesnil,10.1
59221,Famars,4.7
59222,Faumont,7.3
59223,Le Favril,8.7
59224,Féchain,3.5
59225,Feignies,10.8
59226,Felleries,9.3
59227,Fenain,9.6
59228,Férin,7.6
59229,Féron,0
59230,Ferrière-la-Grande,12.2
59231,Ferrière-la-Petite,5.8
59232,La Flamengrie,7.9
59233,Flaumont-Waudrechies,8.1
59234,Flers-en-Escrebieux,11.4
59236,Flesquières,3.6
59237,Flêtre,4.7
59238,Flines-lès-Mortagne,6.7
59239,Flines-lez-Raches,6.1
59240,Floursies,0
59241,Floyon,5.6
59242,Fontaine-au-Bois,10.4
59243,Fontaine-au-Pire,2.6
59244,Fontaine-Notre-Dame,8.4
59246,Forest-en-Cambrésis,5.7
59247,Forest-sur-Marque,8
59249,Fourmies,13.5
59250,Fournes-en-Weppes,8.2
59251,Frasnoy,3.1
59252,Frelinghien,11
59253,Fresnes-sur-Escaut,14.5
59254,Fressain,3.3
59255,Fressies,14
59256,Fretin,9.3
59257,Fromelles,2.9
59258,Genech,5.2
59259,Ghissignies,12.8
59260,Ghyvelde,7
59261,Glageon,13.7
59262,Godewaersvelde,4.3
59263,Gœulzin,7.2
59264,Gognies-Chaussée,6.3
59265,Gommegnies,6.4
59266,Gondecourt,6.3
59267,Gonnelieu,6.3
59268,La Gorgue,8.7
59269,Gouzeaucourt,15.9
59270,Grand-Fayt,2.6
59271,Grande-Synthe,14.1
59272,Grand-Fort-Philippe,10.3
59273,Gravelines,9.5
59274,La Groise,6.3
59275,Gruson,1.9
59276,Guesnain,9.8
59277,Gussignies,2.9
59278,Hallennes-lez-Haubourdin,8.2
59279,Halluin,9.9
59280,Hamel,12
59281,Hantay,10.1
59282,Hardifort,0
59283,Hargnies,5.3
59284,Hasnon,6.4
59285,Haspres,8.2
59286,Haubourdin,11.4
59287,Haucourt-en-Cambrésis,4.5
59288,Haulchin,8.2
59289,Haussy,6.6
59290,Haut-Lieu,7.9
59291,Hautmont,16.2
59292,Haveluy,9.4
59293,Haverskerque,6.8
59294,Haynecourt,4.2
59295,Hazebrouck,10.2
59296,Hecq,6.3
59297,Hélesmes,7.8
59299,Hem,12
59300,Hem-Lenglet,6.5
59301,Hergnies,9.4
59302,Hérin,11.5
59303,Herlies,12.3
59304,Herrin,5.6
59305,Herzeele,4.1
59306,Hestrud,3.9
59307,Holque,14.3
59308,Hondeghem,6.5
59309,Hondschoote,5.4
59310,Hon-Hergies,10.8
59311,Honnechy,15.7
59312,Honnecourt-sur-Escaut,8.6
59313,Hordain,7.5
59314,Hornaing,9.5
59315,Houdain-lez-Bavay,6.1
59316,Houplin-Ancoisne,9
59317,Houplines,11.5
59318,Houtkerque,7.3
59319,Hoymille,4.4
59320,Illies,7.5
59321,Inchy,9.1
59322,Iwuy,11.7
59323,Jenlain,1.8
59324,Jeumont,14.9
59325,Jolimetz,8
59326,Killem,3.1
59327,Lallaing,13
59328,Lambersart,10.2
59329,Lambres-lez-Douai,8.6
59330,Landas,6.4
59331,Landrecies,11.9
59332,Lannoy,14.8
59333,Larouillies,7.4
59334,Lauwin-Planque,8.6
59335,Lecelles,8.3
59336,Lécluse,9.4
59337,Lederzeele,7.1
59338,Ledringhem,5
59339,Leers,7.7
59340,Leffrinckoucke,9.7
59341,Lesdain,5.6
59342,Lez-Fontaine,0
59343,Lesquin,9.4
59344,Leval,10
59345,Lewarde,10.8
59346,Lezennes,9.7
59347,Liessies,10
59348,Lieu-Saint-Amand,9.8
59349,Ligny-en-Cambrésis,8.3
59350,Lille,8.2
59351,Limont-Fontaine,1.8
59352,Linselles,10.3
59353,Locquignol,5.4
59354,Loffre,6.7
59356,Lompret,6.2
59357,La Longueville,9.8
59358,Looberghe,6.1
59359,Loon-Plage,9.3
59360,Loos,12.7
59361,Lourches,12.5
59363,Louvignies-Quesnoy,9.3
59364,Louvil,7.4
59365,Louvroil,18.9
59366,Lynde,3.5
59367,Lys-lez-Lannoy,11.9
59368,La Madeleine,9.5
59369,Maing,8
59370,Mairieux,6.3
59371,Le Maisnil,3.4
59372,Malincourt,5.8
59374,Marbaix,2.6
59375,Marchiennes,7.8
59377,Marcoing,11.5
59378,Marcq-en-Barœul,9.8
59379,Marcq-en-Ostrevent,4.4
59381,Maresches,8.4
59382,Maretz,7
59383,Marly,10.1
59384,Maroilles,9.3
59385,Marpent,10.6
59386,Marquette-lez-Lille,11.7
59387,Marquette-en-Ostrevant,9.1
59388,Marquillies,4.5
59389,Masnières,8.1
59390,Masny,11.4
59391,Mastaing,5.7
59392,Maubeuge,13.9
59393,Maulde,9.6
59394,Maurois,3.4
59395,Mazinghien,6.5
59396,Mecquignies,7.5
59397,Merckeghem,6.4
59398,Mérignies,4.3
59399,Merris,5.7
59400,Merville,9.2
59401,Méteren,6.5
59402,Millam,4.2
59403,Millonfosse,9.5
59404,Les Moëres,4.7
59405,Mœuvres,7.3
59406,Monceau-Saint-Waast,2.1
59407,Monchaux-sur-Écaillon,4.5
59408,Moncheaux,7
59409,Monchecourt,11.9
59410,Mons-en-Barœul,13
59411,Mons-en-Pévèle,5.6
59412,Montay,20
59413,Montigny-en-Cambrésis,7.8
59414,Montigny-en-Ostrevent,9.5
59415,Montrécourt,13
59416,Morbecque,8.2
59418,Mortagne-du-Nord,14.5
59419,Mouchin,5
59420,Moustier-en-Fagne,20
59421,Mouvaux,8.3
59422,Naves,4.9
59423,Neuf-Berquin,11.7
59424,Neuf-Mesnil,13.2
59425,Neuville-en-Avesnois,8.3
59426,Neuville-en-Ferrain,8.4
59427,La Neuville,4.5
59428,Neuville-Saint-Rémy,10.9
59429,Neuville-sur-Escaut,8.8
59430,Neuvilly,9.5
59431,Nieppe,9.4
59432,Niergnies,9.6
59433,Nieurlet,8.9
59434,Nivelle,7.2
59435,Nomain,6.5
59436,Noordpeene,2.6
59437,Noyelles-lès-Seclin,4.8
59438,Noyelles-sur-Escaut,8
59439,Noyelles-sur-Sambre,3.4
59440,Noyelles-sur-Selle,2.6
59441,Obies,4.3
59442,Obrechies,3.7
59443,Ochtezeele,0
59444,Odomez,14.1
59445,Ohain,8.8
59446,Oisy,11.1
59447,Onnaing,12.4
59448,Oost-Cappel,4.2
59449,Orchies,10.2
59450,Ors,9.1
59451,Orsinval,14.8
59452,Ostricourt,11.1
59453,Oudezeele,6.6
59454,Oxelaëre,7.5
59455,Paillencourt,6
59456,Pecquencourt,11.3
59457,Pérenchies,13.1
59458,Péronne-en-Mélantois,8.7
59459,Petite-Forêt,9.5
59461,Petit-Fayt,7.1
59462,Phalempin,9.6
59463,Pitgam,1.1
59464,Poix-du-Nord,9.9
59465,Pommereuil,10.7
59466,Pont-à-Marcq,9.6
59467,Pont-sur-Sambre,10.4
59468,Potelle,5.4
59469,Pradelles,0
59470,Prémesques,7
59471,Préseau,4.8
59472,Preux-au-Bois,11.9
59473,Preux-au-Sart,7.7
59474,Prisches,7.3
59475,Prouvy,9.1
59476,Proville,9
59477,Provin,11.1
59478,Quaëdypre,8.3
59479,Quarouble,8.4
59480,Quérénaing,7.5
59481,Le Quesnoy,14.7
59482,Quesnoy-sur-Deûle,8.4
59483,Quiévelon,0
59484,Quiévrechain,12.4
59485,Quiévy,9.3
59486,Râches,6.6
59487,Radinghem-en-Weppes,4.1
59488,Raillencourt-Sainte-Olle,7.4
59489,Raimbeaucourt,7
59490,Rainsars,5
59491,Raismes,12.3
59492,Ramillies,10.3
59493,Ramousies,0
59494,Raucourt-au-Bois,16.7
59495,Recquignies,10.2
59496,Rejet-de-Beaulieu,4.8
59497,Renescure,7.7
59498,Reumont,14.3
59499,Rexpoëde,4.4
59500,Ribécourt-la-Tour,5.3
59501,Rieulay,12.5
59502,Rieux-en-Cambrésis,8.9
59503,Robersart,0
59504,Rœulx,9.7
59505,Rombies-et-Marchipont,4.3
59506,Romeries,8.8
59507,Ronchin,11
59508,Roncq,9.7
59509,Roost-Warendin,7.8
59511,Rosult,6.5
59512,Roubaix,16.8
59513,Roucourt,6.8
59514,Rousies,9.3
59515,Rouvignies,0
59516,Rubrouck,8.5
59517,Les Rues-des-Vignes,4.3
59518,Ruesnes,4.5
59519,Rumegies,4.1
59520,Rumilly-en-Cambrésis,9.4
59521,Sailly-lez-Cambrai,10.9
59522,Sailly-lez-Lannoy,7.5
59523,Sainghin-en-Mélantois,6.6
59524,Sainghin-en-Weppes,9.8
59525,Sains-du-Nord,9.3
59526,Saint-Amand-les-Eaux,12.3
59527,Saint-André-lez-Lille,10.9
59528,Saint-Aubert,7.9
59529,Saint-Aubin,5.6
59530,Saint-Aybert,3
59531,Saint-Benin,16.2
59532,Saint-Georges-sur-l'Aa,0
59533,Saint-Hilaire-lez-Cambrai,9.5
59534,Saint-Hilaire-sur-Helpe,3.8
59535,Saint-Jans-Cappel,4.9
59536,Sainte-Marie-Cappel,4.1
59537,Saint-Martin-sur-Écaillon,8.3
59538,Saint-Momelin,8.9
59539,Saint-Pierre-Brouck,6.7
59541,Saint-Python,3.9
59542,Saint-Remy-Chaussée,12.8
59543,Saint-Remy-du-Nord,9.7
59544,Saint-Saulve,11.3
59545,Saint-Souplet,5.7
59546,Saint-Sylvestre-Cappel,4.6
59547,Saint-Vaast-en-Cambrésis,13.1
59548,Saint-Waast,8.3
59549,Salesches,4.5
59550,Salomé,9.3
59551,Saméon,6.5
59552,Sancourt,6.3
59553,Santes,10.2
59554,Sars-et-Rosières,2.2
59555,Sars-Poteries,19
59556,Sassegnies,10
59557,Saultain,11.2
59558,Saulzoir,13.6
59559,Sebourg,7.7
59560,Seclin,11.6
59562,Sémeries,5.6
59563,Semousies,8.3
59564,La Sentinelle,8.4
59565,Sepmeries,5
59566,Sequedin,9.1
59567,Séranvillers-Forenville,14.7
59568,Sercus,5.7
59569,Sin-le-Noble,12.7
59570,Socx,10.6
59571,Solesmes,9.9
59572,Solre-le-Château,12.2
59573,Solrinnes,0
59574,Somain,11.8
59575,Sommaing,2.8
59576,Spycker,4
59577,Staple,7.7
59578,Steenbecque,7.5
59579,Steene,12.1
59580,Steenvoorde,5.3
59581,Steenwerck,7.1
59582,Strazeele,3.5
59583,Taisnières-en-Thiérache,6.3
59584,Taisnières-sur-Hon,6.5
59585,Templemars,9
59586,Templeuve,7.5
59587,Terdeghem,5.7
59588,Téteghem,7
59589,Thiant,9.3
59590,Thiennes,11.9
59591,Thivencelle,15
59592,Thumeries,7
59593,Thun-l'Évêque,6.2
59594,Thun-Saint-Amand,9
59595,Thun-Saint-Martin,7.8
59596,Tilloy-lez-Marchiennes,13.3
59597,Tilloy-lez-Cambrai,5.1
59598,Toufflers,8.8
59599,Tourcoing,14.1
59600,Tourmignies,1.7
59601,Trélon,14.9
59602,Tressin,6.8
59603,Trith-Saint-Léger,11.7
59604,Troisvilles,9
59605,Uxem,8.1
59606,Valenciennes,9.6
59607,Vendegies-au-Bois,12.9
59608,Vendegies-sur-Écaillon,6.6
59609,Vendeville,9.4
59610,Verchain-Maugré,6.3
59611,Verlinghem,5
59612,Vertain,0
59613,Vicq,9.9
59614,Viesly,5.7
59615,Vieux-Berquin,4.4
59616,Vieux-Condé,11.5
59617,Vieux-Mesnil,6.5
59618,Vieux-Reng,5.1
59619,Villereau,5.6
59620,Villers-au-Tertre,6.8
59622,Villers-en-Cauchies,10.1
59623,Villers-Guislain,4.2
59624,Villers-Outréaux,6.1
59625,Villers-Plouich,4.9
59626,Villers-Pol,5.5
59627,Villers-Sire-Nicole,6.8
59628,Volckerinckhove,5.7
59629,Vred,8.4
59630,Wahagnies,9.5
59631,Walincourt-Selvigny,12.9
59632,Wallers,9.5
59633,Wallers-en-Fagne,0
59634,Wallon-Cappel,4.9
59635,Wambaix,0
59636,Wambrechies,8.8
59637,Wandignies-Hamage,5.7
59638,Wannehain,8.2
59639,Wargnies-le-Grand,8.7
59640,Wargnies-le-Petit,6.6
59641,Warhem,2.6
59642,Warlaing,6.4
59643,Warneton,5
59645,Wasnes-au-Bac,5.6
59646,Wasquehal,10.4
59647,Watten,10.3
59648,Wattignies,10.5
59649,Wattignies-la-Victoire,0
59650,Wattrelos,11.9
59651,Wavrechain-sous-Denain,12.7
59652,Wavrechain-sous-Faulx,7.9
59653,Wavrin,11.6
59654,Waziers,12.7
59655,Wemaers-Cappel,9.5
59656,Wervicq-Sud,8.7
59657,West-Cappel,11.8
59658,Wicres,0
59659,Wignehies,12.2
59660,Willems,8.3
59661,Willies,7.8
59662,Winnezeele,5.4
59663,Wormhout,5.1
59664,Wulverdinghe,3.7
59665,Wylder,3.8
59666,Zegerscappel,4.5
59667,Zermezeele,10
59668,Zuydcoote,10.3
59669,Zuytpeene,4.3
59670,Don,11
60001,Abancourt,6.2
60002,Abbecourt,3.3
60003,Abbeville-Saint-Lucien,2.6
60004,Achy,5.3
60005,Acy-en-Multien,3.8
60006,Les Ageux,6.5
60007,Agnetz,7.6
60008,Airion,7.3
60009,Allonne,5.5
60010,Amblainville,4.9
60011,Amy,8.3
60012,Andeville,9.1
60013,Angicourt,4.1
60014,Angivillers,11.1
60015,Angy,6.8
60016,Ansacq,3.7
60017,Ansauvillers,8.6
60018,Anserville,4.5
60019,Antheuil-Portes,5.1
60020,Antilly,9.5
60021,Appilly,4.1
60022,Apremont,5.4
60023,Armancourt,1.9
60024,Arsy,6.3
60025,Attichy,9.8
60026,Auchy-la-Montagne,0
60027,Auger-Saint-Vincent,0
60028,Aumont-en-Halatte,13.5
60029,Auneuil,10.4
60030,Auteuil,1.9
60031,Autheuil-en-Valois,0
60032,Autrêches,2.9
60033,Avilly-Saint-Léonard,5.5
60034,Avrechy,6.6
60035,Avricourt,8.3
60036,Avrigny,6.1
60037,Babœuf,16.7
60038,Bachivillers,2.5
60039,Bacouël,4.3
60040,Bailleul-le-Soc,8.2
60041,Bailleul-sur-Thérain,12.8
60042,Bailleval,7.8
60043,Bailly,4.8
60044,Balagny-sur-Thérain,7.4
60045,Barbery,7.5
60046,Bargny,11.5
60047,Baron,3.8
60048,Baugy,6.9
60049,Bazancourt,7.7
60050,Bazicourt,3.1
60051,Beaudéduit,12.5
60052,Beaugies-sous-Bois,0
60053,Beaulieu-les-Fontaines,10
60054,Beaumont-les-Nonains,5.7
60055,Beaurains-lès-Noyon,10
60056,Beaurepaire,0
60057,Beauvais,13.4
60058,Beauvoir,16
60059,Béhéricourt,4.3
60060,Belle-Église,5.4
60061,Belloy,0
60062,Berlancourt,4.2
60063,Berneuil-en-Bray,6.6
60064,Berneuil-sur-Aisne,4.3
60065,Berthecourt,11.6
60066,Béthancourt-en-Valois,4.2
60067,Béthisy-Saint-Martin,6.5
60068,Béthisy-Saint-Pierre,10.8
60069,Betz,3.6
60070,Bienville,3.2
60071,Biermont,0
60072,Bitry,3.6
60073,Blacourt,1.9
60074,Blaincourt-lès-Précy,7.7
60075,Blancfossé,0
60076,Blargies,6.3
60077,Blicourt,0
60078,Blincourt,8.3
60079,Boissy-Fresnoy,9.5
60080,Boissy-le-Bois,0
60081,Bonlier,5.4
60082,Bonneuil-les-Eaux,5.1
60083,Bonneuil-en-Valois,7.7
60084,Bonnières,6.3
60085,Bonvillers,15.8
60086,Boran-sur-Oise,9.8
60087,Borest,8.8
60088,Bornel,10.4
60089,Boubiers,5
60090,Bouconvillers,5.7
60091,Bouillancy,2.7
60092,Boullarre,5
60093,Boulogne-la-Grasse,0
60094,Boursonne,10.3
60095,Boury-en-Vexin,8.1
60096,Boutavent,10
60097,Boutencourt,0
60098,Bouvresse,11.8
60099,Braisnes-sur-Aronde,0
60100,Brasseuse,0
60101,Brégy,14.5
60102,Brenouille,10.1
60103,Bresles,8
60104,Breteuil,10.2
60105,Brétigny,5.7
60106,Breuil-le-Sec,9.6
60107,Breuil-le-Vert,5.7
60108,Briot,3.7
60109,Brombos,17.4
60110,Broquiers,8
60111,Broyes,31.3
60112,Brunvillers-la-Motte,6.2
60113,Bucamps,21.4
60114,Buicourt,0
60115,Bulles,3.6
60116,Bury,9.7
60117,Bussy,14.8
60118,Caisnes,12.2
60119,Cambronne-lès-Ribécourt,10.4
60120,Cambronne-lès-Clermont,4.9
60121,Campagne,0
60122,Campeaux,7.7
60123,Campremy,11.6
60124,Candor,7.4
60125,Canly,8.9
60126,Cannectancourt,4
60127,Canny-sur-Matz,5.7
60128,Canny-sur-Thérain,15.8
60129,Carlepont,7.9
60130,Catenoy,6.3
60131,Catheux,0
60132,Catigny,0
60133,Catillon-Fumechon,5.7
60134,Cauffry,8.6
60135,Cauvigny,8.9
60136,Cempuis,6.4
60137,Cernoy,5.3
60138,Chamant,5.3
60139,Chambly,9.7
60140,Chambors,2.9
60141,Chantilly,9.2
60142,La Chapelle-en-Serval,10.7
60143,Chaumont-en-Vexin,11.9
60144,Chavençon,6.7
60145,Chelles,5.2
60146,Chepoix,2.6
60147,Chevincourt,7.2
60148,Chèvreville,2.4
60149,Chevrières,9.8
60150,Chiry-Ourscamp,5.8
60151,Choisy-au-Bac,10.6
60152,Choisy-la-Victoire,16
60153,Choqueuse-les-Bénards,12.5
60154,Cinqueux,5.2
60155,Cires-lès-Mello,9.8
60156,Clairoix,5.7
60157,Clermont,13
60158,Coivrel,8
60159,Compiègne,10.7
60160,Conchy-les-Pots,2
60161,Conteville,25
60162,Corbeil-Cerf,3.3
60163,Cormeilles,10
60164,Le Coudray-Saint-Germer,10.2
60165,Le Coudray-sur-Thelle,9.1
60166,Coudun,6.2
60167,Couloisy,9.6
60168,Courcelles-Epayelles,11.1
60169,Courcelles-lès-Gisors,7.4
60170,Courteuil,10.9
60171,Courtieux,5.6
60172,Coye-la-Forêt,8.1
60173,Cramoisy,2.7
60174,Crapeaumesnil,18.8
60175,Creil,14.2
60176,Crépy-en-Valois,10.7
60177,Cressonsacq,12.5
60178,Crèvecœur-le-Grand,10.7
60179,Crèvecœur-le-Petit,0
60180,Crillon,2.4
60181,Crisolles,6.2
60182,Le Crocq,23.5
60183,Croissy-sur-Celle,0
60184,Croutoy,10
60185,Crouy-en-Thelle,9.5
60186,Cuignières,4.8
60187,Cuigy-en-Bray,0
60188,Cuise-la-Motte,7.2
60189,Cuts,4.5
60190,Cuvergnon,13.6
60191,Cuvilly,9.1
60192,Cuy,9.1
60193,Daméraucourt,4.5
60194,Dargies,9.2
60195,Delincourt,3.9
60196,Le Déluge,5.2
60197,Dieudonné,6.8
60198,Dives,8.8
60199,Doméliers,11.8
60200,Domfront,0
60201,Dompierre,4.3
60203,Duvy,10.8
60204,Écuvilly,17.9
60205,Élencourt,16.7
60206,Élincourt-Sainte-Marguerite,3.5
60207,Éméville,0
60208,Énencourt-Léage,0
60209,Énencourt-le-Sec,0
60210,Épineuse,4.2
60211,Éragny-sur-Epte,8.9
60212,Ercuis,14.1
60213,Ermenonville,7.1
60214,Ernemont-Boutavent,5.3
60215,Erquery,3.9
60216,Erquinvillers,0
60217,Escames,0
60218,Esches,5.9
60219,Escles-Saint-Pierre,14.3
60220,Espaubourg,2.3
60221,Esquennoy,5.6
60222,Essuiles,4
60223,Estrées-Saint-Denis,7.2
60224,Étavigny,23.1
60225,Étouy,7.4
60226,Ève,2.7
60227,Évricourt,10.5
60228,Fay-les-Étangs,9.8
60229,Le Fayel,5
60230,Le Fay-Saint-Quentin,6.3
60231,Feigneux,11.9
60232,Ferrières,9.3
60233,Feuquières,11.3
60234,Fitz-James,7.6
60235,Flavacourt,5.9
60236,Flavy-le-Meldeux,0
60237,Fléchy,0
60238,Fleurines,8.3
60239,Fleury,10.6
60240,Fontaine-Bonneleau,3.4
60241,Fontaine-Chaalis,3.7
60242,Fontaine-Lavaganne,11.6
60243,Fontaine-Saint-Lucien,0
60244,Fontenay-Torcy,7.7
60245,Formerie,12.4
60246,Fosseuse,11.6
60247,Fouilleuse,0
60248,Fouilloy,12.5
60249,Foulangues,0
60250,Fouquenies,10.6
60251,Fouquerolles,0
60252,Fournival,2.2
60253,Francastel,0
60254,Francières,6.8
60255,Fréniches,9.1
60256,Fresneaux-Montchevreuil,8.5
60257,Fresne-Léguillon,2.3
60258,Fresnières,0
60259,Fresnoy-en-Thelle,4.8
60260,Fresnoy-la-Rivière,4.3
60261,Fresnoy-le-Luat,4.3
60262,Le Frestoy-Vaux,17.4
60263,Frétoy-le-Château,0
60264,Frocourt,10.4
60265,Froissy,8
60267,Le Gallet,0
60268,Gannes,6.3
60269,Gaudechart,2.9
60270,Genvry,4.5
60271,Gerberoy,0
60272,Gilocourt,12.8
60273,Giraumont,7.5
60274,Glaignes,8.1
60275,Glatigny,10
60276,Godenvillers,0
60277,Goincourt,3.8
60278,Golancourt,5.7
60279,Gondreville,0
60280,Gourchelles,0
60281,Gournay-sur-Aronde,12.9
60282,Gouvieux,7.9
60283,Gouy-les-Groseillers,0
60284,Grandfresnoy,8.9
60285,Grandvillers-aux-Bois,4.3
60286,Grandvilliers,9.9
60287,Grandrû,0
60288,Grémévillers,2.5
60289,Grez,4.6
60290,Guignecourt,2.9
60291,Guiscard,13.8
60292,Gury,15
60293,Hadancourt-le-Haut-Clocher,10.8
60294,Hainvillers,16.7
60295,Halloy,11.1
60296,Hannaches,7.1
60297,Le Hamel,6.3
60298,Hanvoile,13.8
60299,Hardivillers,5.9
60300,Hardivillers-en-Vexin,7.7
60301,Haucourt,7.7
60302,Haudivillers,4.8
60303,Hautbos,0
60304,Haute-Épine,11.5
60305,Hautefontaine,0
60306,Hécourt,0
60307,Heilles,6.7
60308,Hémévillers,10
60309,Hénonville,3.9
60310,Herchies,8.5
60311,La Hérelle,5
60312,Héricourt-sur-Thérain,20
60313,Hermes,6.8
60314,Hétomesnil,3.8
60315,Hodenc-en-Bray,7
60316,Hodenc-l'Évêque,5.6
60317,Hondainville,9
60318,Houdancourt,1.8
60319,La Houssoye,11.4
60320,Ivors,12.5
60321,Ivry-le-Temple,9.1
60322,Jaméricourt,0
60323,Janville,3.8
60324,Jaulzy,8.9
60325,Jaux,4.7
60326,Jonquières,6.3
60327,Jouy-sous-Thelle,3.1
60328,Juvignies,3.7
60329,Laberlière,6.3
60330,Laboissière-en-Thelle,2.8
60331,Labosse,6.1
60332,Labruyère,0
60333,Lachapelle-aux-Pots,8.8
60334,Lachapelle-Saint-Pierre,5.1
60335,Lachapelle-sous-Gerberoy,0
60336,Lachaussée-du-Bois-d'Écu,0
60337,Lachelle,11.1
60338,Lacroix-Saint-Ouen,7.4
60339,Lafraye,12.5
60340,Lagny,10
60341,Lagny-le-Sec,4.9
60342,Laigneville,7.5
60343,Lalande-en-Son,3.4
60344,Lalandelle,5.7
60345,Lamécourt,15.8
60346,Lamorlaye,6.5
60347,Lannoy-Cuillère,0
60348,Larbroye,14.9
60350,Lassigny,5.7
60351,Lataule,0
60352,Lattainville,0
60353,Lavacquerie,11.8
60354,Laverrière,0
60355,Laversines,3.8
60356,Lavilletertre,13.2
60357,Léglantiers,10.2
60358,Lévignen,6.6
60359,Lhéraule,11.1
60360,Liancourt,14.3
60361,Liancourt-Saint-Pierre,5.7
60362,Libermont,4.8
60363,Lierville,0
60364,Lieuvillers,10
60365,Lihus,2.9
60366,Litz,17.2
60367,Loconville,12.9
60368,Longueil-Annel,11.5
60369,Longueil-Sainte-Marie,4.8
60370,Lormaison,11.7
60371,Loueuse,6.7
60372,Luchy,1.9
60373,Machemont,7.3
60374,Maignelay-Montigny,12.4
60375,Maimbeville,3.6
60376,Maisoncelle-Saint-Pierre,0
60377,Maisoncelle-Tuilerie,14.3
60378,Marest-sur-Matz,15.8
60379,Mareuil-la-Motte,4.3
60380,Mareuil-sur-Ourcq,7.3
60381,Margny-aux-Cerises,9.1
60382,Margny-lès-Compiègne,8.9
60383,Margny-sur-Matz,0
60385,Marolles,3.2
60386,Marquéglise,0
60387,Marseille-en-Beauvaisis,11.3
60388,Martincourt,0
60389,Maucourt,0
60390,Maulers,4.6
60391,Maysel,8
60392,Mélicocq,0
60393,Mello,15.8
60394,Ménévillers,0
60395,Méru,12.2
60396,Méry-la-Bataille,3.5
60397,Le Mesnil-Conteville,11.1
60398,Le Mesnil-en-Thelle,6.6
60399,Le Mesnil-Saint-Firmin,0
60400,Le Mesnil-sur-Bulles,0
60401,Le Mesnil-Théribus,7
60402,Le Meux,6.9
60403,Milly-sur-Thérain,6.4
60404,Mogneville,4.7
60405,Moliens,12.1
60406,Monceaux,5.9
60407,Monceaux-l'Abbaye,0
60408,Monchy-Humières,2.9
60409,Monchy-Saint-Éloi,10.3
60410,Mondescourt,3.7
60411,Monneville,0
60412,Montagny-en-Vexin,5.2
60413,Montagny-Sainte-Félicité,8.8
60414,Montataire,14.1
60415,Montépilloy,0
60416,Montgérain,18.7
60418,Montiers,12.8
60420,Montjavoult,2.1
60421,Mont-l'Évêque,7.3
60422,Montlognon,14.3
60423,Montmacq,6.5
60424,Montmartin,5
60425,Montreuil-sur-Brêche,8
60426,Montreuil-sur-Thérain,0
60427,Monts,17.6
60428,Le Mont-Saint-Adrien,6.1
60429,Morangles,0
60430,Morienval,3.2
60431,Morlincourt,8
60432,Mortefontaine,8.6
60433,Mortefontaine-en-Thelle,2.7
60434,Mortemer,11.8
60435,Morvillers,6.8
60436,Mory-Montcrux,10
60437,Mouchy-le-Châtel,12.5
60438,Moulin-sous-Touvent,7.1
60439,Mouy,11.3
60440,Moyenneville,11.1
60441,Moyvillers,3.5
60442,Muidorge,0
60443,Muirancourt,11.8
60444,Mureaumont,13.3
60445,Nampcel,0
60446,Nanteuil-le-Haudouin,8.5
60447,Néry,5.8
60448,Neufchelles,14.4
60449,Neufvy-sur-Aronde,0
60450,Neuilly-en-Thelle,8.7
60451,Neuilly-sous-Clermont,6.5
60452,Neuville-Bosc,6.1
60453,La Neuville-d'Aumont,0
60454,La Neuville-en-Hez,8.3
60455,La Neuville-Garnier,20
60456,La Neuville-Roy,10.6
60457,La Neuville-Saint-Pierre,0
60458,La Neuville-sur-Oudeuil,3.3
60459,La Neuville-sur-Ressons,22.7
60460,La Neuville-Vault,6.7
60461,Nivillers,0
60462,Noailles,8.5
60463,Nogent-sur-Oise,11.3
60464,Nointel,13.2
60465,Noirémont,0
60466,Noroy,5.3
60468,Nourard-le-Franc,11.6
60469,Novillers,3
60470,Noyers-Saint-Martin,12.2
60471,Noyon,13.5
60472,Offoy,18.2
60473,Ognes,12.5
60474,Ognolles,0
60475,Ognon,14.3
60476,Omécourt,5.6
60477,Ons-en-Bray,7.4
60478,Ormoy-le-Davien,4
60479,Ormoy-Villers,6
60480,Oroër,1.9
60481,Orrouy,0
60482,Orry-la-Ville,5.8
60483,Orvillers-Sorel,0
60484,Oudeuil,0
60485,Oursel-Maison,10
60486,Paillart,2.1
60487,Parnes,3.3
60488,Passel,0
60489,Péroy-les-Gombries,4.3
60490,Pierrefitte-en-Beauvaisis,11.1
60491,Pierrefonds,6.6
60492,Pimprez,6.5
60493,Pisseleu,5.6
60494,Plailly,9.2
60495,Plainval,5.1
60496,Plainville,5.9
60497,Le Plessier-sur-Bulles,0
60498,Le Plessier-sur-Saint-Just,13.5
60499,Plessis-de-Roye,4.3
60500,Le Plessis-Belleville,8.1
60501,Le Plessis-Brion,7.9
60502,Le Plessis-Patte-d'Oie,9.1
60503,Le Ployron,25
60504,Ponchon,8.7
60505,Pontarmé,9
60506,Pont-l'Évêque,17.2
60507,Pontoise-lès-Noyon,8.7
60508,Pontpoint,6.8
60509,Pont-Sainte-Maxence,13.2
60510,Porcheux,0
60511,Porquéricourt,9.1
60512,Pouilly,7.1
60513,Précy-sur-Oise,8.6
60514,Prévillers,5.9
60515,Pronleroy,2.9
60516,Puiseux-en-Bray,7.5
60517,Puiseux-le-Hauberger,10.4
60518,Puits-la-Vallée,25
60519,Quesmy,6.3
60520,Le Quesnel-Aubry,5.3
60521,Quincampoix-Fleuzy,5.7
60522,Quinquempoix,13
60523,Rainvillers,5.9
60524,Rantigny,11.7
60525,Raray,13.5
60526,Ravenel,9.8
60527,Réez-Fosse-Martin,7.7
60528,Reilly,7.1
60529,Rémécourt,0
60530,Rémérangles,0
60531,Remy,8.7
60532,Ressons-l'Abbaye,11.1
60533,Ressons-sur-Matz,8.9
60534,Rethondes,7.4
60535,Reuil-sur-Brêche,6.9
60536,Rhuis,10
60537,Ribécourt-Dreslincourt,12.2
60538,Ricquebourg,12.5
60539,Rieux,6.5
60540,Rivecourt,8.6
60541,Roberval,7.5
60542,Rochy-Condé,8.8
60543,Rocquemont,0
60544,Rocquencourt,10.5
60545,Romescamps,12.7
60546,Rosières,0
60547,Rosoy,1.8
60548,Rosoy-en-Multien,9.1
60549,Rotangy,10
60550,Rothois,5.6
60551,Rousseloy,0
60552,Rouville,0
60553,Rouvillers,0
60554,Rouvres-en-Multien,4.9
60555,Rouvroy-les-Merles,0
60556,Royaucourt,15.8
60557,Roy-Boissy,3
60558,Roye-sur-Matz,11.6
60559,La Rue-Saint-Pierre,6.5
60560,Rully,3
60561,Russy-Bémont,5
60562,Sacy-le-Grand,5.1
60563,Sacy-le-Petit,6
60564,Sains-Morainvillers,0
60565,Saint-André-Farivillers,5.1
60566,Saint-Arnoult,10
60567,Saint-Aubin-en-Bray,7.5
60568,Saint-Aubin-sous-Erquery,3.2
60569,Saint-Crépin-aux-Bois,0
60570,Saint-Crépin-Ibouvillers,6.5
60571,Saint-Deniscourt,16.7
60572,Saint-Étienne-Roilaye,0
60573,Sainte-Eusoye,3.6
60574,Saint-Félix,1.9
60575,Sainte-Geneviève,9.3
60576,Saint-Germain-la-Poterie,7.5
60577,Saint-Germer-de-Fly,6.3
60578,Saintines,5.4
60579,Saint-Jean-aux-Bois,2.9
60581,Saint-Just-en-Chaussée,12
60582,Saint-Léger-aux-Bois,2.5
60583,Saint-Léger-en-Bray,9.1
60584,Saint-Leu-d'Esserent,10.9
60585,Saint-Martin-aux-Bois,10
60586,Saint-Martin-le-Nœud,2
60587,Saint-Martin-Longueau,9.7
60588,Saint-Maur,8.3
60589,Saint-Maximin,8
60590,Saint-Omer-en-Chaussée,9.2
60591,Saint-Paul,8.7
60592,Saint-Pierre-es-Champs,10.4
60593,Saint-Pierre-lès-Bitry,7.7
60594,Saint-Quentin-des-Prés,3.4
60595,Saint-Remy-en-l'Eau,7.7
60596,Saint-Samson-la-Poterie,7.4
60597,Saint-Sauveur,4.7
60598,Saint-Sulpice,6.7
60599,Saint-Thibault,10.3
60600,Saint-Vaast-de-Longmont,5.4
60601,Saint-Vaast-lès-Mello,12.5
60602,Saint-Valery,20
60603,Salency,5.9
60604,Sarcus,5.3
60605,Sarnois,3.2
60608,Le Saulchoy,0
60609,Savignies,2.7
60610,Sempigny,4.6
60611,Senantes,0
60612,Senlis,10.7
60613,Senots,0
60614,Serans,4.3
60615,Sérévillers,0
60616,Sérifontaine,11.3
60617,Sermaize,12.5
60618,Séry-Magneval,0
60619,Silly-le-Long,9.8
60620,Silly-Tillard,4.4
60621,Solente,16.7
60622,Sommereux,10.5
60623,Songeons,6
60624,Sully,5.9
60625,Suzoy,1.9
60626,Talmontiers,14.5
60627,Tartigny,9.6
60628,Therdonne,5.1
60629,Thérines,0
60630,Thibivillers,0
60631,Thiers-sur-Thève,8.4
60632,Thiescourt,7
60633,Thieuloy-Saint-Antoine,12.1
60634,Thieux,10.3
60635,Thiverny,11.7
60636,Thourotte,11.6
60637,Thury-en-Valois,6.8
60638,Thury-sous-Clermont,1.6
60639,Tillé,4
60640,Tourly,6.7
60641,Tracy-le-Mont,4.8
60642,Tracy-le-Val,5
60643,Tricot,12.4
60644,Trie-Château,5.3
60645,Trie-la-Ville,3
60646,Troissereux,11.3
60647,Trosly-Breuil,11.7
60648,Troussencourt,9.7
60649,Troussures,5.9
60650,Trumilly,8.9
60651,Ully-Saint-Georges,8.9
60652,Valdampierre,5.8
60653,Valescourt,3.6
60654,Vandélicourt,0
60655,Varesnes,7.9
60656,Varinfroy,4.5
60657,Vauchelles,11.1
60658,Vauciennes,7.7
60659,Vaudancourt,5.9
60660,Le Vaumain,0
60661,Vaumoise,1.2
60662,Le Vauroux,6.1
60663,Velennes,8.7
60664,Vendeuil-Caply,13.2
60665,Venette,10.4
60666,Ver-sur-Launette,4.2
60667,Verberie,10.9
60668,Verderel-lès-Sauqueuse,6.8
60669,Verderonne,6.7
60670,Verneuil-en-Halatte,5.7
60671,Versigny,8.6
60672,Vez,7.1
60673,Viefvillers,0
60674,Vieux-Moulin,6.9
60675,Vignemont,2.4
60676,Ville,6.7
60677,Villembray,8.7
60678,Villeneuve-les-Sablons,9
60679,La Villeneuve-sous-Thury,12.5
60680,Villeneuve-sur-Verberie,10
60681,Villers-Saint-Barthélemy,8.2
60682,Villers-Saint-Frambourg,5.1
60683,Villers-Saint-Genest,2.9
60684,Villers-Saint-Paul,10.9
60685,Villers-Saint-Sépulcre,5.6
60686,Villers-sous-Saint-Leu,4.5
60687,Villers-sur-Auchy,5.9
60688,Villers-sur-Bonnières,7.1
60689,Villers-sur-Coudun,4.5
60690,Villers-sur-Trie,6.7
60691,Villers-Vermont,7.7
60692,Villers-Vicomte,7.1
60693,Villeselve,6.1
60694,Villotran,3.8
60695,Vineuil-Saint-Firmin,9.6
60697,Vrocourt,0
60698,Wacquemoulin,0
60699,Wambez,0
60700,Warluis,6.1
60701,Wavignies,8.2
60702,Welles-Pérennes,9.1
60703,Aux Marais,6.8
62001,Ablain-Saint-Nazaire,6.8
62002,Ablainzevelle,0
62003,Acheville,4.1
62004,Achicourt,13
62005,Achiet-le-Grand,5.1
62006,Achiet-le-Petit,0
62007,Acq,1.5
62008,Acquin-Westbécourt,11.9
62009,Adinfer,0
62010,Affringues,5
62011,Agnez-lès-Duisans,7.8
62012,Agnières,8.7
62013,Agny,7.7
62014,Aire-sur-la-Lys,9.8
62015,Airon-Notre-Dame,0
62016,Airon-Saint-Vaast,6.7
62017,Aix-en-Ergny,7.1
62018,Aix-en-Issart,8
62019,Aix-Noulette,12.4
62020,Alembon,6.7
62021,Alette,5.9
62022,Alincthun,9.1
62023,Allouagne,5
62024,Alquines,6
62025,Ambleteuse,10.9
62026,Ambricourt,0
62027,Ambrines,9.5
62028,Ames,4.8
62029,Amettes,8.9
62030,Amplier,8.3
62031,Andres,7.1
62032,Angres,11.4
62033,Annay,12.4
62034,Annequin,11.4
62035,Annezin,7.8
62036,Anvin,11.2
62037,Anzin-Saint-Aubin,6.2
62038,Ardres,10.8
62039,Arleux-en-Gohelle,6.2
62040,Arques,11.5
62041,Arras,11.3
62042,Athies,8.3
62043,Les Attaques,4.8
62044,Attin,4.6
62045,Aubigny-en-Artois,10.5
62046,Aubin-Saint-Vaast,10.5
62047,Aubrometz,0
62048,Auchel,13.5
62049,Auchy-au-Bois,13.5
62050,Auchy-lès-Hesdin,11.6
62051,Auchy-les-Mines,11.2
62052,Audembert,5.4
62053,Audincthun,9.7
62054,Audinghen,6.5
62055,Audrehem,6.7
62056,Audresselles,9.7
62057,Audruicq,11
62058,Aumerval,10.5
62059,Autingues,14.3
62060,Auxi-le-Château,11.3
62061,Averdoingt,3.8
62062,Avesnes,0
62063,Avesnes-le-Comte,13.5
62064,Avesnes-lès-Bapaume,0
62065,Avion,13
62066,Avondance,33.3
62067,Avroult,4.2
62068,Ayette,5.9
62069,Azincourt,13.8
62070,Bailleul-aux-Cornailles,4.2
62071,Bailleul-lès-Pernes,3.1
62072,Bailleulmont,4.2
62073,Bailleul-Sir-Berthoult,6.7
62074,Bailleulval,16.7
62075,Baincthun,8.2
62076,Bainghen,0
62077,Bajus,3.2
62078,Balinghem,6.7
62079,Bancourt,0
62080,Bapaume,10.7
62081,Baralle,9.8
62082,Barastre,11.1
62083,Barlin,12.3
62084,Barly,4.5
62085,Basseux,0
62086,Bavincourt,8.8
62087,Bayenghem-lès-Éperlecques,4.3
62088,Bayenghem-lès-Seninghem,0
62089,Bazinghen,0
62090,Béalencourt,7.7
62091,Beaudricourt,0
62092,Beaufort-Blavincourt,6.8
62093,Beaulencourt,11.5
62094,Beaumerie-Saint-Martin,5.4
62095,Beaumetz-lès-Aire,4.3
62096,Beaumetz-lès-Cambrai,5.5
62097,Beaumetz-lès-Loges,15.3
62099,Beaurains,8.7
62100,Beaurainville,9.2
62101,Beauvois,20
62102,Bécourt,5
62103,Béhagnies,8.3
62104,Bellebrune,4
62105,Belle-et-Houllefort,6.7
62106,Bellonne,0
62107,Bénifontaine,5.6
62108,Berck,10.5
62109,Bergueneuse,13
62111,Berlencourt-le-Cauroy,10
62112,Berles-au-Bois,7.4
62113,Berles-Monchel,2.3
62114,Bermicourt,0
62115,Berneville,4
62116,Bernieulles,0
62117,Bertincourt,7.5
62118,Béthonsart,13.3
62119,Béthune,11.4
62120,Beugin,8.3
62121,Beugnâtre,0
62122,Beugny,3.4
62123,Beussent,7.3
62124,Beutin,21.4
62125,Beuvrequen,10.8
62126,Beuvry,9.3
62127,Bezinghem,0
62128,Biache-Saint-Vaast,8.4
62129,Biefvillers-lès-Bapaume,0
62130,Bienvillers-au-Bois,7.7
62131,Bihucourt,19.4
62132,Billy-Berclau,7.6
62133,Billy-Montigny,12.1
62134,Bimont,0
62135,Blairville,3.3
62137,Blangerval-Blangermont,0
62138,Blangy-sur-Ternoise,9.7
62139,Blendecques,10.9
62140,Bléquin,7.7
62141,Blessy,3.7
62142,Blingel,0
62143,Boffles,0
62144,Boiry-Becquerelle,7.7
62145,Boiry-Notre-Dame,6.5
62146,Boiry-Saint-Martin,3.6
62147,Boiry-Sainte-Rictrude,0
62148,Bois-Bernard,5.4
62149,Boisdinghem,0
62150,Boisjean,2
62151,Boisleux-au-Mont,10.9
62152,Boisleux-Saint-Marc,0
62153,Bomy,2
62154,Bonnières,6.2
62155,Bonningues-lès-Ardres,10
62156,Bonningues-lès-Calais,9.1
62157,Boubers-lès-Hesmond,14.3
62158,Boubers-sur-Canche,9.7
62160,Boulogne-sur-Mer,14.8
62161,Bouquehault,5.7
62162,Bourecq,7.4
62163,Bouret-sur-Canche,20
62164,Bourlon,5
62165,Bournonville,4.5
62166,Bours,7.1
62167,Boursin,13.6
62168,Bourthes,10.7
62169,Bouvelinghem,11.1
62170,Bouvigny-Boyeffles,8.1
62171,Boyaval,16.7
62172,Boyelles,3.6
62173,Brebières,8.9
62174,Brêmes,7.6
62175,Brévillers,0
62176,Bréxent-Énocq,4.9
62177,Brimeux,7.1
62178,Bruay-la-Buissière,11.7
62179,Brunembert,0
62180,Brias,0
62181,Bucquoy,9.7
62182,Buire-au-Bois,4.2
62183,Buire-le-Sec,14.9
62184,Buissy,8.3
62185,Bullecourt,4
62186,Bully-les-Mines,11.4
62187,Buneville,0
62188,Burbure,8
62189,Bus,10
62190,Busnes,3.2
62191,Caffiers,13.4
62192,Cagnicourt,17.1
62193,Calais,12.7
62194,Calonne-Ricouart,10.2
62195,Calonne-sur-la-Lys,7.4
62196,La Calotterie,3.2
62197,Camblain-Châtelain,8
62198,Cambligneul,3
62199,Camblain-l'Abbé,6.2
62200,Cambrin,7.4
62201,Camiers,7.6
62202,Campagne-lès-Boulonnais,1.9
62203,Campagne-lès-Guines,14.3
62204,Campagne-lès-Hesdin,6.1
62205,Campagne-lès-Wardrecques,1.9
62206,Campigneulles-les-Grandes,13.3
62207,Campigneulles-les-Petites,3.6
62208,Canettemont,0
62209,Canlers,5.9
62210,Canteleux,100
62211,Capelle-Fermont,0
62212,Capelle-lès-Hesdin,11.9
62213,Carency,6.9
62214,Carly,10.2
62215,Carvin,11.8
62216,La Cauchie,11.1
62217,Cauchy-à-la-Tour,10
62218,Caucourt,9.7
62219,Caumont,5.3
62220,Cavron-Saint-Martin,2.2
62221,Chelers,4
62222,Chériennes,5.9
62223,Chérisy,0
62224,Chocques,9.1
62225,Clairmarais,0
62226,Clarques,4.3
62227,Clenleu,0
62228,Clerques,0
62229,Cléty,3.1
62230,Colembert,5.7
62231,Colline-Beaumont,7.1
62232,La Comté,2.4
62233,Conchil-le-Temple,11.2
62234,Conchy-sur-Canche,12.5
62235,Condette,5.2
62236,Contes,2.8
62237,Conteville-lès-Boulogne,2.7
62238,Conteville-en-Ternois,12.5
62239,Coquelles,5.6
62240,Corbehem,6.7
62241,Cormont,0
62242,Couin,10
62243,Coullemont,0
62244,Coulogne,8.9
62245,Coulomby,6.8
62246,Coupelle-Neuve,5.9
62247,Coupelle-Vieille,7.3
62248,Courcelles-le-Comte,4.5
62249,Courcelles-lès-Lens,10.2
62250,Courrières,10.9
62251,Courset,2.4
62252,La Couture,6.4
62253,Couturelle,11.1
62254,Coyecques,8.6
62255,Crémarest,10.1
62256,Crépy,6.3
62257,Créquy,10.2
62258,Croisette,6.9
62259,Croisilles,3.3
62260,Croix-en-Ternois,7.1
62261,Cucq,7.1
62262,Cuinchy,4.3
62263,Dainville,8.7
62264,Dannes,10.5
62265,Delettes,2.8
62266,Denier,0
62267,Dennebrœucq,5.6
62268,Desvres,10.2
62269,Diéval,4
62270,Divion,10.5
62271,Dohem,6.8
62272,Douchy-lès-Ayette,9.4
62273,Doudeauville,4.3
62274,Dourges,11
62275,Douriez,3.9
62276,Douvrin,8.2
62277,Drocourt,6.9
62278,Drouvin-le-Marais,9.8
62279,Duisans,9.3
62280,Dury,9.1
62281,Echinghen,6.2
62282,Éclimeux,5.9
62283,Écoivres,10
62284,Écourt-Saint-Quentin,9.7
62285,Écoust-Saint-Mein,6.4
62286,Ecquedecques,10.2
62288,Ecques,8.3
62289,Écuires,2.6
62290,Écurie,10.8
62291,Éleu-dit-Leauwette,12.6
62292,Elnes,5.7
62293,Embry,12.5
62294,Enguinegatte,6.8
62295,Enquin-les-Mines,6.7
62296,Enquin-sur-Baillons,8.7
62297,Éperlecques,9
62298,Épinoy,2
62299,Eps,16
62300,Équihen-Plage,9.1
62301,Équirre,0
62302,Ergny,9.1
62303,Érin,5.3
62304,Erny-Saint-Julien,9.4
62306,Ervillers,13.8
62307,Escalles,0
62308,Escœuilles,2.5
62309,Esquerdes,9.8
62310,Essars,7.6
62311,Estevelles,8.2
62312,Estrée,0
62313,Estrée-Blanche,6.7
62314,Estrée-Cauchy,14.3
62315,Estréelles,3.1
62316,Estrée-Wamin,5.3
62317,Étaing,9.5
62318,Étaples,9.5
62319,Éterpigny,0
62320,Étrun,5.9
62321,Évin-Malmaison,7.8
62322,Famechon,0
62323,Fampoux,5.4
62324,Farbus,10.9
62325,Fauquembergues,9.8
62326,Favreuil,4.8
62327,Febvin-Palfart,5.5
62328,Ferfay,8.9
62329,Ferques,6.3
62330,Festubert,5.9
62331,Feuchy,5.4
62332,Ficheux,2
62333,Fiefs,8.3
62334,Fiennes,3.6
62335,Fillièvres,7.3
62336,Fléchin,4.2
62337,Flers,5.9
62338,Fleurbaix,5.5
62339,Fleury,0
62340,Floringhem,6.2
62341,Foncquevillers,14.3
62342,Fontaine-lès-Boulans,11.1
62343,Fontaine-lès-Croisilles,4.8
62344,Fontaine-lès-Hermans,9.1
62345,Fontaine-l'Étalon,8.3
62346,Fortel-en-Artois,0
62347,Fosseux,0
62348,Foufflin-Ricametz,0
62349,Fouquereuil,7.4
62350,Fouquières-lès-Béthune,8.2
62351,Fouquières-lès-Lens,10.7
62352,Framecourt,10
62353,Frémicourt,11.1
62354,Frencq,8.1
62355,Fresnes-lès-Montauban,12.8
62356,Fresnicourt-le-Dolmen,9.8
62357,Fresnoy,0
62358,Fresnoy-en-Gohelle,4
62359,Fressin,11.5
62360,Fréthun,6.9
62361,Frévent,13.2
62362,Frévillers,4.8
62363,Frévin-Capelle,5.3
62364,Fruges,11.5
62365,Galametz,9.5
62366,Gauchin-Légal,12.5
62367,Gauchin-Verloingt,7.7
62368,Gaudiempré,10.5
62369,Gavrelle,7.5
62370,Gennes-Ivergny,0
62371,Givenchy-en-Gohelle,8.5
62372,Givenchy-le-Noble,6.7
62373,Givenchy-lès-la-Bassée,10.5
62374,Gomiécourt,13.3
62375,Gommecourt,9.1
62376,Gonnehem,6.8
62377,Gosnay,9.3
62378,Gouves,0
62379,Gouy-en-Artois,2.7
62380,Gouy-Servins,2.9
62381,Gouy-en-Ternois,11.8
62382,Gouy-Saint-André,12
62383,Gouy-sous-Bellonne,7.5
62384,Graincourt-lès-Havrincourt,4.6
62385,Grand-Rullecourt,0
62386,Grenay,11.4
62387,Grévillers,8.3
62388,Grigny,9.4
62389,Grincourt-lès-Pas,0
62390,Groffliers,7.5
62391,Guarbecque,9.2
62392,Guémappe,11.4
62393,Guemps,1.1
62395,Guigny,0
62396,Guinecourt,0
62397,Guînes,9.8
62398,Guisy,4.5
62399,Habarcq,6
62400,Haillicourt,12.3
62401,Haisnes,8
62402,Halinghen,8
62403,Hallines,8
62404,Halloy,5.9
62405,Hamblain-les-Prés,10.6
62406,Hamelincourt,8.3
62407,Ham-en-Artois,6.2
62408,Hames-Boucres,7.7
62409,Hannescamps,5.6
62410,Haplincourt,5.3
62411,Haravesnes,0
62412,Hardinghen,5.6
62413,Harnes,10.1
62414,Haucourt,0
62415,Haute-Avesnes,12.2
62416,Hautecloque,0
62418,Hauteville,4.2
62419,Haut-Loquin,14.3
62421,Havrincourt,0
62422,Hébuterne,9.8
62423,Helfaut,5.2
62424,Hendecourt-lès-Cagnicourt,0
62425,Hendecourt-lès-Ransart,0
62426,Héninel,10
62427,Hénin-Beaumont,11.4
62428,Hénin-sur-Cojeul,17.4
62429,Henneveux,0
62430,Hénu,14.3
62431,Herbelles,6.1
62432,Herbinghen,0
62433,Héricourt,0
62434,La Herlière,6.7
62435,Herlincourt,10
62436,Herlin-le-Sec,0
62437,Herly,2.7
62438,Hermaville,4
62439,Hermelinghen,3
62440,Hermies,8.1
62441,Hermin,10
62442,Hernicourt,6.3
62443,Hersin-Coupigny,10.7
62444,Hervelinghen,5.3
62445,Hesdigneul-lès-Béthune,11.4
62446,Hesdigneul-lès-Boulogne,9.7
62447,Hesdin,10.7
62448,Hesdin-l'Abbé,2.9
62449,Hesmond,17.6
62450,Hestrus,0
62451,Heuchin,7
62452,Heuringhem,8.7
62453,Hézecques,10
62454,Hinges,9
62455,Hocquinghen,0
62456,Houchin,7.4
62457,Houdain,10.7
62458,Houlle,7.7
62459,Houvin-Houvigneul,8
62460,Hubersent,4
62461,Huby-Saint-Leu,6.3
62462,Huclier,12.5
62463,Hucqueliers,3.9
62464,Hulluch,7.6
62465,Humbercamps,12
62466,Humbert,13.6
62467,Humerœuille,18.7
62468,Humières,11.1
62469,Inchy-en-Artois,8.3
62470,Incourt,0
62471,Inghem,8.1
62472,Inxent,5.3
62473,Isbergues,9
62474,Isques,4.5
62475,Ivergny,4.3
62476,Izel-lès-Équerchin,5.4
62477,Izel-lès-Hameau,4.5
62478,Journy,0
62479,Labeuvrière,11.5
62480,Labourse,7.8
62481,Labroye,0
62483,Lacres,18.2
62484,Lagnicourt-Marcel,6.5
62485,Laires,9.1
62486,Lambres,7.7
62487,Landrethun-le-Nord,7.5
62488,Landrethun-lès-Ardres,1.5
62489,Lapugnoy,6.7
62490,Lattre-Saint-Quentin,0
62491,Laventie,7.4
62492,Lebiez,4.2
62493,Lebucquière,3.8
62494,Léchelle,0
62495,Ledinghem,11.1
62496,Lefaux,5.6
62497,Leforest,9.2
62498,Lens,12.3
62499,Lépine,0
62500,Lespesses,4.9
62501,Lespinoy,4.8
62502,Lestrem,5.8
62503,Leubringhen,7.1
62504,Leulinghem,0
62505,Leulinghen-Bernes,2.8
62506,Licques,5.9
62507,Liencourt,11.5
62508,Lières,8.8
62509,Liettres,8
62510,Liévin,13
62511,Lignereuil,16.7
62512,Ligny-lès-Aire,7.1
62513,Ligny-sur-Canche,0
62514,Ligny-Saint-Flochel,4
62515,Ligny-Thilloy,1.8
62516,Lillers,11
62517,Linghem,14.3
62518,Linzeux,0
62519,Lisbourg,8.3
62520,Locon,3.5
62521,La Loge,15
62522,Loison-sur-Créquoise,7.7
62523,Loison-sous-Lens,12
62524,Longfossé,8
62525,Longuenesse,12.6
62526,Longueville,10
62527,Longvilliers,12.5
62528,Loos-en-Gohelle,10.9
62529,Lorgies,5
62530,Lottinghen,4.1
62531,Louches,7
62532,Lozinghem,7
62533,Lugy,9.1
62534,Lumbres,11.6
62535,La Madelaine-sous-Montreuil,0
62536,Magnicourt-en-Comte,6.3
62537,Magnicourt-sur-Canche,10
62538,Maintenay,4.7
62539,Maisnil,12.5
62540,Maisnil-lès-Ruitz,10.4
62541,Maisoncelle,0
62542,Maizières,5.9
62543,Mametz,6
62544,Manin,5.6
62545,Maninghem,15.4
62546,Maninghen-Henne,3.3
62547,Marant,22.2
62548,Marck,8.6
62549,Marconne,5.6
62550,Marconnelle,13.1
62551,Marenla,3.8
62552,Maresquel-Ecquemicourt,12.7
62553,Marest,7.1
62554,Maresville,0
62555,Marles-les-Mines,10.1
62556,Marles-sur-Canche,3.4
62557,Marœuil,4.3
62558,Marquay,6.3
62559,Marquion,15.8
62560,Marquise,11.3
62561,Martinpuich,15
62562,Matringhem,11.1
62563,Mazingarbe,9
62564,Mazinghem,2.5
62565,Mencas,14.7
62566,Menneville,4
62567,Mentque-Nortbécourt,4.1
62568,Mercatel,0
62569,Merck-Saint-Liévin,3.1
62570,Méricourt,12.2
62571,Merlimont,7.3
62572,Metz-en-Couture,9.8
62573,Meurchin,10.4
62574,Mingoval,4.8
62576,Moncheaux-lès-Frévent,7.7
62577,Monchel-sur-Canche,0
62578,Monchiet,0
62579,Monchy-au-Bois,4.2
62580,Monchy-Breton,5
62581,Monchy-Cayeux,3.2
62582,Monchy-le-Preux,6.3
62583,Mondicourt,11.9
62584,Mont-Bernanchon,3.9
62585,Montcavrel,3.2
62586,Montenescourt,11.1
62587,Montigny-en-Gohelle,11.2
62588,Montreuil,11.5
62589,Mont-Saint-Éloi,2.4
62590,Monts-en-Ternois,0
62591,Morchies,15.8
62592,Moringhem,2.2
62593,Morval,0
62594,Mory,9.1
62595,Moulle,7.3
62596,Mouriez,4.3
62597,Moyenneville,13
62598,Muncq-Nieurlet,4.8
62599,Nabringhen,0
62600,Nédon,6.3
62601,Nédonchel,7.1
62602,Nempont-Saint-Firmin,0
62603,Nesles,7.6
62604,Neufchâtel-Hardelot,10
62605,Neulette,0
62606,Neuve-Chapelle,5.9
62607,Neuville-au-Cornet,14.3
62608,Neuville-Bourjonval,0
62609,Neuville-Saint-Vaast,4.8
62610,Neuville-sous-Montreuil,6.9
62611,Neuville-Vitasse,6.3
62612,Neuvireuil,0
62613,Nielles-lès-Bléquin,4.3
62614,Nielles-lès-Ardres,5.3
62615,Nielles-lès-Calais,0
62616,Nœux-lès-Auxi,12.5
62617,Nœux-les-Mines,10.3
62618,Nordausques,4.2
62619,Noreuil,0
62620,Norrent-Fontes,9
62621,Nortkerque,8.1
62622,Nort-Leulinghem,5.3
62623,Nouvelle-Église,8.3
62624,Noyelles-Godault,10.8
62625,Noyelles-lès-Humières,0
62626,Noyelles-lès-Vermelles,7.7
62627,Noyelles-sous-Bellonne,4.3
62628,Noyelles-sous-Lens,10.6
62629,Noyellette,0
62630,Noyelle-Vion,7.7
62631,Nuncq-Hautecôte,5.3
62632,Oblinghem,17.4
62633,Œuf-en-Ternois,4
62634,Offekerque,5.2
62635,Offin,5.9
62636,Offrethun,0
62637,Oignies,11.2
62638,Oisy-le-Verger,4.1
62639,Oppy,10.8
62640,Orville,2.8
62641,Ostreville,12.5
62642,Ourton,4.1
62643,Outreau,10.4
62644,Ouve-Wirquin,10
62645,Oye-Plage,7.1
62646,Palluel,3.6
62647,Le Parcq,14.3
62648,Parenty,6.5
62649,Pas-en-Artois,7
62650,Pelves,11.1
62651,Penin,9.5
62652,Pernes,10.8
62653,Pernes-lès-Boulogne,8.5
62654,Peuplingues,7.4
62655,Pierremont,10.3
62656,Pihem,4.5
62657,Pihen-lès-Guînes,4.5
62658,Pittefaux,0
62659,Planques,9.1
62660,Plouvain,8.3
62661,Bouin-Plumoison,0
62662,Polincove,1.4
62663,Pommera,6.7
62664,Pommier,5
62665,Le Ponchel,10.5
62666,Pont-à-Vendin,8.5
62667,Le Portel,15.1
62668,Prédefin,0
62669,Pressy,0
62670,Preures,2.1
62671,Pronville,9.4
62672,Puisieux,14.3
62673,Quéant,3.5
62674,Quelmes,0
62675,Quercamps,8
62676,Quernes,6.8
62677,Le Quesnoy-en-Artois,5.6
62678,Quesques,3.5
62679,Questrecques,6.5
62680,Quiéry-la-Motte,2.8
62681,Quiestède,11.1
62682,Quilen,0
62683,Quœux-Haut-Maînil,0
62684,Racquinghem,8.7
62685,Radinghem,8.7
62686,Ramecourt,0
62688,Rang-du-Fliers,7.8
62689,Ransart,7.9
62690,Raye-sur-Authie,8.3
62691,Rebecques,0
62692,Rebergues,4.5
62693,Rebreuve-Ranchicourt,8
62694,Rebreuve-sur-Canche,0
62695,Rebreuviette,7.7
62696,Reclinghem,0
62697,Récourt,4.8
62698,Recques-sur-Course,3.4
62699,Recques-sur-Hem,3.6
62700,Regnauville,11.8
62701,Rely,5.6
62702,Remilly-Wirquin,2.9
62703,Rémy,0
62704,Renty,13.8
62705,Rety,9
62706,Richebourg,7.8
62708,Riencourt-lès-Bapaume,0
62709,Riencourt-lès-Cagnicourt,0
62710,Rimboval,0
62711,Rinxent,9.1
62712,Rivière,3.4
62713,Robecq,12.4
62714,Roclincourt,2.5
62715,Rocquigny,3.4
62716,Rodelinghem,2
62717,Roëllecourt,7.3
62718,Rœux,6.2
62719,Rollancourt,4.5
62720,Rombly,25
62721,Roquetoire,3.4
62722,Rougefay,12.5
62723,Roussent,0
62724,Rouvroy,10.1
62725,Royon,0
62726,Ruisseauville,10.5
62727,Ruitz,6
62728,Rumaucourt,3.9
62729,Rumilly,4.2
62730,Ruminghem,9.6
62731,Ruyaulcourt,2.9
62732,Sachin,3.6
62733,Sailly-au-Bois,10.7
62734,Sailly-en-Ostrevent,7.4
62735,Sailly-Labourse,11.2
62736,Sailly-sur-la-Lys,7
62737,Sains-en-Gohelle,9.6
62738,Sains-lès-Fressin,13.3
62739,Sains-lès-Marquion,9.1
62740,Sains-lès-Pernes,0
62741,Saint-Amand,0
62742,Saint-Aubin,21.7
62743,Sainte-Austreberthe,9.1
62744,Sainte-Catherine,7.7
62745,Saint-Denœux,13.3
62746,Saint-Étienne-au-Mont,8.5
62747,Saint-Floris,0
62748,Saint-Folquin,4.3
62749,Saint-Georges,6.1
62750,Saint-Hilaire-Cottes,9
62751,Saint-Inglevert,1.6
62752,Saint-Josse,5.5
62753,Saint-Laurent-Blangy,11.5
62754,Saint-Léger,8.3
62755,Saint-Léonard,7.2
62756,Sainte-Marie-Kerque,3.6
62757,Saint-Martin-au-Laërt,9.8
62758,Saint-Martin-Boulogne,8.9
62759,Saint-Martin-Choquel,5
62760,Saint-Martin-d'Hardinghem,3.1
62761,Saint-Martin-sur-Cojeul,0
62762,Saint-Michel-sous-Bois,0
62763,Saint-Michel-sur-Ternoise,9.4
62764,Saint-Nicolas,11.6
62765,Saint-Omer,11.6
62766,Saint-Omer-Capelle,6.6
62767,Saint-Pol-sur-Ternoise,12
62768,Saint-Rémy-au-Bois,11.1
62769,Saint-Tricat,6.7
62770,Saint-Venant,8
62771,Sallaumines,12.9
62772,Salperwick,6.7
62773,Samer,10.1
62774,Sangatte,10
62775,Sanghen,23.1
62776,Sapignies,6.7
62777,Le Sars,0
62778,Sars-le-Bois,0
62779,Sarton,5.6
62780,Sauchy-Cauchy,8.3
62781,Sauchy-Lestrée,2.1
62782,Saudemont,4.5
62783,Saulchoy,10
62784,Saulty,10
62785,Savy-Berlette,8.3
62786,Selles,3.3
62787,Sempy,13.6
62788,Seninghem,4
62789,Senlecques,21.7
62790,Senlis,11.1
62791,Séricourt,0
62792,Serques,2.7
62793,Servins,4.6
62794,Setques,6.5
62795,Sibiville,9.1
62796,Simencourt,2.2
62797,Siracourt,13
62798,Sombrin,8.3
62799,Sorrus,11.9
62800,Souastre,5.9
62801,Souchez,8.5
62802,Le Souich,17.6
62803,Surques,11.3
62804,Sus-Saint-Léger,3
62805,Tangry,4.2
62806,Tardinghen,6.2
62807,Tatinghem,6
62808,Teneur,11.1
62809,Ternas,7.7
62810,Thélus,7.9
62811,Thérouanne,5.1
62812,Thiembronne,3.9
62813,La Thieuloye,6.7
62814,Thièvres,10
62815,Tigny-Noyelle,0
62816,Tilloy-lès-Hermaville,5.3
62817,Tilloy-lès-Mofflaines,10.2
62818,Tilly-Capelle,7.1
62819,Tilques,8.9
62820,Tincques,11.9
62821,Tingry,3.6
62822,Tollent,11.1
62823,Torcy,0
62824,Tortefontaine,3.8
62825,Tortequesne,11.4
62826,Le Touquet-Paris-Plage,6.4
62827,Tournehem-sur-la-Hem,16.5
62828,Tramecourt,0
62829,Le Transloy,14.3
62830,Trescault,0
62831,Troisvaux,0
62832,Tubersent,2.1
62833,Vacquerie-le-Boucq,0
62834,Vacqueriette-Erquières,0
62835,Valhuon,8.9
62836,Vaudricourt,2.2
62837,Vaudringhem,2.7
62838,Vaulx,14.3
62839,Vaulx-Vraucourt,7.4
62840,Vélu,6.7
62841,Vendin-lès-Béthune,7.7
62842,Vendin-le-Vieil,9
62843,Verchin,0
62844,Verchocq,8.2
62845,Verlincthun,5.7
62846,Vermelles,8.9
62847,Verquigneul,11.2
62848,Verquin,7.5
62849,Verton,8.8
62850,Vieil-Hesdin,2.5
62851,Vieille-Chapelle,7.4
62852,Vieille-Église,5.8
62853,Vieil-Moutier,3.3
62854,Villers-au-Bois,12.5
62855,Villers-au-Flos,4.5
62856,Villers-Brûlin,17.2
62857,Villers-Châtel,0
62858,Villers-lès-Cagnicourt,15.8
62859,Villers-l'Hôpital,3.7
62860,Villers-Sir-Simon,15.4
62861,Vimy,7.6
62862,Vincly,6.2
62863,Violaines,9
62864,Vis-en-Artois,5.7
62865,Vitry-en-Artois,5.8
62866,Waben,4.8
62867,Wacquinghen,0
62868,Wail,8.6
62869,Wailly,4.7
62870,Wailly-Beaucamp,7.9
62871,Wambercourt,4.2
62872,Wamin,0
62873,Wancourt,6.7
62874,Wanquetin,7.2
62875,Wardrecques,2.9
62876,Warlencourt-Eaucourt,0
62877,Warlincourt-lès-Pas,10.5
62878,Warlus,5.1
62879,Warluzel,5.9
62880,Le Wast,0
62881,Beauvoir-Wavans,7
62882,Wavrans-sur-l'Aa,3
62883,Wavrans-sur-Ternoise,0
62885,Westrehem,4.8
62886,Wicquinghem,4.3
62887,Widehem,5.3
62888,Wierre-au-Bois,8.7
62889,Wierre-Effroy,2.7
62890,Willeman,10
62891,Willencourt,0
62892,Willerval,4.8
62893,Wimereux,9.4
62894,Wimille,9.6
62895,Wingles,9.5
62896,Wirwignes,12.1
62897,Wismes,6
62898,Wisques,13.3
62899,Wissant,9.9
62900,Witternesse,10.9
62901,Wittes,6.3
62902,Wizernes,9.5
62903,Zoteux,8.3
62904,Zouafques,10.3
62905,Zudausques,9.5
62906,Zutkerque,8
62907,Libercourt,13.3
62908,La Capelle-lès-Boulogne,9
62909,Ytres,10
80001,Abbeville,12.2
80002,Ablaincourt-Pressoir,20.8
80003,Acheux-en-Amiénois,7.5
80004,Acheux-en-Vimeu,5.6
80005,Agenville,0
80006,Agenvillers,10
80008,Aigneville,7.8
80009,Ailly-le-Haut-Clocher,9.1
80010,Ailly-sur-Noye,8.5
80011,Ailly-sur-Somme,8.5
80013,Airaines,12.6
80014,Aizecourt-le-Bas,0
80015,Aizecourt-le-Haut,22.2
80016,Albert,11.8
80017,Allaines,2.3
80018,Allenay,11.1
80019,Allery,3.7
80020,Allonville,7
80021,Amiens,11.6
80022,Andainville,8.7
80023,Andechy,5
80024,Argœuves,6.8
80025,Argoules,11.5
80026,Arguel,0
80027,Armancourt,0
80028,Arquèves,26.7
80029,Arrest,11.2
80030,Arry,5.3
80031,Arvillers,10.3
80032,Assainvillers,9.1
80033,Assevillers,6.9
80034,Athies,3.3
80035,Aubercourt,16.7
80036,Aubigny,8.3
80037,Aubvillers,7.7
80038,Auchonvillers,8.3
80039,Ault,11.2
80040,Aumâtre,15
80041,Aumont,7.7
80042,Autheux,0
80043,Authie,9.5
80044,Authieule,6.3
80045,Authuille,11.8
80046,Avelesges,0
80047,Aveluy,2.3
80048,Avesnes-Chaussoy,0
80049,Ayencourt,5.3
80050,Bacouel-sur-Selle,7
80051,Bailleul,0
80052,Baizieux,5.6
80053,Balâtre,12.5
80054,Barleux,13.6
80055,Barly,5.6
80056,Bavelincourt,9.1
80057,Bayencourt,0
80058,Bayonvillers,2.9
80059,Bazentin,14.3
80060,Béalcourt,0
80061,Beaucamps-le-Jeune,13.6
80062,Beaucamps-le-Vieux,6.8
80063,Beauchamps,3.7
80064,Beaucourt-en-Santerre,6.3
80065,Beaucourt-sur-l'Ancre,14.3
80066,Beaucourt-sur-l'Hallue,7.7
80067,Beaufort-en-Santerre,0
80068,Beaumetz,0
80069,Beaumont-Hamel,10.5
80070,Beauquesne,7.7
80071,Beauval,9.5
80073,Bécordel-Bécourt,0
80074,Becquigny,0
80076,Béhen,6.1
80077,Béhencourt,9.1
80078,Bellancourt,3.8
80079,Belleuse,3
80080,Belloy-en-Santerre,12.5
80081,Belloy-Saint-Léonard,11.1
80082,Belloy-sur-Somme,10
80083,Bergicourt,6.3
80084,Bermesnil,8.7
80085,Bernâtre,0
80086,Bernaville,3.7
80087,Bernay-en-Ponthieu,8.7
80088,Bernes,9.4
80089,Berneuil,8
80090,Berny-en-Santerre,8.3
80092,Bertangles,7.9
80093,Berteaucourt-les-Dames,9.3
80094,Berteaucourt-lès-Thennes,4.5
80095,Bertrancourt,10.5
80096,Béthencourt-sur-Mer,7.9
80097,Béthencourt-sur-Somme,0
80098,Bettembos,10
80099,Bettencourt-Rivière,4.8
80100,Bettencourt-Saint-Ouen,3.8
80101,Beuvraignes,4.7
80102,Biaches,4.8
80103,Biarre,0
80104,Biencourt,0
80105,Billancourt,7.1
80106,Blangy-sous-Poix,5.3
80107,Blangy-Tronville,7.5
80108,Boisbergues,25
80109,Le Boisle,7
80110,Boismont,11.3
80112,Bonnay,4.8
80113,Bonneville,6.1
80114,Bosquel,6.9
80115,Bouchavesnes-Bergen,3.2
80116,Bouchoir,3.8
80117,Bouchon,20
80118,Boufflers,0
80119,Bougainville,4.4
80120,Bouillancourt-en-Séry,1.8
80121,Bouillancourt-la-Bataille,21.4
80122,Bouquemaison,8
80123,Bourdon,11.1
80124,Bourseville,6.1
80125,Boussicourt,14.3
80126,Bouttencourt,3.8
80127,Bouvaincourt-sur-Bresle,7.6
80128,Bouvincourt-en-Vermandois,0
80129,Bouzincourt,4.5
80130,Bovelles,5.9
80131,Boves,7.9
80132,Braches,0
80133,Brailly-Cornehotte,8.3
80134,Brassy,0
80135,Bray-lès-Mareuil,10.5
80136,Bray-sur-Somme,10.1
80137,Breilly,2.3
80138,Bresle,22.2
80139,Breuil,0
80140,Brévillers,11.1
80141,Brie,8.3
80142,Briquemesnil-Floxicourt,5.6
80143,Brocourt,28.6
80144,Brouchy,4.4
80145,Brucamps,0
80146,Brutelles,0
80147,Buigny-l'Abbé,3
80148,Buigny-lès-Gamaches,11.5
80149,Buigny-Saint-Maclou,11.3
80150,Buire-Courcelles,4.3
80151,Buire-sur-l'Ancre,3
80152,Bus-la-Mésière,0
80153,Bus-lès-Artois,0
80154,Bussu,5.6
80155,Bussus-Bussuel,0
80156,Bussy-lès-Daours,5.9
80157,Bussy-lès-Poix,0
80158,Buverchy,0
80159,Cachy,8.7
80160,Cagny,2.5
80161,Cahon,0
80162,Caix,1.8
80163,Cambron,6.5
80164,Camon,11
80165,Camps-en-Amiénois,11.1
80166,Canaples,6.7
80167,Canchy,15.6
80168,Candas,4
80169,Cannessières,10
80170,Cantigny,9.1
80171,Caours,4.8
80172,Cappy,8.6
80173,Cardonnette,4.3
80174,Le Cardonnois,16.7
80175,Carnoy,0
80176,Carrépuis,7.4
80177,Cartigny,7.1
80179,Caulières,5.9
80180,Cavillon,0
80181,Cayeux-en-Santerre,16.7
80182,Cayeux-sur-Mer,8.8
80183,Cerisy-Buleux,3.8
80184,Cerisy,9.1
80185,Champien,11.5
80186,Chaulnes,14.1
80187,La Chaussée-Tirancourt,4.4
80188,Chaussoy-Epagny,10.9
80189,La Chavatte,0
80190,Chépy,10.3
80191,Chilly,6.7
80192,Chipilly,6.7
80193,Chirmont,0
80194,Chuignes,7.1
80195,Chuignolles,17.6
80196,Citerne,3.8
80197,Cizancourt,0
80198,Clairy-Saulchoix,12.6
80199,Cléry-sur-Somme,11.4
80200,Cocquerel,4.8
80201,Coigneux,0
80202,Coisy,7.1
80203,Colincamps,0
80204,Combles,10.1
80205,Condé-Folie,7.6
80206,Contalmaison,18.2
80207,Contay,2.9
80208,Conteville,4.8
80209,Contoire,11.4
80210,Contre,8.3
80211,Conty,7.2
80212,Corbie,13
80213,Cottenchy,0
80214,Coullemelle,0
80215,Coulonvillers,0
80216,Courcelette,6.3
80217,Courcelles-au-Bois,0
80218,Courcelles-sous-Moyencourt,15.4
80219,Courcelles-sous-Thoix,0
80220,Courtemanche,9.1
80221,Cramont,6.9
80222,Crécy-en-Ponthieu,5.8
80223,Crémery,0
80224,Cressy-Omencourt,7.7
80225,Creuse,0
80226,Croix-Moligneaux,3.3
80227,Croixrault,12.1
80228,Le Crotoy,8.4
80229,Crouy-Saint-Pierre,9.1
80230,Curchy,0
80231,Curlu,0
80232,Damery,12.5
80233,Dancourt-Popincourt,7.1
80234,Daours,8
80235,Dargnies,13.3
80236,Davenescourt,5.8
80237,Démuin,16
80238,Dernancourt,2.1
80239,Devise,0
80240,Doingt,7.1
80241,Domart-en-Ponthieu,11.6
80242,Domart-sur-la-Luce,2.3
80243,Domesmont,0
80244,Dominois,0
80245,Domléger-Longvillers,6.9
80246,Dommartin,16.2
80247,Dompierre-Becquincourt,5.8
80248,Dompierre-sur-Authie,4.7
80249,Domqueur,6.9
80250,Domvast,8.3
80251,Doudelainville,0
80252,Douilly,4.2
80253,Doullens,14.3
80256,Dreuil-lès-Amiens,9
80258,Driencourt,0
80259,Dromesnil,16.7
80260,Drucat,4.6
80261,Dury,7.6
80262,Eaucourt-sur-Somme,7.5
80263,L'Échelle-Saint-Aurin,20
80264,Éclusier-Vaux,18.2
80265,Embreville,5.1
80266,Englebelmer,0
80267,Ennemain,4.5
80268,Épagne-Épagnette,3.4
80269,Épaumesnil,0
80270,Épécamps,0
80271,Épehy,5.3
80272,Épénancourt,7.7
80273,Éplessier,5.6
80274,Eppeville,11.3
80275,Équancourt,12.9
80276,Équennes-Éramecourt,3.7
80278,Erches,17.6
80279,Ercheu,7.1
80280,Ercourt,0
80281,Ergnies,12.5
80282,Érondelle,4.3
80283,Esclainvillers,0
80284,Esmery-Hallon,1.6
80285,Essertaux,15
80287,Estrébœuf,4
80288,Estrées-Deniécourt,10
80290,Estrées-lès-Crécy,10.3
80291,Estrées-sur-Noye,3.6
80292,Étalon,0
80293,Ételfay,2.6
80294,Éterpigny,14.3
80295,Étinehem,2.8
80296,L'Étoile,10
80297,Étréjust,0
80298,Étricourt-Manancourt,7.2
80299,La Faloise,8.7
80300,Falvy,0
80301,Famechon,0
80302,Faverolles,8.3
80303,Favières,5.1
80304,Fay,0
80305,Ferrières,2.1
80306,Fescamps,7.1
80307,Feuillères,0
80308,Feuquières-en-Vimeu,7.5
80310,Fienvillers,8.1
80311,Fignières,6.7
80312,Fins,0
80313,Flaucourt,10
80314,Flers,5.3
80315,Flers-sur-Noye,5.3
80316,Flesselles,7
80317,Fleury,0
80318,Flixecourt,10.8
80319,Fluy,6.1
80320,Folies,28.6
80321,Folleville,0
80322,Fonches-Fonchette,0
80324,Fontaine-le-Sec,0
80325,Fontaine-lès-Cappy,25
80326,Fontaine-sous-Montdidier,0
80327,Fontaine-sur-Maye,6.7
80328,Fontaine-sur-Somme,1.7
80329,Forceville,17.6
80330,Forceville-en-Vimeu,3.8
80331,Forest-l'Abbaye,6.5
80332,Forest-Montiers,12.1
80333,Fort-Mahon-Plage,7.5
80334,Fossemanant,16.7
80335,Foucaucourt-en-Santerre,0
80336,Foucaucourt-Hors-Nesle,14.3
80337,Fouencamps,4.5
80338,Fouilloy,6.6
80339,Fouquescourt,0
80340,Fourcigny,0
80341,Fourdrinoy,3.3
80342,Framerville-Rainecourt,7
80343,Framicourt,0
80344,Francières,0
80345,Franleu,5.8
80346,Franqueville,0
80347,Fransart,7.1
80348,Fransu,0
80349,Fransures,7.7
80350,Franvillers,2
80351,Fréchencourt,4
80352,Frémontiers,21.4
80353,Fresnes-Mazancourt,0
80354,Fresnes-Tilloloy,0
80355,Fresneville,0
80356,Fresnoy-Andainville,0
80357,Fresnoy-au-Val,4
80358,Fresnoy-en-Chaussée,0
80359,Fresnoy-lès-Roye,3.6
80360,Fressenneville,6.8
80361,Frettecuisse,0
80362,Frettemeule,13.8
80364,Friaucourt,6.3
80365,Fricamps,0
80366,Fricourt,2
80367,Frise,10
80368,Friville-Escarbotin,9.7
80369,Frohen-sur-Authie,0
80371,Froyelles,10
80372,Frucourt,10
80373,Gamaches,10.8
80374,Gapennes,7.7
80375,Gauville,6.9
80376,Gentelles,7.4
80377,Gézaincourt,5.3
80378,Ginchy,0
80379,Glisy,5.8
80380,Gorenflos,4.3
80381,Gorges,0
80383,Goyencourt,0
80384,Grandcourt,0
80385,Grand-Laviers,0
80386,Gratibus,6.3
80387,Grattepanche,3.4
80388,Grébault-Mesnil,5.3
80389,Grécourt,0
80390,Grivesnes,2.8
80391,Grivillers,14.3
80392,Grouches-Luchuel,7
80393,Gruny,13.3
80395,Guerbigny,13
80396,Gueschart,2.9
80397,Gueudecourt,9.1
80399,Guignemicourt,4.2
80400,Guillaucourt,2.7
80401,Guillemont,0
80402,Guizancourt,7.7
80403,Guyencourt-sur-Noye,5.3
80404,Guyencourt-Saulcourt,0
80405,Hailles,7.1
80406,Hallencourt,5.5
80407,Hallivillers,0
80408,Halloy-lès-Pernois,2.9
80409,Hallu,7.7
80410,Ham,12.7
80411,Le Hamel,10
80412,Hamelet,5.3
80413,Hancourt,22.2
80414,Hangard,0
80415,Hangest-en-Santerre,9.9
80416,Hangest-sur-Somme,11.1
80417,Harbonnières,11.1
80418,Hardecourt-aux-Bois,0
80419,Hargicourt,7.7
80420,Harponville,0
80421,Hattencourt,4
80422,Hautvillers-Ouville,11.1
80423,Havernas,10
80424,Hébécourt,4.1
80425,Hédauville,0
80426,Heilly,11.1
80427,Hem-Hardinval,6.3
80428,Hem-Monacu,0
80429,Hénencourt,0
80430,Herbécourt,5.6
80431,Hérissart,3.8
80432,Herleville,11.8
80433,Herly,0
80434,Hervilly,12.5
80435,Hesbécourt,0
80436,Hescamps,7.4
80437,Heucourt-Croquoison,0
80438,Heudicourt,5.7
80439,Heuzecourt,5.9
80440,Hiermont,20
80442,Hombleux,5.7
80443,Hornoy-le-Bourg,4.8
80444,Huchenneville,6.6
80445,Humbercourt,7.4
80446,Huppy,5.3
80447,Hyencourt-le-Grand,14.3
80449,Ignaucourt,0
80450,Inval-Boiron,11.1
80451,Irles,0
80452,Jumel,11.1
80453,Laboissière-en-Santerre,18.8
80455,Lachapelle,0
80456,Lafresguimont-Saint-Martin,2
80458,Lahoussoye,2.9
80459,Laleu,0
80460,Lamaronde,0
80461,Lamotte-Brebière,4.8
80462,Lamotte-Buleux,2.9
80463,Lamotte-Warfusée,3
80464,Lanchères,6.3
80465,Languevoisin-Quiquery,0
80466,Lanches-Saint-Hilaire,7.7
80467,Laucourt,5.9
80468,Laviéville,0
80469,Lawarde-Mauger-l'Hortoy,7.2
80470,Léalvillers,5.6
80472,Lesbœufs,0
80473,Liancourt-Fosse,7.4
80474,Licourt,13.2
80475,Liéramont,10.1
80476,Liercourt,14.3
80477,Ligescourt,4.2
80478,Lignières,20
80479,Lignières-Châtelain,8.6
80480,Lignières-en-Vimeu,0
80481,Lihons,7.7
80482,Limeux,6.7
80484,Liomer,13.3
80485,Lœuilly,4.4
80486,Long,4.3
80487,Longavesnes,0
80488,Longpré-les-Corps-Saints,7.6
80489,Longueau,12.5
80490,Longueval,6.9
80491,Longuevillette,16.7
80493,Louvencourt,7.4
80494,Louvrechy,0
80495,Lucheux,4.7
80496,Machiel,10.5
80497,Machy,0
80498,Mailly-Maillet,14.3
80499,Mailly-Raineval,10
80500,Maisnières,3.8
80501,Maison-Ponthieu,3.7
80502,Maison-Roland,0
80503,Maizicourt,6.3
80504,Malpart,25
80505,Mametz,6.2
80507,Marcelcave,8.5
80508,Marché-Allouarde,16.7
80509,Marchélepot,11.4
80511,Marestmontiers,0
80512,Mareuil-Caubert,12.9
80513,Maricourt,0
80514,Marieux,0
80515,Marlers,0
80516,Marquaix,0
80517,Marquivillers,5.9
80518,Martainneville,4.8
80519,Matigny,5.5
80520,Maucourt,6.7
80521,Maurepas,10.5
80522,Le Mazis,0
80523,Méaulte,5.4
80524,Méharicourt,8.8
80525,Meigneux,0
80526,Le Meillard,8.5
80527,Méneslies,0
80528,Méréaucourt,0
80529,Mérélessart,16.7
80530,Méricourt-l'Abbé,10.5
80531,Méricourt-en-Vimeu,9.1
80532,Méricourt-sur-Somme,6.3
80533,Mers-les-Bains,9
80535,Le Mesge,0
80536,Mesnil-Bruntel,9.4
80537,Mesnil-Domqueur,12.5
80538,Mesnil-en-Arrouaise,7.1
80540,Mesnil-Martinsart,0
80541,Mesnil-Saint-Georges,0
80542,Mesnil-Saint-Nicaise,15.8
80543,Métigny,10
80544,Mézerolles,6.2
80545,Mézières-en-Santerre,15.4
80546,Miannay,5.2
80547,Millencourt,9.1
80548,Millencourt-en-Ponthieu,2.8
80549,Miraumont,2.9
80550,Mirvaux,0
80551,Misery,10
80552,Moislains,7.5
80553,Molliens-au-Bois,9.4
80554,Molliens-Dreuil,2.3
80555,Monchy-Lagache,1.9
80556,Mons-Boubert,7.1
80557,Estrées-Mons,6.6
80558,Monsures,9.1
80559,Montagne-Fayel,0
80560,Montauban-de-Picardie,9.1
80561,Montdidier,11.3
80562,Montigny-sur-l'Hallue,5
80563,Montigny-les-Jongleurs,0
80565,Montonvillers,0
80566,Fieffes-Montrelet,0
80568,Morchain,3.3
80569,Morcourt,3.4
80570,Moreuil,10.8
80571,Morisel,16.1
80572,Morlancourt,7.9
80573,Morvillers-Saint-Saturnin,9.8
80574,Mouflers,12.5
80575,Mouflières,0
80576,Moyencourt,4
80577,Moyencourt-lès-Poix,20
80578,Moyenneville,7.5
80579,Muille-Villette,4.8
80580,Nampont,3.7
80582,Namps-Maisnil,6.1
80583,Nampty,3.8
80584,Naours,4.7
80585,Nesle,10.1
80586,Nesle-l'Hôpital,0
80587,Neslette,0
80588,Neufmoulin,2.8
80589,Neuilly-le-Dien,10
80590,Neuilly-l'Hôpital,6.5
80591,Neuville-au-Bois,0
80592,Neuville-Coppegueule,3.5
80593,La Neuville-lès-Bray,3.3
80594,Neuville-lès-Lœuilly,11.1
80595,La Neuville-Sire-Bernard,0
80596,Neuvillette,0
80597,Nibas,4.8
80598,Nouvion,8.1
80599,Noyelles-en-Chaussée,3.7
80600,Noyelles-sur-Mer,10.8
80601,Nurlu,0
80602,Occoches,0
80603,Ochancourt,3.3
80604,Offignies,0
80605,Offoy,4.3
80606,Oisemont,6.7
80607,Oissy,11.1
80608,Omiécourt,0
80609,Oneux,6.7
80611,Oresmaux,6
80613,Oust-Marest,8.2
80614,Outrebois,17.4
80615,Ovillers-la-Boisselle,4.9
80616,Pargny,0
80617,Parvillers-le-Quesnoy,4.5
80618,Pendé,7.8
80619,Pernois,2.9
80620,Péronne,11.2
80621,Pertain,10.8
80622,Picquigny,5.3
80623,Piennes-Onvillers,11.8
80624,Pierregot,4
80625,Pierrepont-sur-Avre,8.5
80626,Pissy,4.2
80627,Plachy-Buyon,4.3
80628,Le Plessier-Rozainvillers,7.4
80629,Pœuilly,0
80630,Poix-de-Picardie,10
80631,Ponches-Estruval,0
80632,Pont-de-Metz,7.5
80633,Ponthoile,9
80634,Pont-Noyelles,7.4
80635,Pont-Remy,7.7
80637,Port-le-Grand,14.3
80638,Potte,20
80639,Poulainville,8.9
80640,Pozières,0
80642,Prouville,12.9
80643,Prouzel,4.3
80644,Proyart,8.1
80645,Puchevillers,6
80646,Punchy,22.2
80647,Puzeaux,5.6
80648,Pys,0
80649,Quend,5.3
80650,Querrieu,4.8
80651,Le Quesne,0
80652,Le Quesnel,6.8
80654,Quesnoy-le-Montant,4.2
80655,Quesnoy-sur-Airaines,13.6
80656,Quevauvillers,6.3
80657,Quiry-le-Sec,9.7
80658,Quivières,8.6
80659,Raincheval,4.6
80661,Rainneville,2.5
80662,Ramburelles,0
80663,Rambures,5
80664,Rancourt,11.1
80665,Regnière-Écluse,7.7
80666,Remaisnil,0
80667,Remaugies,0
80668,Remiencourt,18.7
80669,Rethonvillers,3
80670,Revelles,11.3
80671,Ribeaucourt,5.9
80672,Ribemont-sur-Ancre,5
80673,Riencourt,10
80674,Rivery,6.4
80675,Rogy,8.3
80676,Roiglise,5.9
80677,Roisel,14.2
80678,Rollot,7.1
80679,Ronssoy,11.7
80680,Rosières-en-Santerre,10.4
80681,Rouvrel,14.8
80682,Rouvroy-en-Santerre,4.8
80683,Rouy-le-Grand,18.2
80684,Rouy-le-Petit,36.4
80685,Roye,11.8
80686,Rubempré,7
80687,Rubescourt,18.2
80688,Rue,9.5
80690,Rumigny,5.4
80691,Saigneville,0
80692,Sailly-Flibeaucourt,8.3
80693,Sailly-Laurette,0
80694,Sailly-le-Sec,5.9
80695,Sailly-Saillisel,8.2
80696,Sains-en-Amiénois,12.4
80697,Saint-Acheul,0
80698,Saint-Aubin-Montenoy,5.3
80699,Saint-Aubin-Rivière,0
80700,Saint-Blimont,9.1
80701,Saint-Christ-Briost,2.9
80702,Saint-Fuscien,7.2
80703,Saint-Germain-sur-Bresle,4.5
80704,Saint-Gratien,3.4
80705,Saint-Léger-lès-Authie,0
80706,Saint-Léger-lès-Domart,9.1
80707,Saint-Léger-sur-Bresle,0
80708,Saint-Mard,22.2
80709,Saint-Maulvis,3.8
80710,Saint-Maxent,3.3
80711,Saint-Ouen,12.2
80713,Saint-Quentin-en-Tourmont,0
80714,Saint-Quentin-la-Motte-Croix-au-Bailly,5.2
80716,Saint-Riquier,6.8
80717,Saint-Sauflieu,6.1
80718,Saint-Sauveur,7.9
80719,Sainte-Segrée,0
80721,Saint-Valery-sur-Somme,8.9
80722,Saint-Vaast-en-Chaussée,8.2
80723,Saisseval,0
80724,Saleux,7.7
80725,Salouël,7.2
80726,Sancourt,3.6
80728,Saulchoy-sous-Poix,0
80729,Sauvillers-Mongival,0
80730,Saveuse,11.6
80732,Senarpont,9
80733,Senlis-le-Sec,3.7
80734,Sentelie,10
80735,Seux,5.9
80736,Sorel-en-Vimeu,9.5
80737,Sorel,5.6
80738,Soues,15.4
80740,Sourdon,14.3
80741,Soyécourt,0
80742,Surcamps,25
80743,Suzanne,4.8
80744,Tailly,0
80746,Talmas,3.8
80747,Templeux-la-Fosse,16.7
80748,Templeux-le-Guérard,15
80749,Terramesnil,0
80750,Tertry,6.2
80751,Thennes,11.4
80752,Thézy-Glimont,8.2
80753,Thiepval,0
80754,Thieulloy-l'Abbaye,5.9
80755,Thieulloy-la-Ville,0
80756,Thièvres,0
80757,Thoix,0
80758,Thory,6.7
80759,Tilloloy,13.8
80760,Tilloy-Floriville,2.7
80761,Tilloy-lès-Conty,7.7
80762,Tincourt-Boucly,8.3
80763,Le Titre,10.8
80764,Tœufles,0
80765,Tours-en-Vimeu,9.4
80766,Toutencourt,4.9
80767,Le Translay,8.7
80769,Treux,0
80770,Tully,11.3
80771,Ugny-l'Équipée,0
80773,Vadencourt,0
80774,Vaire-sous-Corbie,3.4
80775,Valines,7.4
80776,Varennes,0
80777,Vauchelles-lès-Authie,0
80778,Vauchelles-lès-Domart,23.1
80779,Vauchelles-les-Quesnoy,9.5
80780,Vaudricourt,6.8
80781,Vauvillers,5
80782,Vaux-en-Amiénois,2.4
80783,Vaux-Marquenneville,11.1
80784,Vaux-sur-Somme,3.4
80785,Vecquemont,4.9
80786,Velennes,13.3
80787,Vercourt,0
80788,Vergies,15.4
80789,Vermandovillers,0
80790,Verpillières,0
80791,Vers-sur-Selles,9.3
80792,La Vicogne,8.7
80793,Vignacourt,6.8
80794,Villecourt,14.3
80795,Ville-le-Marclet,5.1
80796,Villeroy,0
80797,Villers-aux-Érables,10
80798,Villers-Bocage,7.1
80799,Villers-Bretonneux,8.8
80800,Villers-Campsart,15.4
80801,Villers-Carbonnel,6.3
80802,Villers-Faucon,10.6
80803,Villers-lès-Roye,3.8
80804,Villers-sous-Ailly,10.5
80805,Villers-Tournelle,7.1
80806,Villers-sur-Authie,8.8
80807,Ville-sur-Ancre,3.8
80808,Vironchaux,7.9
80809,Vismes,0
80810,Vitz-sur-Authie,7.7
80811,Voyennes,7.5
80812,Vraignes-en-Vermandois,0
80813,Vraignes-lès-Hornoy,0
80814,Vrély,8.6
80815,Vron,4.9
80819,Wargnies,0
80820,Warloy-Baillon,5.6
80821,Warlus,19.2
80822,Warsy,0
80823,Warvillers,0
80824,Wiencourt-l'Équipée,11.5
80825,Wiry-au-Mont,0
80826,Woignarue,9.4
80827,Woincourt,8.3
80828,Woirel,0
80829,Y,22.2
80830,Yaucourt-Bussus,0
80832,Yvrench,0
80833,Yvrencheux,14.3
80834,Yzengremer,7
80835,Yzeux,3.8
80836,Yonval,13
